test_date,variant,window,DD,dow,is_event,event_type,avg_diff,avg_diff_other,avg_diff_vs_other,win_rate,payout_rate,hit@10,hit@20,hit@50,lift@10,lift@20,lift@50,n_machines_scored,n_actual_machines,split_period,a_seg_hist_coverage,a_seg_fallback_count
2025-10-06,v6a_hit_an,90,6,0,False,non_event,230.0,165.96385542168676,64.03614457831324,40.0,99.09629568097871,1.0,2.0,5.0,1.4280000000000002,1.4280000000000002,1.428,714,714,front,100.0,0
2025-10-06,v8_dynamic,90,6,0,False,non_event,400.0,153.16265060240963,246.83734939759037,44.0,101.38103064188796,1.0,2.0,6.0,1.4280000000000002,1.4280000000000002,1.7136,714,714,front,100.0,0
2025-10-07,v6a_hit_an,90,7,1,True,event,-266.0,210.84337349397592,-476.84337349397595,38.0,98.38886682239321,1.0,2.0,2.0,1.4280000000000002,1.4280000000000002,0.5712,714,714,front,100.0,0
2025-10-07,v8_dynamic,90,7,1,True,event,-74.0,196.3855421686747,-270.3855421686747,38.0,98.76464389266162,1.0,3.0,3.0,1.4280000000000002,2.1420000000000003,0.8568,714,714,front,100.0,0
2025-10-08,v6a_hit_an,90,8,2,False,non_event,116.0,136.44578313253012,-20.445783132530124,34.0,101.69895420715953,2.0,2.0,5.0,2.8560000000000003,1.4280000000000002,1.428,714,714,front,100.0,0
2025-10-08,v8_dynamic,90,8,2,False,non_event,120.0,136.14457831325302,-16.14457831325302,38.0,103.4892928537682,2.0,2.0,4.0,2.8560000000000003,1.4280000000000002,1.1424,714,714,front,100.0,0
2025-10-09,v6a_hit_an,90,9,3,False,non_event,426.0,194.4277108433735,231.5722891566265,44.0,99.0769196827508,1.0,1.0,5.0,1.4280000000000002,0.7140000000000001,1.428,714,714,front,100.0,0
2025-10-09,v8_dynamic,90,9,3,False,non_event,700.0,173.79518072289156,526.2048192771084,46.0,101.90181984003908,2.0,2.0,6.0,2.8560000000000003,1.4280000000000002,1.7136,714,714,front,100.0,0
2025-10-10,v6a_hit_an,90,10,4,False,non_event,182.0,206.32530120481928,-24.325301204819283,44.0,101.08504493058294,0.0,0.0,1.0,0.0,0.0,0.2856,714,714,front,100.0,0
2025-10-10,v8_dynamic,90,10,4,False,non_event,110.0,211.74698795180723,-101.74698795180723,40.0,99.62756099139848,0.0,0.0,1.0,0.0,0.0,0.2856,714,714,front,100.0,0
2025-10-11,v6a_hit_an,90,11,5,True,event,-222.0,-183.8855421686747,-38.114457831325296,46.0,97.13203145769823,0.0,2.0,6.0,0.0,1.4280000000000002,1.7136,714,714,front,100.0,0
2025-10-11,v8_dynamic,90,11,5,True,event,-394.0,-170.93373493975903,-223.06626506024097,44.0,96.12633173546415,0.0,2.0,5.0,0.0,1.4280000000000002,1.428,714,714,front,100.0,0
2025-10-13,v6a_hit_an,90,13,0,False,non_event,100.0,358.43373493975906,-258.43373493975906,44.0,101.37823076631938,0.0,0.0,4.0,0.0,0.0,1.1424,714,714,front,100.0,0
2025-10-13,v8_dynamic,90,13,0,False,non_event,130.0,356.17469879518075,-226.17469879518075,42.0,101.51204088185037,0.0,0.0,4.0,0.0,0.0,1.1424,714,714,front,100.0,0
2025-10-14,v6a_hit_an,90,14,1,False,non_event,174.0,244.4277108433735,-70.42771084337349,38.0,100.27222512561508,0.0,0.0,2.0,0.0,0.0,0.5712,714,714,front,100.0,0
2025-10-14,v8_dynamic,90,14,1,False,non_event,174.0,244.4277108433735,-70.42771084337349,38.0,100.2722251256151,0.0,0.0,2.0,0.0,0.0,0.5712,714,714,front,100.0,0
2025-10-15,v6a_hit_an,90,15,2,False,non_event,-102.0,109.78915662650603,-211.78915662650604,32.0,98.39300960529624,0.0,0.0,4.0,0.0,0.0,1.1424,714,714,front,100.0,0
2025-10-15,v8_dynamic,90,15,2,False,non_event,-126.0,111.59638554216868,-237.59638554216866,34.0,98.35337086710668,0.0,0.0,4.0,0.0,0.0,1.1424,714,714,front,100.0,0
2025-10-16,v6a_hit_an,90,16,3,False,non_event,758.0,140.210843373494,617.789156626506,42.0,102.45699967093218,0.0,1.0,7.0,0.0,0.7140000000000001,1.9992,714,714,front,100.0,0
2025-10-16,v8_dynamic,90,16,3,False,non_event,806.0,136.59638554216866,669.4036144578313,46.0,102.93141572101398,0.0,0.0,6.0,0.0,0.0,1.7136,714,714,front,100.0,0
2025-10-17,v6a_hit_an,90,17,4,True,event,298.0,87.04819277108433,210.95180722891567,42.0,101.22524630174901,1.0,1.0,4.0,1.4280000000000002,0.7140000000000001,1.1424,714,714,front,100.0,0
2025-10-17,v8_dynamic,90,17,4,True,event,510.0,71.08433734939759,438.9156626506024,44.0,102.49118460958414,1.0,1.0,6.0,1.4280000000000002,0.7140000000000001,1.7136,714,714,front,100.0,0
2025-10-18,v6a_hit_an,90,18,5,False,non_event,-20.0,-13.403614457831326,-6.596385542168674,42.0,99.31345790481559,0.0,1.0,4.0,0.0,0.7140000000000001,1.1424,714,714,front,100.0,0
2025-10-18,v8_dynamic,90,18,5,False,non_event,298.0,-37.34939759036145,335.34939759036143,46.0,101.87792111696659,0.0,1.0,5.0,0.0,0.7140000000000001,1.428,714,714,front,100.0,0
2025-10-19,v6a_hit_an,90,19,6,False,non_event,454.0,140.210843373494,313.78915662650604,54.0,100.43579258896743,0.0,0.0,3.0,0.0,0.0,0.8568,714,714,front,100.0,0
2025-10-19,v8_dynamic,90,19,6,False,non_event,334.0,149.24698795180723,184.75301204819277,50.0,100.02411067268858,0.0,0.0,3.0,0.0,0.0,0.8568,714,714,front,100.0,0
2025-10-20,v6a_hit_an,90,20,0,False,non_event,422.0,-65.66265060240964,487.66265060240966,44.0,105.65690006906375,2.0,3.0,6.0,2.8560000000000003,2.1420000000000003,1.7136,714,714,front,100.0,0
2025-10-20,v8_dynamic,90,20,0,False,non_event,332.0,-58.8855421686747,390.8855421686747,46.0,105.39827225302932,2.0,3.0,5.0,2.8560000000000003,2.1420000000000003,1.428,714,714,front,100.0,0
2025-10-21,v6a_hit_an,90,21,1,True,event,116.0,265.96385542168673,-149.96385542168673,44.0,95.66021287704298,0.0,0.0,2.0,0.0,0.0,0.5712,714,714,front,100.0,0
2025-10-21,v8_dynamic,90,21,1,True,event,142.0,264.00602409638554,-122.00602409638554,38.0,97.3457087893263,1.0,2.0,3.0,1.4280000000000002,1.4280000000000002,0.8568,714,714,front,100.0,0
2025-10-22,v6a_hit_an,90,22,2,True,event,-174.0,168.82530120481928,-342.8253012048193,36.0,95.65393260787944,0.0,0.0,2.0,0.0,0.0,0.5712,714,714,front,100.0,0
2025-10-22,v8_dynamic,90,22,2,True,event,-186.0,169.7289156626506,-355.7289156626506,36.0,95.29697995235101,0.0,0.0,2.0,0.0,0.0,0.5712,714,714,front,100.0,0
2025-10-23,v6a_hit_an,90,23,3,False,non_event,438.0,158.5843373493976,279.41566265060237,42.0,101.56294500567637,1.0,1.0,4.0,1.4280000000000002,0.7140000000000001,1.1424,714,714,front,100.0,0
2025-10-23,v8_dynamic,90,23,3,False,non_event,258.0,172.13855421686748,85.86144578313252,40.0,99.43197171877924,1.0,1.0,3.0,1.4280000000000002,0.7140000000000001,0.8568,714,714,front,100.0,0
2025-10-24,v6a_hit_an,90,24,4,False,non_event,62.0,128.76506024096386,-66.76506024096386,40.0,96.80359163425615,1.0,1.0,2.0,1.4280000000000002,0.7140000000000001,0.5712,714,714,front,100.0,0
2025-10-24,v8_dynamic,90,24,4,False,non_event,114.0,124.84939759036145,-10.849397590361448,40.0,97.22001095379059,1.0,1.0,2.0,1.4280000000000002,0.7140000000000001,0.5712,714,714,front,100.0,0
2025-10-25,v6a_hit_an,90,25,5,False,non_event,132.0,57.37951807228916,74.62048192771084,40.0,101.57292131421462,2.0,2.0,5.0,2.8560000000000003,1.4280000000000002,1.428,714,714,front,100.0,0
2025-10-25,v8_dynamic,90,25,5,False,non_event,-134.0,77.40963855421687,-211.40963855421688,36.0,99.80333265000722,2.0,2.0,4.0,2.8560000000000003,1.4280000000000002,1.1424,714,714,front,100.0,0
2025-10-26,v6a_hit_an,90,26,6,False,non_event,248.0,37.04819277108434,210.95180722891567,30.0,98.57448375024198,1.0,2.0,4.0,1.4280000000000002,1.4280000000000002,1.1424,714,714,front,100.0,0
2025-10-26,v8_dynamic,90,26,6,False,non_event,178.0,42.31927710843374,135.68072289156626,30.0,99.01194812410915,1.0,2.0,4.0,1.4280000000000002,1.4280000000000002,1.1424,714,714,front,100.0,0
2025-10-27,v6a_hit_an,90,27,0,True,event,122.0,233.5843373493976,-111.5843373493976,40.0,102.89739220986023,1.0,2.0,4.0,1.4280000000000002,1.4280000000000002,1.1424,714,714,front,100.0,0
2025-10-27,v8_dynamic,90,27,0,True,event,-286.0,264.3072289156627,-550.3072289156627,36.0,100.6242811638785,1.0,1.0,2.0,1.4280000000000002,0.7140000000000001,0.5712,714,714,front,100.0,0
2025-10-28,v6a_hit_an,90,28,1,False,non_event,22.0,198.34337349397592,-176.34337349397592,38.0,98.94512776944092,1.0,1.0,1.0,1.4280000000000002,0.7140000000000001,0.2856,714,714,front,100.0,0
2025-10-28,v8_dynamic,90,28,1,False,non_event,-46.0,203.46385542168676,-249.46385542168676,34.0,95.93772787502783,1.0,1.0,1.0,1.4280000000000002,0.7140000000000001,0.2856,714,714,front,100.0,0
2025-10-29,v6a_hit_an,90,29,2,False,non_event,350.0,165.210843373494,184.789156626506,32.0,101.76144788330534,3.0,3.0,5.0,4.284000000000001,2.1420000000000003,1.428,714,714,front,100.0,0
2025-10-29,v8_dynamic,90,29,2,False,non_event,170.0,178.76506024096386,-8.765060240963862,30.0,100.2845581315442,3.0,3.0,5.0,4.284000000000001,2.1420000000000003,1.428,714,714,front,100.0,0
2025-10-30,v6a_hit_an,90,30,3,False,non_event,-108.0,631.3253012048193,-739.3253012048193,34.0,98.19707018366084,1.0,1.0,2.0,1.4280000000000002,0.7140000000000001,0.5712,714,714,front,100.0,0
2025-10-30,v8_dynamic,90,30,3,False,non_event,-274.0,643.8253012048193,-917.8253012048193,34.0,97.02011746681151,1.0,1.0,2.0,1.4280000000000002,0.7140000000000001,0.5712,714,714,front,100.0,0
2025-10-31,v6a_hit_an,90,31,4,True,event,456.0,69.57831325301204,386.421686746988,34.0,100.32953855468519,1.0,4.0,4.0,1.4280000000000002,2.8560000000000003,1.1424,714,714,front,100.0,0
2025-10-31,v8_dynamic,90,31,4,True,event,504.0,65.96385542168674,438.03614457831327,36.0,100.69272922784111,1.0,4.0,4.0,1.4280000000000002,2.8560000000000003,1.1424,714,714,front,100.0,0
2025-11-01,v6a_hit_an,90,1,5,True,event,448.0,189.15662650602408,258.84337349397595,48.0,103.59191536792034,1.0,2.0,6.0,1.4280000000000002,1.4280000000000002,1.7136,714,714,front,100.0,0
2025-11-01,v8_dynamic,90,1,5,True,event,688.0,171.0843373493976,516.9156626506024,52.0,104.6951042847983,1.0,2.0,6.0,1.4280000000000002,1.4280000000000002,1.7136,714,714,front,100.0,0
2025-11-02,v6a_hit_an,90,2,6,False,non_event,520.0,315.21084337349396,204.78915662650604,44.0,102.72272729758693,1.0,2.0,4.0,1.4280000000000002,1.4280000000000002,1.1424,714,714,front,100.0,0
2025-11-02,v8_dynamic,90,2,6,False,non_event,606.0,308.73493975903614,297.26506024096386,46.0,105.02859808312589,1.0,2.0,4.0,1.4280000000000002,1.4280000000000002,1.1424,714,714,front,100.0,0
2025-11-03,v6a_hit_an,90,3,0,False,non_event,416.0,269.1265060240964,146.8734939759036,40.0,101.93025416271146,2.0,2.0,3.0,2.8560000000000003,1.4280000000000002,0.8568,714,714,front,100.0,0
2025-11-03,v8_dynamic,90,3,0,False,non_event,570.0,257.5301204819277,312.4698795180723,44.0,103.11163417620874,2.0,2.0,3.0,2.8560000000000003,1.4280000000000002,0.8568,714,714,front,100.0,0
2025-11-04,v6a_hit_an,90,4,1,False,non_event,1034.0,99.84939759036145,934.1506024096385,52.0,111.1095196974913,1.0,3.0,6.0,1.4280000000000002,2.1420000000000003,1.7136,714,714,front,100.0,0
2025-11-04,v8_dynamic,90,4,1,False,non_event,1110.0,94.12650602409639,1015.8734939759036,56.00000000000001,111.56619060078836,1.0,3.0,6.0,1.4280000000000002,2.1420000000000003,1.7136,714,714,front,100.0,0
2025-11-05,v6a_hit_an,90,5,2,False,non_event,376.0,197.43975903614458,178.56024096385542,42.0,99.72912041010387,0.0,1.0,6.0,0.0,0.7140000000000001,1.7136,714,714,front,100.0,0
2025-11-05,v8_dynamic,90,5,2,False,non_event,462.0,190.96385542168676,271.03614457831327,42.0,100.93728783097772,0.0,1.0,7.0,0.0,0.7140000000000001,1.9992,714,714,front,100.0,0
2025-11-06,v6a_hit_an,90,6,3,False,non_event,510.0,-4.367469879518072,514.3674698795181,26.0,94.34761835519227,3.0,5.0,7.0,4.284000000000001,3.5700000000000003,1.9992,714,714,front,100.0,0
2025-11-06,v8_dynamic,90,6,3,False,non_event,524.0,-5.421686746987952,529.4216867469879,28.000000000000004,94.4443437792575,3.0,5.0,7.0,4.284000000000001,3.5700000000000003,1.9992,714,714,front,100.0,0
2025-11-07,v6a_hit_an,90,7,4,True,event,656.0,228.16265060240963,427.8373493975904,46.0,102.71073786063394,0.0,2.0,5.0,0.0,1.4280000000000002,1.428,714,714,front,100.0,0
2025-11-07,v8_dynamic,90,7,4,True,event,440.0,244.4277108433735,195.5722891566265,42.0,101.68878117707601,0.0,1.0,4.0,0.0,0.7140000000000001,1.1424,714,714,front,100.0,0
2025-11-08,v6a_hit_an,90,8,5,False,non_event,-18.0,137.1987951807229,-155.1987951807229,32.0,99.78624159631273,1.0,3.0,4.0,1.4280000000000002,2.1420000000000003,1.1424,714,714,front,100.0,0
2025-11-08,v8_dynamic,90,8,5,False,non_event,-58.0,140.210843373494,-198.210843373494,34.0,99.69623576808297,1.0,2.0,4.0,1.4280000000000002,1.4280000000000002,1.1424,714,714,front,100.0,0
2025-11-09,v6a_hit_an,90,9,6,False,non_event,46.0,158.43373493975903,-112.43373493975903,38.0,98.32472296976968,1.0,3.0,5.0,1.4280000000000002,2.1420000000000003,1.428,714,714,front,100.0,0
2025-11-09,v8_dynamic,90,9,6,False,non_event,-178.0,175.3012048192771,-353.30120481927713,36.0,99.60943845862907,1.0,2.0,4.0,1.4280000000000002,1.4280000000000002,1.1424,714,714,front,100.0,0
2025-11-10,v6a_hit_an,90,10,0,False,non_event,-262.0,173.34337349397592,-435.34337349397595,30.0,94.86184705438971,0.0,2.0,6.0,0.0,1.4280000000000002,1.7136,714,714,front,100.0,0
2025-11-10,v8_dynamic,90,10,0,False,non_event,-302.0,176.35542168674698,-478.355421686747,30.0,95.34629206808114,0.0,2.0,6.0,0.0,1.4280000000000002,1.7136,714,714,front,100.0,0
2025-11-11,v6a_hit_an,90,11,1,True,event,-466.0,420.63253012048193,-886.632530120482,30.0,95.24145166220877,0.0,1.0,3.0,0.0,0.7140000000000001,0.8568,714,714,front,100.0,0
2025-11-11,v8_dynamic,90,11,1,True,event,-210.0,401.355421686747,-611.3554216867469,40.0,97.23086107635395,0.0,1.0,4.0,0.0,0.7140000000000001,1.1424,714,714,front,100.0,0
2025-11-12,v6a_hit_an,90,12,2,False,non_event,446.0,212.04819277108433,233.95180722891567,48.0,101.51487488484067,1.0,1.0,3.0,1.4280000000000002,0.7140000000000001,0.8568,714,714,front,100.0,0
2025-11-12,v8_dynamic,90,12,2,False,non_event,352.0,219.1265060240964,132.8734939759036,46.0,100.10988068653167,1.0,1.0,3.0,1.4280000000000002,0.7140000000000001,0.8568,714,714,front,100.0,0
2025-11-13,v6a_hit_an,90,13,3,False,non_event,138.0,69.7289156626506,68.2710843373494,34.0,108.94952044913163,1.0,1.0,6.0,1.4280000000000002,0.7140000000000001,1.7136,714,714,front,100.0,0
2025-11-13,v8_dynamic,90,13,3,False,non_event,164.0,67.7710843373494,96.2289156626506,34.0,109.15799816707518,1.0,1.0,6.0,1.4280000000000002,0.7140000000000001,1.7136,714,714,front,100.0,0
2025-11-14,v6a_hit_an,90,14,4,False,non_event,608.0,-59.18674698795181,667.1867469879518,50.0,107.14188218082863,2.0,3.0,6.0,2.8560000000000003,2.1420000000000003,1.7136,714,714,front,100.0,0
2025-11-14,v8_dynamic,90,14,4,False,non_event,120.0,-22.43975903614458,142.43975903614458,46.0,101.06772947199521,1.0,2.0,4.0,1.4280000000000002,1.4280000000000002,1.1424,714,714,front,100.0,0
2025-11-15,v6a_hit_an,90,15,5,False,non_event,-382.0,176.05421686746988,-558.0542168674699,34.0,96.0716983960752,0.0,0.0,1.0,0.0,0.0,0.2856,714,714,front,100.0,0
2025-11-15,v8_dynamic,90,15,5,False,non_event,-642.0,195.63253012048193,-837.632530120482,30.0,93.59516109217273,0.0,0.0,0.0,0.0,0.0,0.0,714,714,front,100.0,0
2025-11-16,v6a_hit_an,90,16,6,False,non_event,-158.0,179.96987951807228,-337.9698795180723,46.0,97.64357606378786,0.0,1.0,2.0,0.0,0.7140000000000001,0.5712,714,714,front,100.0,0
2025-11-16,v8_dynamic,90,16,6,False,non_event,-72.0,173.49397590361446,-245.49397590361446,48.0,98.57351185857229,0.0,1.0,2.0,0.0,0.7140000000000001,0.5712,714,714,front,100.0,0
2025-11-17,v6a_hit_an,90,17,0,True,event,144.0,231.9277108433735,-87.92771084337349,46.0,101.20890517104901,0.0,1.0,5.0,0.0,0.7140000000000001,1.428,714,714,front,100.0,0
2025-11-17,v8_dynamic,90,17,0,True,event,96.0,235.5421686746988,-139.5421686746988,44.0,100.85238072945204,0.0,2.0,6.0,0.0,1.4280000000000002,1.7136,714,714,front,100.0,0
2025-11-18,v6a_hit_an,90,18,1,False,non_event,-276.0,151.50602409638554,-427.50602409638554,30.0,94.10835268929745,1.0,1.0,1.0,1.4280000000000002,0.7140000000000001,0.2856,714,714,front,100.0,0
2025-11-18,v8_dynamic,90,18,1,False,non_event,-244.0,149.09638554216866,-393.09638554216866,34.0,95.96346869574062,1.0,1.0,1.0,1.4280000000000002,0.7140000000000001,0.2856,714,714,front,100.0,0
2025-11-19,v6a_hit_an,90,19,2,False,non_event,758.0,117.31927710843374,640.6807228915662,48.0,103.65136045185065,2.0,4.0,5.0,2.8560000000000003,2.8560000000000003,1.428,714,714,front,100.0,0
2025-11-19,v8_dynamic,90,19,2,False,non_event,834.0,111.59638554216868,722.4036144578313,48.0,106.28898293304917,2.0,4.0,8.0,2.8560000000000003,2.8560000000000003,2.2848,714,714,front,100.0,0
2025-11-20,v6a_hit_an,90,20,3,False,non_event,-34.0,95.78313253012048,-129.7831325301205,28.000000000000004,99.83072051372297,0.0,2.0,3.0,0.0,1.4280000000000002,0.8568,714,714,front,100.0,0
2025-11-20,v8_dynamic,90,20,3,False,non_event,80.0,87.1987951807229,-7.198795180722897,28.000000000000004,99.10492301833087,1.0,3.0,3.0,1.4280000000000002,2.1420000000000003,0.8568,714,714,front,100.0,0
2025-11-21,v6a_hit_an,90,21,4,True,event,-76.0,279.2168674698795,-355.2168674698795,40.0,100.24162141970683,1.0,1.0,2.0,1.4280000000000002,0.7140000000000001,0.5712,714,714,front,100.0,0
2025-11-21,v8_dynamic,90,21,4,True,event,26.0,271.53614457831327,-245.53614457831327,44.0,101.3854314704554,1.0,2.0,3.0,1.4280000000000002,1.4280000000000002,0.8568,714,714,front,100.0,0
2025-11-22,v6a_hit_an,90,22,5,True,event,414.0,-305.421686746988,719.4216867469879,40.0,106.13224313895203,2.0,3.0,6.0,2.8560000000000003,2.1420000000000003,1.7136,714,714,front,100.0,0
2025-11-22,v8_dynamic,90,22,5,True,event,232.0,-291.7168674698795,523.7168674698795,40.0,103.38358931641305,1.0,2.0,5.0,1.4280000000000002,1.4280000000000002,1.428,714,714,front,100.0,0
2025-11-23,v6a_hit_an,90,23,6,False,non_event,-382.0,211.59638554216866,-593.5963855421687,28.000000000000004,97.01644487673289,0.0,0.0,2.0,0.0,0.0,0.5712,714,714,front,100.0,0
2025-11-23,v8_dynamic,90,23,6,False,non_event,-382.0,211.59638554216866,-593.5963855421687,28.000000000000004,97.01644487673292,0.0,0.0,2.0,0.0,0.0,0.5712,714,714,front,100.0,0
2025-11-24,v6a_hit_an,90,24,0,False,non_event,152.0,163.70481927710844,-11.704819277108442,36.0,103.29545579939094,1.0,1.0,3.0,1.4280000000000002,0.7140000000000001,0.8568,714,714,front,100.0,0
2025-11-24,v8_dynamic,90,24,0,False,non_event,40.0,172.13855421686748,-132.13855421686748,32.0,101.67031868011311,1.0,1.0,2.0,1.4280000000000002,0.7140000000000001,0.5712,714,714,front,100.0,0
2025-11-25,v6a_hit_an,90,25,1,False,non_event,632.0,292.62048192771084,339.37951807228916,38.0,100.7133010383944,1.0,3.0,6.0,1.4280000000000002,2.1420000000000003,1.7136,714,714,front,100.0,0
2025-11-25,v8_dynamic,90,25,1,False,non_event,576.0,296.83734939759034,279.16265060240966,36.0,100.59440700632801,1.0,3.0,6.0,1.4280000000000002,2.1420000000000003,1.7136,714,714,front,100.0,0
2025-11-26,v6a_hit_an,90,26,2,False,non_event,548.0,103.16265060240964,444.83734939759034,44.0,103.98121705762587,1.0,2.0,5.0,1.4280000000000002,1.4280000000000002,1.428,714,714,front,100.0,0
2025-11-26,v8_dynamic,90,26,2,False,non_event,278.0,123.49397590361446,154.50602409638554,42.0,101.68506407862695,1.0,2.0,5.0,1.4280000000000002,1.4280000000000002,1.428,714,714,front,100.0,0
2025-11-27,v6a_hit_an,90,27,3,True,event,-20.0,410.0903614457831,-430.0903614457831,28.000000000000004,98.80675352712,1.0,1.0,6.0,1.4280000000000002,0.7140000000000001,1.7136,714,714,front,100.0,0
2025-11-27,v8_dynamic,90,27,3,True,event,54.0,404.51807228915663,-350.51807228915663,28.000000000000004,99.51850609329706,1.0,1.0,6.0,1.4280000000000002,0.7140000000000001,1.7136,714,714,front,100.0,0
2025-11-28,v6a_hit_an,90,28,4,False,non_event,14.0,132.83132530120483,-118.83132530120483,30.0,103.9257016808382,2.0,3.0,6.0,2.8560000000000003,2.1420000000000003,1.7136,714,714,front,100.0,0
2025-11-28,v8_dynamic,90,28,4,False,non_event,994.0,59.036144578313255,934.9638554216867,38.0,113.01347221882993,5.0,7.0,9.0,7.140000000000001,4.998,2.5704,714,714,front,100.0,0
2025-11-29,v6a_hit_an,90,29,5,False,non_event,864.0,368.67469879518075,495.32530120481925,50.0,105.73860981738184,0.0,0.0,3.0,0.0,0.0,0.8568,714,714,front,100.0,0
2025-11-29,v8_dynamic,90,29,5,False,non_event,864.0,368.67469879518075,495.32530120481925,50.0,105.73860981738184,0.0,0.0,3.0,0.0,0.0,0.8568,714,714,front,100.0,0
2025-11-30,v6a_hit_an,90,30,6,True,event,868.0,155.42168674698794,712.5783132530121,52.0,107.1240972358833,2.0,4.0,6.0,2.8560000000000003,2.8560000000000003,1.7136,714,714,front,100.0,0
2025-11-30,v8_dynamic,90,30,6,True,event,658.0,171.23493975903614,486.76506024096386,48.0,105.9139965405471,1.0,3.0,6.0,1.4280000000000002,2.1420000000000003,1.7136,714,714,front,100.0,0
2025-12-01,v6a_hit_an,90,1,0,True,event,74.0,133.73493975903614,-59.73493975903614,38.0,98.06565455153435,1.0,2.0,4.0,1.4280000000000002,1.4280000000000002,1.1424,714,714,front,100.0,0
2025-12-01,v8_dynamic,90,1,0,True,event,194.0,124.6987951807229,69.3012048192771,42.0,99.11238929234175,1.0,2.0,5.0,1.4280000000000002,1.4280000000000002,1.428,714,714,front,100.0,0
2025-12-02,v6a_hit_an,90,2,1,False,non_event,422.0,140.36144578313252,281.6385542168675,48.0,103.1829661429226,1.0,2.0,4.0,1.4280000000000002,1.4280000000000002,1.1424,714,714,front,100.0,0
2025-12-02,v8_dynamic,90,2,1,False,non_event,350.0,145.78313253012047,204.21686746987953,40.0,103.13308085900648,1.0,2.0,4.0,1.4280000000000002,1.4280000000000002,1.1424,714,714,front,100.0,0
2025-12-03,v6a_hit_an,90,3,2,False,non_event,-442.0,310.8433734939759,-752.8433734939758,30.0,94.02921677102606,0.0,0.0,2.0,0.0,0.0,0.5712,714,714,front,100.0,0
2025-12-03,v8_dynamic,90,3,2,False,non_event,330.0,252.710843373494,77.28915662650601,38.0,100.58329922705472,1.0,3.0,6.0,1.4280000000000002,2.1420000000000003,1.7136,714,714,front,100.0,0
2025-12-04,v6a_hit_an,90,4,3,False,non_event,-148.0,106.32530120481928,-254.32530120481928,26.0,93.62359182498248,2.0,2.0,2.0,2.8560000000000003,1.4280000000000002,0.5712,714,714,front,100.0,0
2025-12-04,v8_dynamic,90,4,3,False,non_event,-180.0,108.73493975903614,-288.73493975903614,24.0,92.1801736338654,2.0,2.0,2.0,2.8560000000000003,1.4280000000000002,0.5712,714,714,front,100.0,0
2025-12-05,v6a_hit_an,90,5,4,False,non_event,92.0,-6.024096385542169,98.02409638554217,34.0,95.79306000251141,1.0,3.0,6.0,1.4280000000000002,2.1420000000000003,1.7136,714,714,front,100.0,0
2025-12-05,v8_dynamic,90,5,4,False,non_event,88.0,-5.72289156626506,93.72289156626506,34.0,96.51346060512391,1.0,3.0,6.0,1.4280000000000002,2.1420000000000003,1.7136,714,714,front,100.0,0
2025-12-06,v6a_hit_an,90,6,5,False,non_event,716.0,379.06626506024094,336.93373493975906,40.0,106.98954625156108,1.0,2.0,5.0,1.4280000000000002,1.4280000000000002,1.428,714,714,front,100.0,0
2025-12-06,v8_dynamic,90,6,5,False,non_event,1060.0,353.16265060240966,706.8373493975903,46.0,109.87648865798644,1.0,3.0,5.0,1.4280000000000002,2.1420000000000003,1.428,714,714,front,100.0,0
2025-12-07,v6a_hit_an,90,7,6,True,event,834.0,292.3192771084337,541.6807228915663,42.0,107.25220672052608,2.0,4.0,8.0,2.8560000000000003,2.8560000000000003,2.2848,714,714,front,100.0,0
2025-12-07,v8_dynamic,90,7,6,True,event,818.0,293.5240963855422,524.4759036144578,42.0,106.921019727805,2.0,4.0,8.0,2.8560000000000003,2.8560000000000003,2.2848,714,714,front,100.0,0
2025-12-08,v6a_hit_an,90,8,0,False,non_event,878.0,267.01807228915663,610.9819277108434,44.0,110.74379556333857,2.0,3.0,6.0,2.8560000000000003,2.1420000000000003,1.7136,714,714,front,100.0,0
2025-12-08,v8_dynamic,90,8,0,False,non_event,620.0,286.4457831325301,333.5542168674699,38.0,107.5386808905887,2.0,3.0,6.0,2.8560000000000003,2.1420000000000003,1.7136,714,714,front,100.0,0
2025-12-09,v6a_hit_an,90,9,1,False,non_event,124.0,113.70481927710843,10.295180722891573,34.0,96.3619320614837,1.0,2.0,3.0,1.4280000000000002,1.4280000000000002,0.8568,714,714,front,100.0,0
2025-12-09,v8_dynamic,90,9,1,False,non_event,74.0,117.46987951807229,-43.46987951807229,32.0,96.03600551852617,1.0,2.0,3.0,1.4280000000000002,1.4280000000000002,0.8568,714,714,front,100.0,0
2025-12-10,v6a_hit_an,90,10,2,False,non_event,-62.0,54.36746987951807,-116.36746987951807,42.0,98.53247051595525,1.0,1.0,5.0,1.4280000000000002,0.7140000000000001,1.428,714,714,front,100.0,0
2025-12-10,v8_dynamic,90,10,2,False,non_event,-516.0,88.55421686746988,-604.5542168674699,36.0,96.6386823768602,0.0,0.0,4.0,0.0,0.0,1.1424,714,714,front,100.0,0
2025-12-11,v6a_hit_an,90,11,3,True,event,-636.0,146.3855421686747,-782.3855421686746,34.0,94.3339216646195,0.0,0.0,2.0,0.0,0.0,0.5712,714,714,front,100.0,0
2025-12-11,v8_dynamic,90,11,3,True,event,-438.0,131.47590361445782,-569.4759036144578,36.0,95.427853577975,0.0,0.0,2.0,0.0,0.0,0.5712,714,714,front,100.0,0
2025-12-12,v6a_hit_an,90,12,4,False,non_event,144.0,395.63253012048193,-251.63253012048193,46.0,97.69377679889229,0.0,0.0,4.0,0.0,0.0,1.1424,714,714,front,100.0,0
2025-12-12,v8_dynamic,90,12,4,False,non_event,258.0,387.04819277108436,-129.04819277108436,48.0,98.8642159481193,0.0,0.0,3.0,0.0,0.0,0.8568,714,714,front,100.0,0
2025-12-13,v6a_hit_an,90,13,5,False,non_event,20.0,49.24698795180723,-29.246987951807228,44.0,99.08875981174114,1.0,1.0,5.0,1.4280000000000002,0.7140000000000001,1.428,714,714,front,100.0,0
2025-12-13,v8_dynamic,90,13,5,False,non_event,272.0,30.271084337349397,241.7289156626506,46.0,100.85191059604074,1.0,2.0,7.0,1.4280000000000002,1.4280000000000002,1.9992,714,714,front,100.0,0
2025-12-14,v6a_hit_an,90,14,6,False,non_event,38.0,91.56626506024097,-53.566265060240966,34.0,100.28169277877669,1.0,3.0,7.0,1.4280000000000002,2.1420000000000003,1.9992,714,714,front,100.0,0
2025-12-14,v8_dynamic,90,14,6,False,non_event,202.0,79.21686746987952,122.78313253012048,34.0,99.78184581631326,1.0,2.0,7.0,1.4280000000000002,1.4280000000000002,1.9992,714,714,front,100.0,0
2025-12-15,v6a_hit_an,90,15,0,False,non_event,164.0,150.0,14.0,36.0,98.4788924955336,0.0,1.0,4.0,0.0,0.7140000000000001,1.1424,714,714,front,100.0,0
2025-12-15,v8_dynamic,90,15,0,False,non_event,164.0,150.0,14.0,38.0,98.3919338941041,0.0,1.0,4.0,0.0,0.7140000000000001,1.1424,714,714,front,100.0,0
2025-12-16,v6a_hit_an,90,16,1,False,non_event,-326.0,382.8313253012048,-708.8313253012047,26.0,92.39362570835348,0.0,0.0,0.0,0.0,0.0,0.0,714,714,front,100.0,0
2025-12-16,v8_dynamic,90,16,1,False,non_event,-90.0,365.06024096385545,-455.06024096385545,28.000000000000004,92.63423446798186,0.0,0.0,1.0,0.0,0.0,0.2856,714,714,front,100.0,0
2025-12-17,v6a_hit_an,90,17,2,True,event,-360.0,253.6144578313253,-613.6144578313254,34.0,96.75823854960622,0.0,0.0,4.0,0.0,0.0,1.1424,714,714,front,100.0,0
2025-12-17,v8_dynamic,90,17,2,True,event,-620.0,273.1927710843373,-893.1927710843373,30.0,96.09068790596243,1.0,1.0,5.0,1.4280000000000002,0.7140000000000001,1.428,714,714,front,100.0,0
2025-12-18,v6a_hit_an,90,18,3,False,non_event,-506.0,234.1867469879518,-740.1867469879518,26.0,90.40435318577016,0.0,1.0,1.0,0.0,0.7140000000000001,0.2856,714,714,front,100.0,0
2025-12-18,v8_dynamic,90,18,3,False,non_event,-366.0,223.64457831325302,-589.6445783132531,26.0,92.6242142023989,0.0,2.0,2.0,0.0,1.4280000000000002,0.5712,714,714,front,100.0,0
2025-12-19,v6a_hit_an,90,19,4,False,non_event,66.0,-48.493975903614455,114.49397590361446,36.0,94.2322413652846,1.0,3.0,7.0,1.4280000000000002,2.1420000000000003,1.9992,714,714,front,100.0,0
2025-12-19,v8_dynamic,90,19,4,False,non_event,-8.0,-42.92168674698795,34.92168674698795,34.0,93.87770290778418,1.0,2.0,7.0,1.4280000000000002,1.4280000000000002,1.9992,714,714,front,100.0,0
2025-12-20,v6a_hit_an,90,20,5,False,non_event,576.0,-135.24096385542168,711.2409638554217,52.0,103.58866813335791,1.0,2.0,6.0,1.4280000000000002,1.4280000000000002,1.7136,714,714,front,100.0,0
2025-12-20,v8_dynamic,90,20,5,False,non_event,326.0,-116.41566265060241,442.4156626506024,48.0,101.43663100500771,1.0,1.0,5.0,1.4280000000000002,0.7140000000000001,1.428,714,714,front,100.0,0
2025-12-21,v6a_hit_an,90,21,6,True,event,-222.0,-156.77710843373495,-65.22289156626505,38.0,95.82047891212737,1.0,1.0,4.0,1.4280000000000002,0.7140000000000001,1.1424,714,714,front,100.0,0
2025-12-21,v8_dynamic,90,21,6,True,event,84.0,-179.81927710843374,263.81927710843377,36.0,97.73387870971239,2.0,3.0,5.0,2.8560000000000003,2.1420000000000003,1.428,714,714,front,100.0,0
2025-12-22,v6a_hit_an,90,22,0,True,event,28.0,117.16867469879519,-89.16867469879519,36.0,97.14670943976117,0.0,1.0,6.0,0.0,0.7140000000000001,1.7136,714,714,front,100.0,0
2025-12-22,v8_dynamic,90,22,0,True,event,-30.0,121.53614457831326,-151.53614457831327,36.0,97.31582184140332,0.0,1.0,6.0,0.0,0.7140000000000001,1.7136,714,714,front,100.0,0
2025-12-23,v6a_hit_an,90,23,1,False,non_event,-206.0,167.01807228915663,-373.01807228915663,24.0,91.55574887116265,1.0,2.0,3.0,1.4280000000000002,1.4280000000000002,0.8568,714,714,front,100.0,0
2025-12-23,v8_dynamic,90,23,1,False,non_event,-288.0,173.19277108433735,-461.1927710843373,22.0,91.16436825243046,1.0,2.0,3.0,1.4280000000000002,1.4280000000000002,0.8568,714,714,front,100.0,0
2025-12-24,v6a_hit_an,90,24,2,False,non_event,382.0,225.45180722891567,156.54819277108433,36.0,99.68097300603502,2.0,2.0,5.0,2.8560000000000003,1.4280000000000002,1.428,714,714,front,100.0,0
2025-12-24,v8_dynamic,90,24,2,False,non_event,176.0,240.96385542168676,-64.96385542168676,34.0,98.93830271979212,1.0,1.0,5.0,1.4280000000000002,0.7140000000000001,1.428,714,714,front,100.0,0
2025-12-25,v6a_hit_an,90,25,3,False,non_event,42.0,147.289156626506,-105.28915662650601,34.0,94.5177571438494,0.0,2.0,3.0,0.0,1.4280000000000002,0.8568,714,714,front,100.0,0
2025-12-25,v8_dynamic,90,25,3,False,non_event,134.0,140.36144578313252,-6.361445783132524,36.0,95.80428707815261,0.0,2.0,3.0,0.0,1.4280000000000002,0.8568,714,714,front,100.0,0
2025-12-26,v6a_hit_an,90,26,4,False,non_event,50.0,15.662650602409638,34.33734939759036,32.0,95.21118215892461,1.0,2.0,4.0,1.4280000000000002,1.4280000000000002,1.1424,714,714,front,100.0,0
2025-12-26,v8_dynamic,90,26,4,False,non_event,72.0,14.006024096385541,57.993975903614455,36.0,95.87049122880927,0.0,2.0,4.0,0.0,1.4280000000000002,1.1424,714,714,front,100.0,0
2025-12-27,v6a_hit_an,90,27,5,True,event,112.0,329.2168674698795,-217.2168674698795,42.0,100.98576971823967,1.0,2.0,4.0,1.4280000000000002,1.4280000000000002,1.1424,714,714,front,100.0,0
2025-12-27,v8_dynamic,90,27,5,True,event,108.0,329.51807228915663,-221.51807228915663,40.0,101.09132133262136,1.0,3.0,5.0,1.4280000000000002,2.1420000000000003,1.428,714,714,front,100.0,0
2025-12-28,v6a_hit_an,90,28,6,False,non_event,52.0,214.90963855421685,-162.90963855421685,38.0,102.14282202751798,2.0,2.0,5.0,2.8560000000000003,1.4280000000000002,1.428,714,714,front,100.0,0
2025-12-28,v8_dynamic,90,28,6,False,non_event,72.0,213.40361445783134,-141.40361445783134,38.0,102.48021004300908,2.0,2.0,5.0,2.8560000000000003,1.4280000000000002,1.428,714,714,front,100.0,0
2025-12-29,v6a_hit_an,90,29,0,False,non_event,-172.0,-106.17469879518072,-65.82530120481928,34.0,95.60855110507882,0.0,3.0,8.0,0.0,2.1420000000000003,2.2848,714,714,front,100.0,0
2025-12-29,v8_dynamic,90,29,0,False,non_event,-218.0,-102.71084337349397,-115.28915662650603,32.0,95.50848965598512,0.0,3.0,8.0,0.0,2.1420000000000003,2.2848,714,714,front,100.0,0
2025-12-30,v6a_hit_an,90,30,1,False,non_event,164.0,174.6987951807229,-10.698795180722897,36.0,100.59252978734172,0.0,1.0,5.0,0.0,0.7140000000000001,1.428,714,714,front,100.0,0
2025-12-30,v8_dynamic,90,30,1,False,non_event,408.0,156.32530120481928,251.67469879518072,42.0,103.18700676111342,1.0,2.0,5.0,1.4280000000000002,1.4280000000000002,1.428,714,714,front,100.0,0
2025-12-31,v6a_hit_an,90,31,2,True,event,-408.0,357.078313253012,-765.0783132530121,40.0,94.48910233267854,1.0,1.0,2.0,1.4280000000000002,0.7140000000000001,0.5712,714,714,front,100.0,0
2025-12-31,v8_dynamic,90,31,2,True,event,-562.0,368.67469879518075,-930.6746987951808,36.0,92.84945111786281,1.0,1.0,2.0,1.4280000000000002,0.7140000000000001,0.5712,714,714,front,100.0,0
2026-01-01,v6a_hit_an,90,1,3,True,event,-320.0,415.66265060240966,-735.6626506024097,38.0,97.8299542285969,1.0,2.0,4.0,1.4280000000000002,1.4280000000000002,1.1424,714,714,front,100.0,0
2026-01-01,v8_dynamic,90,1,3,True,event,-620.0,438.2530120481928,-1058.2530120481929,32.0,94.98091825132083,1.0,1.0,4.0,1.4280000000000002,0.7140000000000001,1.1424,714,714,front,100.0,0
2026-01-02,v6a_hit_an,90,2,4,False,non_event,530.0,136.8975903614458,393.1024096385542,46.0,102.98129586215602,1.0,2.0,5.0,1.4280000000000002,1.4280000000000002,1.428,714,714,front,100.0,0
2026-01-02,v8_dynamic,90,2,4,False,non_event,-34.0,179.36746987951807,-213.36746987951807,42.0,97.80759574653283,0.0,0.0,3.0,0.0,0.0,0.8568,714,714,front,100.0,0
2026-01-03,v6a_hit_an,90,3,5,False,non_event,666.0,4.969879518072289,661.0301204819277,54.0,105.99564523895451,2.0,2.0,5.0,2.8560000000000003,1.4280000000000002,1.428,714,714,front,100.0,0
2026-01-03,v8_dynamic,90,3,5,False,non_event,376.0,26.80722891566265,349.1927710843373,52.0,104.08228480350118,1.0,1.0,4.0,1.4280000000000002,0.7140000000000001,1.1424,714,714,front,100.0,0
2026-01-04,v6a_hit_an,90,4,6,False,non_event,-146.0,-230.2710843373494,84.27108433734941,38.0,96.16059762035965,1.0,1.0,3.0,1.4280000000000002,0.7140000000000001,0.8568,714,714,front,100.0,0
2026-01-04,v8_dynamic,90,4,6,False,non_event,-302.0,-218.52409638554218,-83.47590361445782,36.0,95.36444821936936,1.0,1.0,4.0,1.4280000000000002,0.7140000000000001,1.1424,714,714,front,100.0,0
2026-01-05,v6a_hit_an,90,5,0,False,non_event,650.0,424.69879518072287,225.30120481927713,56.00000000000001,101.82301578259018,0.0,1.0,4.0,0.0,0.7140000000000001,1.1424,714,714,front,100.0,0
2026-01-05,v8_dynamic,90,5,0,False,non_event,500.0,435.99397590361446,64.00602409638554,54.0,100.35573030304414,0.0,1.0,3.0,0.0,0.7140000000000001,0.8568,714,714,front,100.0,0
2026-01-06,v6a_hit_an,90,6,1,False,non_event,362.0,206.17469879518072,155.82530120481928,40.0,97.45583697298382,1.0,2.0,6.0,1.4280000000000002,1.4280000000000002,1.7136,714,714,front,100.0,0
2026-01-06,v8_dynamic,90,6,1,False,non_event,368.0,205.72289156626505,162.27710843373495,42.0,98.01889730344618,1.0,2.0,6.0,1.4280000000000002,1.4280000000000002,1.7136,714,714,front,100.0,0
2026-01-07,v6a_hit_an,90,7,2,True,event,-80.0,383.43373493975906,-463.43373493975906,34.0,100.40819545495427,0.0,1.0,5.0,0.0,0.7140000000000001,1.428,714,714,front,100.0,0
2026-01-07,v8_dynamic,90,7,2,True,event,-178.0,390.81325301204816,-568.8132530120481,34.0,99.60688110421694,0.0,1.0,5.0,0.0,0.7140000000000001,1.428,714,714,front,100.0,0
2026-01-08,v6a_hit_an,90,8,3,False,non_event,1222.0,50.0,1172.0,48.0,108.69936997206982,2.0,4.0,8.0,2.8560000000000003,2.8560000000000003,2.2848,714,714,front,100.0,0
2026-01-08,v8_dynamic,90,8,3,False,non_event,886.0,75.3012048192771,810.6987951807229,46.0,105.60764143932094,1.0,2.0,6.0,1.4280000000000002,1.4280000000000002,1.7136,714,714,front,100.0,0
2026-01-09,v6a_hit_an,90,9,4,False,non_event,78.0,82.07831325301204,-4.078313253012041,34.0,97.48490701378797,1.0,1.0,4.0,1.4280000000000002,0.7140000000000001,1.1424,714,714,front,100.0,0
2026-01-09,v8_dynamic,90,9,4,False,non_event,-38.0,90.8132530120482,-128.8132530120482,34.0,94.01579438868252,2.0,2.0,3.0,2.8560000000000003,1.4280000000000002,0.8568,714,714,front,100.0,0
2026-01-10,v6a_hit_an,90,10,5,False,non_event,502.0,207.83132530120483,294.16867469879514,40.0,101.73326723738751,2.0,2.0,5.0,2.8560000000000003,1.4280000000000002,1.428,714,714,front,100.0,0
2026-01-10,v8_dynamic,90,10,5,False,non_event,282.0,224.3975903614458,57.60240963855421,36.0,100.26362458057895,2.0,2.0,5.0,2.8560000000000003,1.4280000000000002,1.428,714,714,front,100.0,0
2026-01-11,v6a_hit_an,90,11,6,True,event,412.0,134.03614457831324,277.96385542168673,42.0,103.21081381934499,0.0,2.0,7.0,0.0,1.4280000000000002,1.9992,714,714,front,100.0,0
2026-01-11,v8_dynamic,90,11,6,True,event,-388.0,194.27710843373495,-582.277108433735,40.0,97.24421750382005,0.0,0.0,2.0,0.0,0.0,0.5712,714,714,front,100.0,0
2026-01-12,v6a_hit_an,90,12,0,False,non_event,-40.0,-49.24698795180723,9.246987951807228,36.0,98.11398944644617,0.0,2.0,4.0,0.0,1.4280000000000002,1.1424,714,714,front,100.0,0
2026-01-12,v8_dynamic,90,12,0,False,non_event,348.0,-78.46385542168674,426.46385542168673,40.0,100.83630824146944,1.0,3.0,6.0,1.4280000000000002,2.1420000000000003,1.7136,714,714,front,100.0,0
2026-01-13,v6a_hit_an,90,13,1,False,non_event,-276.0,-149.3975903614458,-126.6024096385542,32.0,94.56191872460933,1.0,1.0,4.0,1.4280000000000002,0.7140000000000001,1.1424,714,714,front,100.0,0
2026-01-13,v8_dynamic,90,13,1,False,non_event,-96.0,-162.95180722891567,66.95180722891567,30.0,94.23020521937431,1.0,1.0,4.0,1.4280000000000002,0.7140000000000001,1.1424,714,714,front,100.0,0
2026-01-14,v6a_hit_an,90,14,2,False,non_event,-172.0,221.9879518072289,-393.9879518072289,40.0,97.14195081951239,0.0,0.0,3.0,0.0,0.0,0.8568,714,714,front,100.0,0
2026-01-14,v8_dynamic,90,14,2,False,non_event,-208.0,224.6987951807229,-432.69879518072287,40.0,96.44445464605306,0.0,0.0,3.0,0.0,0.0,0.8568,714,714,front,100.0,0
2026-01-15,v6a_hit_an,90,15,3,False,non_event,184.0,158.28313253012047,25.71686746987953,44.0,111.75752703885811,1.0,3.0,5.0,1.4280000000000002,2.1420000000000003,1.428,714,714,front,100.0,0
2026-01-15,v8_dynamic,90,15,3,False,non_event,184.0,158.28313253012047,25.71686746987953,44.0,111.75752703885811,1.0,3.0,5.0,1.4280000000000002,2.1420000000000003,1.428,714,714,front,100.0,0
2026-01-16,v6a_hit_an,90,16,4,False,non_event,410.0,429.36746987951807,-19.36746987951807,38.0,105.22240049012949,3.0,4.0,7.0,4.284000000000001,2.8560000000000003,1.9992,714,714,front,100.0,0
2026-01-16,v8_dynamic,90,16,4,False,non_event,918.0,391.1144578313253,526.8855421686746,46.0,108.11329921303196,3.0,4.0,8.0,4.284000000000001,2.8560000000000003,2.2848,714,714,front,100.0,0
2026-01-17,v6a_hit_an,90,17,5,True,event,858.0,48.94578313253012,809.0542168674699,52.0,105.93690111340997,1.0,1.0,9.0,1.4280000000000002,0.7140000000000001,2.5704,714,714,front,100.0,0
2026-01-17,v8_dynamic,90,17,5,True,event,932.0,43.373493975903614,888.6265060240964,54.0,106.7486920425662,1.0,1.0,9.0,1.4280000000000002,0.7140000000000001,2.5704,714,714,front,100.0,0
2026-01-18,v6a_hit_an,90,18,6,False,non_event,556.0,-49.24698795180723,605.2469879518072,52.0,103.49485880824074,2.0,2.0,8.0,2.8560000000000003,1.4280000000000002,2.2848,714,714,front,100.0,0
2026-01-18,v8_dynamic,90,18,6,False,non_event,466.0,-42.46987951807229,508.4698795180723,48.0,103.37474067067056,2.0,2.0,8.0,2.8560000000000003,1.4280000000000002,2.2848,714,714,front,100.0,0
2026-01-19,v6a_hit_an,90,19,0,False,non_event,494.0,-31.927710843373493,525.9277108433735,38.0,110.40797779121094,2.0,4.0,10.0,2.8560000000000003,2.8560000000000003,2.856,714,714,front,100.0,0
2026-01-19,v8_dynamic,90,19,0,False,non_event,200.0,-9.789156626506024,209.789156626506,34.0,106.64375359544782,2.0,4.0,10.0,2.8560000000000003,2.8560000000000003,2.856,714,714,front,100.0,0
2026-01-20,v6a_hit_an,90,20,1,False,non_event,-270.0,282.6807228915663,-552.6807228915663,38.0,96.90976075223881,0.0,1.0,1.0,0.0,0.7140000000000001,0.2856,714,714,front,100.0,0
2026-01-20,v8_dynamic,90,20,1,False,non_event,-320.0,286.4457831325301,-606.4457831325301,36.0,95.54759232875676,0.0,1.0,1.0,0.0,0.7140000000000001,0.2856,714,714,front,100.0,0
2026-01-21,v6a_hit_an,90,21,2,True,event,862.0,271.9879518072289,590.0120481927711,46.0,104.63352594618677,3.0,3.0,6.0,4.284000000000001,2.1420000000000003,1.7136,714,714,front,100.0,0
2026-01-21,v8_dynamic,90,21,2,True,event,862.0,271.9879518072289,590.0120481927711,46.0,104.63352594618677,3.0,3.0,6.0,4.284000000000001,2.1420000000000003,1.7136,714,714,front,100.0,0
2026-01-22,v6a_hit_an,90,22,3,True,event,-200.0,229.96987951807228,-429.9698795180723,34.0,95.14512877140223,0.0,1.0,2.0,0.0,0.7140000000000001,0.5712,714,714,front,100.0,0
2026-01-22,v8_dynamic,90,22,3,True,event,-76.0,220.63253012048193,-296.63253012048193,38.0,95.32750998167397,0.0,1.0,2.0,0.0,0.7140000000000001,0.5712,714,714,front,100.0,0
2026-01-23,v6a_hit_an,90,23,4,False,non_event,-264.0,24.849397590361445,-288.84939759036143,26.0,94.43097087329386,0.0,1.0,3.0,0.0,0.7140000000000001,0.8568,714,714,front,100.0,0
2026-01-23,v8_dynamic,90,23,4,False,non_event,-220.0,21.53614457831325,-241.53614457831324,26.0,95.72832941901495,1.0,2.0,3.0,1.4280000000000002,1.4280000000000002,0.8568,714,714,front,100.0,0
2026-01-24,v6a_hit_an,90,24,5,False,non_event,662.0,170.18072289156626,491.81927710843377,40.0,108.05774849921116,1.0,3.0,10.0,1.4280000000000002,2.1420000000000003,2.856,714,714,front,100.0,0
2026-01-24,v8_dynamic,90,24,5,False,non_event,956.0,148.0421686746988,807.9578313253012,44.0,110.25639202429473,1.0,3.0,10.0,1.4280000000000002,2.1420000000000003,2.856,714,714,front,100.0,0
2026-01-25,v6a_hit_an,90,25,6,False,non_event,920.0,42.01807228915663,877.9819277108434,46.0,106.68657874357748,1.0,2.0,6.0,1.4280000000000002,1.4280000000000002,1.7136,714,714,front,100.0,0
2026-01-25,v8_dynamic,90,25,6,False,non_event,672.0,60.69277108433735,611.3072289156627,44.0,104.58223065658026,1.0,2.0,6.0,1.4280000000000002,1.4280000000000002,1.7136,714,714,front,100.0,0
2026-01-26,v6a_hit_an,90,26,0,False,non_event,-80.0,191.26506024096386,-271.26506024096386,30.0,100.56096474561765,1.0,1.0,3.0,1.4280000000000002,0.7140000000000001,0.8568,714,714,front,100.0,0
2026-01-26,v8_dynamic,90,26,0,False,non_event,36.0,182.53012048192772,-146.53012048192772,30.0,101.95682347035553,2.0,2.0,3.0,2.8560000000000003,1.4280000000000002,0.8568,714,714,front,100.0,0
2026-01-27,v6a_hit_an,90,27,1,True,event,-268.0,358.2831325301205,-626.2831325301205,32.0,98.51783619759992,1.0,2.0,3.0,1.4280000000000002,1.4280000000000002,0.8568,714,714,front,100.0,0
2026-01-27,v8_dynamic,90,27,1,True,event,-370.0,365.96385542168673,-735.9638554216867,30.0,97.71562520223432,1.0,2.0,3.0,1.4280000000000002,1.4280000000000002,0.8568,714,714,front,100.0,0
2026-01-28,v6a_hit_an,90,28,2,False,non_event,-612.0,13.55421686746988,-625.5542168674699,32.0,92.8295920016438,0.0,0.0,2.0,0.0,0.0,0.5712,714,714,front,100.0,0
2026-01-28,v8_dynamic,90,28,2,False,non_event,-646.0,16.1144578313253,-662.1144578313254,32.0,92.45100116466439,0.0,0.0,2.0,0.0,0.0,0.5712,714,714,front,100.0,0
2026-01-29,v6a_hit_an,90,29,3,False,non_event,96.0,-33.8855421686747,129.8855421686747,36.0,97.16514503030899,1.0,2.0,6.0,1.4280000000000002,1.4280000000000002,1.7136,714,714,front,100.0,0
2026-01-29,v8_dynamic,90,29,3,False,non_event,-104.0,-18.825301204819276,-85.17469879518072,34.0,94.96932395336053,1.0,2.0,5.0,1.4280000000000002,1.4280000000000002,1.428,714,714,front,100.0,0
2026-01-30,v6a_hit_an,90,30,4,False,non_event,370.0,211.29518072289156,158.70481927710844,44.0,99.65999430967993,1.0,3.0,5.0,1.4280000000000002,2.1420000000000003,1.428,714,714,front,100.0,0
2026-01-30,v8_dynamic,90,30,4,False,non_event,322.0,214.90963855421685,107.09036144578315,44.0,99.41901097981992,1.0,3.0,5.0,1.4280000000000002,2.1420000000000003,1.428,714,714,front,100.0,0
2026-01-31,v6a_hit_an,90,31,5,True,event,82.0,-375.7530120481928,457.7530120481928,38.0,100.56144343953052,0.0,1.0,3.0,0.0,0.7140000000000001,0.8568,714,714,front,100.0,0
2026-01-31,v8_dynamic,90,31,5,True,event,46.0,-373.0421686746988,419.0421686746988,36.0,100.06215491027753,0.0,1.0,3.0,0.0,0.7140000000000001,0.8568,714,714,front,100.0,0
2026-02-01,v6a_hit_an,90,1,6,True,event,32.0,49.69879518072289,-17.69879518072289,46.0,99.27349100962498,1.0,1.0,1.0,1.4280000000000002,0.7140000000000001,0.2856,714,714,front,100.0,0
2026-02-01,v8_dynamic,90,1,6,True,event,-2.0,52.25903614457831,-54.25903614457831,46.0,99.03217947131083,1.0,1.0,1.0,1.4280000000000002,0.7140000000000001,0.2856,714,714,front,100.0,0
2026-02-02,v6a_hit_an,90,2,0,False,non_event,284.0,84.63855421686748,199.36144578313252,34.0,100.99948237605388,2.0,4.0,6.0,2.8560000000000003,2.8560000000000003,1.7136,714,714,front,100.0,0
2026-02-02,v8_dynamic,90,2,0,False,non_event,512.0,67.46987951807229,444.5301204819277,36.0,103.60123760171037,1.0,3.0,6.0,1.4280000000000002,2.1420000000000003,1.7136,714,714,front,100.0,0
2026-02-03,v6a_hit_an,90,3,1,False,non_event,456.0,-100.15060240963855,556.1506024096385,36.0,102.0144018359267,1.0,4.0,9.0,1.4280000000000002,2.8560000000000003,2.5704,714,714,front,100.0,0
2026-02-03,v8_dynamic,90,3,1,False,non_event,456.0,-100.15060240963855,556.1506024096385,36.0,102.0144018359267,1.0,4.0,9.0,1.4280000000000002,2.8560000000000003,2.5704,714,714,front,100.0,0
2026-02-04,v6a_hit_an,90,4,2,False,non_event,-486.0,120.93373493975903,-606.933734939759,32.0,91.48328206002385,0.0,0.0,2.0,0.0,0.0,0.5712,714,714,front,100.0,0
2026-02-04,v8_dynamic,90,4,2,False,non_event,-412.0,115.36144578313252,-527.3614457831325,30.0,91.37084835579947,0.0,0.0,2.0,0.0,0.0,0.5712,714,714,front,100.0,0
2026-02-05,v6a_hit_an,90,5,3,False,non_event,20.0,111.89759036144578,-91.89759036144578,34.0,99.860670232789,1.0,1.0,5.0,1.4280000000000002,0.7140000000000001,1.428,714,714,front,100.0,0
2026-02-05,v8_dynamic,90,5,3,False,non_event,340.0,87.8012048192771,252.1987951807229,36.0,102.99711022157669,2.0,2.0,6.0,2.8560000000000003,1.4280000000000002,1.7136,714,714,front,100.0,0
2026-02-06,v6a_hit_an,90,6,4,False,non_event,484.0,-6.77710843373494,490.77710843373495,42.0,109.04547504630864,1.0,3.0,7.0,1.4280000000000002,2.1420000000000003,1.9992,714,714,front,100.0,0
2026-02-06,v8_dynamic,90,6,4,False,non_event,242.0,11.44578313253012,230.55421686746988,40.0,107.21606626786951,0.0,2.0,6.0,0.0,1.4280000000000002,1.7136,714,714,front,100.0,0
2026-02-07,v6a_hit_an,90,7,5,True,event,-86.0,228.3132530120482,-314.3132530120482,46.0,100.43035086735426,0.0,1.0,2.0,0.0,0.7140000000000001,0.5712,714,714,front,100.0,0
2026-02-07,v8_dynamic,90,7,5,True,event,-498.0,259.33734939759034,-757.3373493975903,38.0,97.62867269794091,0.0,0.0,1.0,0.0,0.0,0.2856,714,714,front,100.0,0
2026-02-08,v6a_hit_an,90,8,6,False,non_event,-164.0,228.3132530120482,-392.3132530120482,26.0,97.31826210400818,2.0,4.0,6.0,2.8560000000000003,2.8560000000000003,1.7136,714,714,front,100.0,0
2026-02-08,v8_dynamic,90,8,6,False,non_event,-164.0,228.3132530120482,-392.3132530120482,26.0,97.31826210400821,2.0,4.0,6.0,2.8560000000000003,2.8560000000000003,1.7136,714,714,front,100.0,0
2026-02-09,v6a_hit_an,90,9,0,False,non_event,-48.0,158.13253012048193,-206.13253012048193,32.0,96.07500720847405,0.0,1.0,3.0,0.0,0.7140000000000001,0.8568,714,714,front,100.0,0
2026-02-09,v8_dynamic,90,9,0,False,non_event,-228.0,171.6867469879518,-399.6867469879518,28.000000000000004,96.21916471283154,0.0,1.0,3.0,0.0,0.7140000000000001,0.8568,714,714,front,100.0,0
2026-02-10,v6a_hit_an,90,10,1,False,non_event,360.0,291.7168674698795,68.2831325301205,38.0,98.20037501243321,0.0,1.0,5.0,0.0,0.7140000000000001,1.428,714,714,front,100.0,0
2026-02-10,v8_dynamic,90,10,1,False,non_event,394.0,289.1566265060241,104.84337349397589,38.0,98.87421712573008,0.0,1.0,5.0,0.0,0.7140000000000001,1.428,714,714,front,100.0,0
2026-02-11,v6a_hit_an,90,11,2,True,event,216.0,24.698795180722893,191.3012048192771,42.0,100.23480498312729,1.0,1.0,5.0,1.4280000000000002,0.7140000000000001,1.428,714,714,front,100.0,0
2026-02-11,v8_dynamic,90,11,2,True,event,262.0,21.234939759036145,240.76506024096386,42.0,100.52148116072836,1.0,1.0,5.0,1.4280000000000002,0.7140000000000001,1.428,714,714,front,100.0,0
2026-02-12,v6a_hit_an,90,12,3,False,non_event,-14.0,220.18072289156626,-234.18072289156626,42.0,95.87358317098325,0.0,0.0,2.0,0.0,0.0,0.5712,714,714,back,100.0,0
2026-02-12,v8_dynamic,90,12,3,False,non_event,148.0,207.98192771084337,-59.981927710843365,40.0,98.19371447091784,0.0,0.0,3.0,0.0,0.0,0.8568,714,714,back,100.0,0
2026-02-13,v6a_hit_an,90,13,4,False,non_event,120.0,66.26506024096386,53.73493975903614,36.0,97.73840647790519,2.0,2.0,3.0,2.8560000000000003,1.4280000000000002,0.8568,714,714,back,100.0,0
2026-02-13,v8_dynamic,90,13,4,False,non_event,168.0,62.65060240963855,105.34939759036145,36.0,98.95717514250096,2.0,2.0,3.0,2.8560000000000003,1.4280000000000002,0.8568,714,714,back,100.0,0
2026-02-14,v6a_hit_an,90,14,5,False,non_event,698.0,85.24096385542168,612.7590361445783,54.0,105.4946949264758,1.0,2.0,6.0,1.4280000000000002,1.4280000000000002,1.7136,714,714,back,100.0,0
2026-02-14,v8_dynamic,90,14,5,False,non_event,536.0,97.43975903614458,438.56024096385545,52.0,104.93050828687969,1.0,2.0,7.0,1.4280000000000002,1.4280000000000002,1.9992,714,714,back,100.0,0
2026-02-15,v6a_hit_an,90,15,6,False,non_event,868.0,-100.15060240963855,968.1506024096385,50.0,105.82925746708993,3.0,4.0,7.0,4.284000000000001,2.8560000000000003,1.9992,714,714,back,100.0,0
2026-02-15,v8_dynamic,90,15,6,False,non_event,936.0,-105.2710843373494,1041.2710843373493,54.0,107.44725431408001,2.0,3.0,8.0,2.8560000000000003,2.1420000000000003,2.2848,714,714,back,100.0,0
2026-02-16,v6a_hit_an,90,16,0,False,non_event,18.0,19.427710843373493,-1.427710843373493,40.0,104.24641509609293,2.0,2.0,2.0,2.8560000000000003,1.4280000000000002,0.5712,714,714,back,100.0,0
2026-02-16,v8_dynamic,90,16,0,False,non_event,436.0,-12.048192771084338,448.04819277108436,46.0,110.77466249325454,2.0,3.0,5.0,2.8560000000000003,2.1420000000000003,1.428,714,714,back,100.0,0
2026-02-17,v6a_hit_an,90,17,1,True,event,378.0,6.174698795180723,371.82530120481925,36.0,99.25061861489357,3.0,3.0,4.0,4.284000000000001,2.1420000000000003,1.1424,714,714,back,100.0,0
2026-02-17,v8_dynamic,90,17,1,True,event,522.0,-4.668674698795181,526.6686746987951,38.0,101.61820577659127,3.0,4.0,5.0,4.284000000000001,2.8560000000000003,1.428,714,714,back,100.0,0
2026-02-18,v6a_hit_an,90,18,2,False,non_event,-706.0,166.26506024096386,-872.2650602409639,26.0,93.57960271454225,0.0,0.0,3.0,0.0,0.0,0.8568,714,714,back,100.0,0
2026-02-18,v8_dynamic,90,18,2,False,non_event,-808.0,173.94578313253012,-981.9457831325301,24.0,91.6207560764003,0.0,0.0,3.0,0.0,0.0,0.8568,714,714,back,100.0,0
2026-02-19,v6a_hit_an,90,19,3,False,non_event,182.0,225.75301204819277,-43.75301204819277,34.0,98.87156984607108,1.0,1.0,4.0,1.4280000000000002,0.7140000000000001,1.1424,714,714,back,100.0,0
2026-02-19,v8_dynamic,90,19,3,False,non_event,180.0,225.90361445783134,-45.90361445783134,32.0,96.35925393661026,1.0,1.0,5.0,1.4280000000000002,0.7140000000000001,1.428,714,714,back,100.0,0
2026-02-20,v6a_hit_an,90,20,4,False,non_event,-44.0,0.0,-44.0,44.0,98.08112839343747,1.0,1.0,4.0,1.4280000000000002,0.7140000000000001,1.1424,714,714,back,100.0,0
2026-02-20,v8_dynamic,90,20,4,False,non_event,-52.0,0.6024096385542169,-52.602409638554214,44.0,98.0395801943493,1.0,1.0,4.0,1.4280000000000002,0.7140000000000001,1.1424,714,714,back,100.0,0
2026-02-21,v6a_hit_an,90,21,5,True,event,866.0,-281.4759036144578,1147.4759036144578,42.0,107.78196007626795,2.0,5.0,9.0,2.8560000000000003,3.5700000000000003,2.5704,714,714,back,100.0,0
2026-02-21,v8_dynamic,90,21,5,True,event,968.0,-289.1566265060241,1257.1566265060242,44.0,108.44474436787873,2.0,5.0,10.0,2.8560000000000003,3.5700000000000003,2.856,714,714,back,100.0,0
2026-02-22,v6a_hit_an,90,22,6,True,event,136.0,685.843373493976,-549.843373493976,40.0,101.43009372768388,0.0,0.0,3.0,0.0,0.0,0.8568,714,714,back,100.0,0
2026-02-22,v8_dynamic,90,22,6,True,event,-192.0,710.5421686746988,-902.5421686746988,34.0,99.0288155912807,0.0,0.0,2.0,0.0,0.0,0.5712,714,714,back,100.0,0
2026-02-23,v6a_hit_an,90,23,0,False,non_event,-450.0,-163.1024096385542,-286.8975903614458,32.0,94.02048293894427,0.0,1.0,4.0,0.0,0.7140000000000001,1.1424,714,714,back,100.0,0
2026-02-23,v8_dynamic,90,23,0,False,non_event,-524.0,-157.53012048192772,-366.4698795180723,30.0,93.70747114832037,0.0,1.0,4.0,0.0,0.7140000000000001,1.1424,714,714,back,100.0,0
2026-02-24,v6a_hit_an,90,24,1,False,non_event,616.0,48.795180722891565,567.2048192771084,36.0,99.35570880765019,2.0,3.0,8.0,2.8560000000000003,2.1420000000000003,2.2848,714,714,back,100.0,0
2026-02-24,v8_dynamic,90,24,1,False,non_event,370.0,67.31927710843374,302.68072289156623,32.0,97.08306493222686,2.0,4.0,7.0,2.8560000000000003,2.8560000000000003,1.9992,714,714,back,100.0,0
2026-02-25,v6a_hit_an,90,25,2,False,non_event,202.0,26.204819277108435,175.79518072289156,36.0,96.83659377685139,3.0,3.0,4.0,4.284000000000001,2.1420000000000003,1.1424,714,714,back,100.0,0
2026-02-25,v8_dynamic,90,25,2,False,non_event,-8.0,42.01807228915663,-50.01807228915663,36.0,95.84675971376262,2.0,2.0,3.0,2.8560000000000003,1.4280000000000002,0.8568,714,714,back,100.0,0
2026-02-26,v6a_hit_an,90,26,3,False,non_event,652.0,37.80120481927711,614.1987951807229,46.0,104.44094609757869,2.0,4.0,5.0,2.8560000000000003,2.8560000000000003,1.428,714,714,back,100.0,0
2026-02-26,v8_dynamic,90,26,3,False,non_event,674.0,36.144578313253014,637.855421686747,44.0,107.73717268886003,2.0,4.0,6.0,2.8560000000000003,2.8560000000000003,1.7136,714,714,back,100.0,0
2026-02-27,v6a_hit_an,90,27,4,True,event,476.0,-42.46987951807229,518.4698795180723,46.0,102.95905417034518,1.0,2.0,9.0,1.4280000000000002,1.4280000000000002,2.5704,714,714,back,100.0,0
2026-02-27,v8_dynamic,90,27,4,True,event,716.0,-60.54216867469879,776.5421686746988,46.0,105.48455976076069,2.0,3.0,10.0,2.8560000000000003,2.1420000000000003,2.856,714,714,back,100.0,0
2026-02-28,v6a_hit_an,90,28,5,True,event,798.0,490.5120481927711,307.4879518072289,44.0,106.18865650843884,0.0,2.0,5.0,0.0,1.4280000000000002,1.428,714,714,back,100.0,0
2026-02-28,v8_dynamic,90,28,5,True,event,554.0,508.8855421686747,45.114457831325296,44.0,104.67408206551931,0.0,2.0,4.0,0.0,1.4280000000000002,1.1424,714,714,back,100.0,0
2026-03-01,v6a_hit_an,90,1,6,True,event,1162.0,203.0120481927711,958.9879518072289,66.0,106.54529489922868,1.0,2.0,5.0,1.4280000000000002,1.4280000000000002,1.428,714,714,back,100.0,0
2026-03-01,v8_dynamic,90,1,6,True,event,994.0,215.66265060240963,778.3373493975904,70.0,104.93179083518682,1.0,1.0,3.0,1.4280000000000002,0.7140000000000001,0.8568,714,714,back,100.0,0
2026-03-02,v6a_hit_an,90,2,0,False,non_event,-382.0,127.10843373493977,-509.10843373493975,24.0,95.14753303124031,0.0,0.0,4.0,0.0,0.0,1.1424,714,714,back,100.0,0
2026-03-02,v8_dynamic,90,2,0,False,non_event,-284.0,119.7289156626506,-403.7289156626506,28.000000000000004,95.83887533379894,0.0,1.0,5.0,0.0,0.7140000000000001,1.428,714,714,back,100.0,0
2026-03-03,v6a_hit_an,90,3,1,False,non_event,502.0,251.05421686746988,250.94578313253012,42.0,103.514271019687,1.0,2.0,3.0,1.4280000000000002,1.4280000000000002,0.8568,714,714,back,100.0,0
2026-03-03,v8_dynamic,90,3,1,False,non_event,298.0,266.4156626506024,31.584337349397572,38.0,102.27171012539019,1.0,2.0,3.0,1.4280000000000002,1.4280000000000002,0.8568,714,714,back,100.0,0
2026-03-04,v6a_hit_an,90,4,2,False,non_event,16.0,113.25301204819277,-97.25301204819277,28.000000000000004,96.0427817107053,1.0,2.0,3.0,1.4280000000000002,1.4280000000000002,0.8568,714,714,back,100.0,0
2026-03-04,v8_dynamic,90,4,2,False,non_event,-310.0,137.8012048192771,-447.80120481927713,26.0,92.63235258636463,0.0,1.0,1.0,0.0,0.7140000000000001,0.2856,714,714,back,100.0,0
2026-03-05,v6a_hit_an,90,5,3,False,non_event,-54.0,89.60843373493977,-143.60843373493975,34.0,98.37722835964986,1.0,1.0,4.0,1.4280000000000002,0.7140000000000001,1.1424,714,714,back,100.0,0
2026-03-05,v8_dynamic,90,5,3,False,non_event,-72.0,90.96385542168674,-162.96385542168673,32.0,98.03547535673643,1.0,1.0,4.0,1.4280000000000002,0.7140000000000001,1.1424,714,714,back,100.0,0
2026-03-06,v6a_hit_an,90,6,4,False,non_event,164.0,38.102409638554214,125.8975903614458,36.0,103.26767310134235,2.0,3.0,4.0,2.8560000000000003,2.1420000000000003,1.1424,714,714,back,100.0,0
2026-03-06,v8_dynamic,90,6,4,False,non_event,74.0,44.87951807228916,29.12048192771084,32.0,101.93770071631657,2.0,3.0,5.0,2.8560000000000003,2.1420000000000003,1.428,714,714,back,100.0,0
2026-03-07,v6a_hit_an,90,7,5,True,event,32.0,-124.54819277108433,156.54819277108433,38.0,106.40876150342757,3.0,3.0,7.0,4.284000000000001,2.1420000000000003,1.9992,714,714,back,100.0,0
2026-03-07,v8_dynamic,90,7,5,True,event,62.0,-126.80722891566265,188.80722891566265,40.0,106.52267551261946,3.0,3.0,7.0,4.284000000000001,2.1420000000000003,1.9992,714,714,back,100.0,0
2026-03-08,v6a_hit_an,90,8,6,False,non_event,192.0,110.09036144578313,81.90963855421687,48.0,98.8433307867174,0.0,1.0,2.0,0.0,0.7140000000000001,0.5712,714,714,back,100.0,0
2026-03-08,v8_dynamic,90,8,6,False,non_event,898.0,56.9277108433735,841.0722891566265,60.0,106.97430422468514,1.0,2.0,5.0,1.4280000000000002,1.4280000000000002,1.428,714,714,back,100.0,0
2026-03-09,v6a_hit_an,90,9,0,False,non_event,-400.0,-3.9156626506024095,-396.0843373493976,16.0,91.34589842803756,1.0,1.0,3.0,1.4280000000000002,0.7140000000000001,0.8568,714,714,back,100.0,0
2026-03-09,v8_dynamic,90,9,0,False,non_event,-210.0,-18.22289156626506,-191.77710843373495,16.0,102.74309956780554,2.0,2.0,5.0,2.8560000000000003,1.4280000000000002,1.428,714,714,back,100.0,0
2026-03-10,v6a_hit_an,90,10,1,False,non_event,-280.0,-43.975903614457835,-236.02409638554218,32.0,92.33413385985497,0.0,0.0,3.0,0.0,0.0,0.8568,714,714,back,100.0,0
2026-03-10,v8_dynamic,90,10,1,False,non_event,-264.0,-45.18072289156626,-218.81927710843374,34.0,95.02870892723801,0.0,0.0,2.0,0.0,0.0,0.5712,714,714,back,100.0,0
2026-03-11,v6a_hit_an,90,11,2,True,event,1184.0,129.96987951807228,1054.0301204819277,46.0,104.73765636876875,1.0,3.0,8.0,1.4280000000000002,2.1420000000000003,2.2848,714,714,back,100.0,0
2026-03-11,v8_dynamic,90,11,2,True,event,1616.0,97.43975903614458,1518.5602409638554,54.0,108.92415231977397,1.0,3.0,9.0,1.4280000000000002,2.1420000000000003,2.5704,714,714,back,100.0,0
2026-03-12,v6a_hit_an,90,12,3,False,non_event,-140.0,45.33132530120482,-185.33132530120483,26.0,95.65963583119789,0.0,1.0,3.0,0.0,0.7140000000000001,0.8568,714,714,back,100.0,0
2026-03-12,v8_dynamic,90,12,3,False,non_event,-194.0,49.397590361445786,-243.3975903614458,28.000000000000004,96.60095472787779,0.0,1.0,2.0,0.0,0.7140000000000001,0.5712,714,714,back,100.0,0
2026-03-13,v6a_hit_an,90,13,4,False,non_event,152.0,-43.825301204819276,195.82530120481928,36.0,97.39667916200465,1.0,3.0,5.0,1.4280000000000002,2.1420000000000003,1.428,714,714,back,100.0,0
2026-03-13,v8_dynamic,90,13,4,False,non_event,20.0,-33.8855421686747,53.8855421686747,34.0,96.98249893772662,1.0,3.0,5.0,1.4280000000000002,2.1420000000000003,1.428,714,714,back,100.0,0
2026-03-14,v6a_hit_an,90,14,5,False,non_event,102.0,310.39156626506025,-208.39156626506025,48.0,100.23428102083466,0.0,0.0,1.0,0.0,0.0,0.2856,714,714,back,100.0,0
2026-03-14,v8_dynamic,90,14,5,False,non_event,282.0,296.83734939759034,-14.837349397590344,48.0,101.93697163696989,0.0,0.0,2.0,0.0,0.0,0.5712,714,714,back,100.0,0
2026-03-15,v6a_hit_an,90,15,6,False,non_event,118.0,88.10240963855422,29.89759036144578,44.0,100.32016461816656,1.0,2.0,3.0,1.4280000000000002,1.4280000000000002,0.8568,714,714,back,100.0,0
2026-03-15,v8_dynamic,90,15,6,False,non_event,298.0,74.54819277108433,223.45180722891567,44.0,101.88393033546988,1.0,2.0,4.0,1.4280000000000002,1.4280000000000002,1.1424,714,714,back,100.0,0
2026-03-16,v6a_hit_an,90,16,0,False,non_event,126.0,267.01807228915663,-141.01807228915663,38.0,98.05099964463805,0.0,1.0,4.0,0.0,0.7140000000000001,1.1424,714,714,back,100.0,0
2026-03-16,v8_dynamic,90,16,0,False,non_event,466.0,241.4156626506024,224.5843373493976,38.0,99.21383967003905,2.0,2.0,5.0,2.8560000000000003,1.4280000000000002,1.428,714,714,back,100.0,0
2026-03-17,v6a_hit_an,90,17,1,True,event,424.0,156.9277108433735,267.07228915662654,40.0,101.70305609040011,0.0,1.0,5.0,0.0,0.7140000000000001,1.428,714,714,back,100.0,0
2026-03-17,v8_dynamic,90,17,1,True,event,388.0,159.63855421686748,228.36144578313252,42.0,102.14628064554188,0.0,1.0,4.0,0.0,0.7140000000000001,1.1424,714,714,back,100.0,0
2026-03-18,v6a_hit_an,90,18,2,False,non_event,154.0,-53.16265060240964,207.16265060240966,36.0,95.59384388262124,2.0,3.0,5.0,2.8560000000000003,2.1420000000000003,1.428,714,714,back,100.0,0
2026-03-18,v8_dynamic,90,18,2,False,non_event,162.0,-53.765060240963855,215.76506024096386,34.0,97.5540409572262,2.0,2.0,6.0,2.8560000000000003,1.4280000000000002,1.7136,714,714,back,100.0,0
2026-03-19,v6a_hit_an,90,19,3,False,non_event,106.0,51.355421686746986,54.644578313253014,38.0,102.20497194617809,1.0,2.0,6.0,1.4280000000000002,1.4280000000000002,1.7136,714,714,back,100.0,0
2026-03-19,v8_dynamic,90,19,3,False,non_event,-484.0,95.78313253012048,-579.7831325301205,30.0,93.59691955755919,0.0,0.0,3.0,0.0,0.0,0.8568,714,714,back,100.0,0
2026-03-20,v6a_hit_an,90,20,4,False,non_event,-34.0,-3.9156626506024095,-30.08433734939759,36.0,101.58896634817839,2.0,3.0,6.0,2.8560000000000003,2.1420000000000003,1.7136,714,714,back,100.0,0
2026-03-20,v8_dynamic,90,20,4,False,non_event,-612.0,39.60843373493976,-651.6084337349398,34.0,94.37121596954822,1.0,2.0,3.0,1.4280000000000002,1.4280000000000002,0.8568,714,714,back,100.0,0
2026-03-21,v6a_hit_an,90,21,5,True,event,164.0,217.92168674698794,-53.921686746987945,44.0,101.68041460933095,0.0,0.0,6.0,0.0,0.0,1.7136,714,714,back,100.0,0
2026-03-21,v8_dynamic,90,21,5,True,event,-38.0,233.13253012048193,-271.13253012048193,40.0,100.01446308138813,0.0,0.0,6.0,0.0,0.0,1.7136,714,714,back,100.0,0
2026-03-22,v6a_hit_an,90,22,6,True,event,-444.0,-139.30722891566265,-304.6927710843373,34.0,95.79949401653533,2.0,2.0,2.0,2.8560000000000003,1.4280000000000002,0.5712,714,714,back,100.0,0
2026-03-22,v8_dynamic,90,22,6,True,event,-256.0,-153.46385542168676,-102.53614457831324,36.0,96.9700475284865,2.0,2.0,2.0,2.8560000000000003,1.4280000000000002,0.5712,714,714,back,100.0,0
2026-03-23,v6a_hit_an,90,23,0,False,non_event,-302.0,161.44578313253012,-463.4457831325301,26.0,92.63265742087383,0.0,1.0,3.0,0.0,0.7140000000000001,0.8568,714,714,back,100.0,0
2026-03-23,v8_dynamic,90,23,0,False,non_event,-148.0,149.84939759036143,-297.84939759036143,30.0,95.28587359177048,0.0,2.0,3.0,0.0,1.4280000000000002,0.8568,714,714,back,100.0,0
2026-03-24,v6a_hit_an,90,24,1,False,non_event,-472.0,127.56024096385542,-599.5602409638554,30.0,99.95909859332662,0.0,1.0,2.0,0.0,0.7140000000000001,0.5712,714,714,back,100.0,0
2026-03-24,v8_dynamic,90,24,1,False,non_event,-464.0,126.9578313253012,-590.9578313253012,30.0,98.79064235489213,0.0,1.0,2.0,0.0,0.7140000000000001,0.5712,714,714,back,100.0,0
2026-03-25,v6a_hit_an,90,25,2,False,non_event,-66.0,16.566265060240966,-82.56626506024097,36.0,105.73788033091253,0.0,1.0,2.0,0.0,0.7140000000000001,0.5712,714,714,back,100.0,0
2026-03-25,v8_dynamic,90,25,2,False,non_event,98.0,4.216867469879518,93.78313253012048,38.0,106.69009059580432,0.0,1.0,3.0,0.0,0.7140000000000001,0.8568,714,714,back,100.0,0
2026-03-26,v6a_hit_an,90,26,3,False,non_event,-294.0,79.66867469879519,-373.6686746987952,24.0,95.60346158419378,0.0,0.0,1.0,0.0,0.0,0.2856,714,714,back,100.0,0
2026-03-26,v8_dynamic,90,26,3,False,non_event,-14.0,58.58433734939759,-72.5843373493976,34.0,100.3907909327311,0.0,0.0,2.0,0.0,0.0,0.5712,714,714,back,100.0,0
2026-03-27,v6a_hit_an,90,27,4,True,event,602.0,30.120481927710845,571.8795180722891,52.0,102.95226689893357,2.0,3.0,5.0,2.8560000000000003,2.1420000000000003,1.428,714,714,back,100.0,0
2026-03-27,v8_dynamic,90,27,4,True,event,480.0,39.30722891566265,440.6927710843373,50.0,102.42910997121051,2.0,3.0,4.0,2.8560000000000003,2.1420000000000003,1.1424,714,714,back,100.0,0
2026-03-28,v6a_hit_an,90,28,5,False,non_event,912.0,268.82530120481925,643.1746987951808,48.0,107.51244610541508,0.0,2.0,7.0,0.0,1.4280000000000002,1.9992,714,714,back,100.0,0
2026-03-28,v8_dynamic,90,28,5,False,non_event,1058.0,257.8313253012048,800.1686746987953,48.0,108.98656560917645,1.0,3.0,8.0,1.4280000000000002,2.1420000000000003,2.2848,714,714,back,100.0,0
2026-03-29,v6a_hit_an,90,29,6,False,non_event,10.0,-110.09036144578313,120.09036144578313,30.0,96.87386353248876,1.0,1.0,4.0,1.4280000000000002,0.7140000000000001,1.1424,714,714,back,100.0,0
2026-03-29,v8_dynamic,90,29,6,False,non_event,-4.0,-109.03614457831326,105.03614457831326,38.0,96.76481172897442,0.0,0.0,4.0,0.0,0.0,1.1424,714,714,back,100.0,0
2026-03-30,v6a_hit_an,90,30,0,False,non_event,-292.0,311.144578313253,-603.1445783132531,40.0,94.8122610205826,0.0,0.0,4.0,0.0,0.0,1.1424,714,714,back,100.0,0
2026-03-30,v8_dynamic,90,30,0,False,non_event,-404.0,319.578313253012,-723.5783132530121,40.0,94.12038951183877,0.0,0.0,4.0,0.0,0.0,1.1424,714,714,back,100.0,0
2026-03-31,v6a_hit_an,90,31,1,True,event,-252.0,65.96385542168674,-317.96385542168673,36.0,95.43402387947721,0.0,1.0,4.0,0.0,0.7140000000000001,1.1424,714,714,back,100.0,0
2026-03-31,v8_dynamic,90,31,1,True,event,-262.0,66.71686746987952,-328.7168674698795,38.0,96.25429556733326,0.0,1.0,4.0,0.0,0.7140000000000001,1.1424,714,714,back,100.0,0
2026-04-01,v6a_hit_an,90,1,2,True,event,762.0,217.46987951807228,544.5301204819277,56.00000000000001,102.71308555507727,0.0,0.0,3.0,0.0,0.0,0.8568,714,714,back,100.0,0
2026-04-01,v8_dynamic,90,1,2,True,event,720.0,220.63253012048193,499.36746987951807,56.00000000000001,102.4663901950538,0.0,0.0,1.0,0.0,0.0,0.2856,714,714,back,100.0,0
2026-04-02,v6a_hit_an,90,2,3,False,non_event,500.0,196.9879518072289,303.0120481927711,36.0,108.10877273697443,3.0,5.0,5.0,4.284000000000001,3.5700000000000003,1.428,714,714,back,100.0,0
2026-04-02,v8_dynamic,90,2,3,False,non_event,334.0,209.4879518072289,124.51204819277109,36.0,104.57567554495854,2.0,4.0,4.0,2.8560000000000003,2.8560000000000003,1.1424,714,714,back,100.0,0
2026-04-03,v6a_hit_an,90,3,4,False,non_event,-132.0,140.66265060240963,-272.6626506024096,30.0,93.92988217351851,0.0,0.0,5.0,0.0,0.0,1.428,714,714,back,100.0,0
2026-04-03,v8_dynamic,90,3,4,False,non_event,106.0,122.74096385542168,-16.740963855421683,40.0,99.37414716958169,1.0,1.0,4.0,1.4280000000000002,0.7140000000000001,1.1424,714,714,back,100.0,0
2026-04-04,v6a_hit_an,90,4,5,False,non_event,442.0,331.0240963855422,110.97590361445782,44.0,102.81739548268322,1.0,1.0,5.0,1.4280000000000002,0.7140000000000001,1.428,714,714,back,100.0,0
2026-04-04,v8_dynamic,90,4,5,False,non_event,712.0,310.6927710843373,401.3072289156627,42.0,105.93135970137952,1.0,2.0,8.0,1.4280000000000002,1.4280000000000002,2.2848,714,714,back,100.0,0
2026-04-05,v6a_hit_an,90,5,6,False,non_event,348.0,9.036144578313253,338.96385542168673,42.0,103.30522520022564,1.0,2.0,8.0,1.4280000000000002,1.4280000000000002,2.2848,714,714,back,100.0,0
2026-04-05,v8_dynamic,90,5,6,False,non_event,190.0,20.933734939759034,169.06626506024097,40.0,101.52160752921657,1.0,2.0,7.0,1.4280000000000002,1.4280000000000002,1.9992,714,714,back,100.0,0
2026-04-06,v6a_hit_an,90,6,0,False,non_event,68.0,72.74096385542168,-4.740963855421683,36.0,98.36977002302383,1.0,1.0,3.0,1.4280000000000002,0.7140000000000001,0.8568,714,714,back,100.0,0
2026-04-06,v8_dynamic,90,6,0,False,non_event,-138.0,88.25301204819277,-226.25301204819277,36.0,96.59605133072208,1.0,1.0,3.0,1.4280000000000002,0.7140000000000001,0.8568,714,714,back,100.0,0
2026-04-07,v6a_hit_an,90,7,1,True,event,-196.0,209.03614457831324,-405.03614457831327,40.0,97.32758173624721,0.0,1.0,3.0,0.0,0.7140000000000001,0.8568,714,714,back,100.0,0
2026-04-07,v8_dynamic,90,7,1,True,event,-50.0,198.0421686746988,-248.0421686746988,42.0,98.03780999148624,0.0,1.0,3.0,0.0,0.7140000000000001,0.8568,714,714,back,100.0,0
2026-04-08,v6a_hit_an,90,8,2,False,non_event,756.0,168.3734939759036,587.6265060240964,38.0,103.85627973184613,2.0,4.0,8.0,2.8560000000000003,2.8560000000000003,2.2848,714,714,back,100.0,0
2026-04-08,v8_dynamic,90,8,2,False,non_event,618.0,178.76506024096386,439.23493975903614,36.0,102.1567931523727,2.0,4.0,7.0,2.8560000000000003,2.8560000000000003,1.9992,714,714,back,100.0,0
2026-04-09,v6a_hit_an,90,9,3,False,non_event,-236.0,34.63855421686747,-270.6385542168675,30.0,97.38443335120918,1.0,1.0,2.0,1.4280000000000002,0.7140000000000001,0.5712,714,714,back,100.0,0
2026-04-09,v8_dynamic,90,9,3,False,non_event,-506.0,54.96987951807229,-560.9698795180723,26.0,92.74849767481906,0.0,0.0,1.0,0.0,0.0,0.2856,714,714,back,100.0,0
2026-04-10,v6a_hit_an,90,10,4,False,non_event,806.0,21.234939759036145,784.7650602409639,46.0,103.97613758684136,2.0,3.0,7.0,2.8560000000000003,2.1420000000000003,1.9992,714,714,back,100.0,0
2026-04-10,v8_dynamic,90,10,4,False,non_event,652.0,32.83132530120482,619.1686746987951,42.0,102.6188426968475,2.0,3.0,7.0,2.8560000000000003,2.1420000000000003,1.9992,714,714,back,100.0,0
2026-04-11,v6a_hit_an,90,11,5,True,event,1012.0,213.55421686746988,798.4457831325301,50.0,109.42311612893694,1.0,1.0,7.0,1.4280000000000002,0.7140000000000001,1.9992,714,714,back,100.0,0
2026-04-11,v8_dynamic,90,11,5,True,event,1124.0,205.12048192771084,918.8795180722891,50.0,111.17116030826627,1.0,1.0,8.0,1.4280000000000002,0.7140000000000001,2.2848,714,714,back,100.0,0
2026-04-12,v6a_hit_an,90,12,6,False,non_event,572.0,154.21686746987953,417.7831325301205,50.0,103.53636666585176,1.0,2.0,4.0,1.4280000000000002,1.4280000000000002,1.1424,714,714,back,100.0,0
2026-04-12,v8_dynamic,90,12,6,False,non_event,438.0,164.30722891566265,273.6927710843373,46.0,101.88263855619785,1.0,2.0,4.0,1.4280000000000002,1.4280000000000002,1.1424,714,714,back,100.0,0
2026-04-13,v6a_hit_an,90,13,0,False,non_event,-238.0,1.0542168674698795,-239.05421686746988,30.0,94.01193703338379,0.0,0.0,4.0,0.0,0.0,1.1424,714,714,back,100.0,0
2026-04-13,v8_dynamic,90,13,0,False,non_event,-78.0,-10.993975903614459,-67.00602409638554,36.0,96.02658810404665,0.0,0.0,5.0,0.0,0.0,1.428,714,714,back,100.0,0
2026-04-14,v6a_hit_an,90,14,1,False,non_event,-202.0,128.9156626506024,-330.91566265060237,30.0,91.7119672872759,0.0,0.0,1.0,0.0,0.0,0.2856,714,714,back,100.0,0
2026-04-14,v8_dynamic,90,14,1,False,non_event,-226.0,130.72289156626505,-356.72289156626505,30.0,90.62423527200878,0.0,0.0,1.0,0.0,0.0,0.2856,714,714,back,100.0,0
2026-04-15,v6a_hit_an,90,15,2,False,non_event,132.0,63.704819277108435,68.29518072289156,42.0,95.87904723624823,0.0,1.0,4.0,0.0,0.7140000000000001,1.1424,714,714,back,100.0,0
2026-04-15,v8_dynamic,90,15,2,False,non_event,-86.0,80.12048192771084,-166.12048192771084,40.0,94.63872842846007,0.0,1.0,4.0,0.0,0.7140000000000001,1.1424,714,714,back,100.0,0
2026-04-16,v6a_hit_an,90,16,3,False,non_event,-120.0,-10.240963855421686,-109.75903614457832,30.0,98.46157212075524,0.0,1.0,5.0,0.0,0.7140000000000001,1.428,714,714,back,100.0,0
2026-04-16,v8_dynamic,90,16,3,False,non_event,-66.0,-14.30722891566265,-51.69277108433735,32.0,99.41459771567756,0.0,1.0,5.0,0.0,0.7140000000000001,1.428,714,714,back,100.0,0
2026-04-17,v6a_hit_an,90,17,4,True,event,682.0,-114.30722891566265,796.3072289156627,36.0,101.50500552057991,4.0,5.0,9.0,5.712000000000001,3.5700000000000003,2.5704,714,714,back,100.0,0
2026-04-17,v8_dynamic,90,17,4,True,event,742.0,-118.82530120481928,860.8253012048193,36.0,102.06035513875325,4.0,5.0,9.0,5.712000000000001,3.5700000000000003,2.5704,714,714,back,100.0,0
2026-04-18,v6a_hit_an,90,18,5,False,non_event,468.0,142.31927710843374,325.68072289156623,48.0,103.20566539550893,1.0,1.0,2.0,1.4280000000000002,0.7140000000000001,0.5712,714,714,back,100.0,0
2026-04-18,v8_dynamic,90,18,5,False,non_event,348.0,151.35542168674698,196.64457831325302,44.0,103.0274540958204,1.0,1.0,2.0,1.4280000000000002,0.7140000000000001,0.5712,714,714,back,100.0,0
2026-04-19,v6a_hit_an,90,19,6,False,non_event,-566.0,85.24096385542168,-651.2409638554217,30.0,93.06070563297197,0.0,1.0,3.0,0.0,0.7140000000000001,0.8568,714,714,back,100.0,0
2026-04-19,v8_dynamic,90,19,6,False,non_event,-782.0,101.50602409638554,-883.5060240963855,24.0,90.6561253619749,0.0,1.0,4.0,0.0,0.7140000000000001,1.1424,714,714,back,100.0,0
2026-04-20,v6a_hit_an,90,20,0,False,non_event,-314.0,99.24698795180723,-413.2469879518072,38.0,103.87416753842518,0.0,2.0,4.0,0.0,1.4280000000000002,1.1424,714,714,back,100.0,0
2026-04-20,v8_dynamic,90,20,0,False,non_event,-912.0,144.27710843373495,-1056.277108433735,34.0,99.70588639447624,0.0,1.0,3.0,0.0,0.7140000000000001,0.8568,714,714,back,100.0,0
2026-04-21,v6a_hit_an,90,21,1,True,event,410.0,50.0,360.0,42.0,106.99366877242593,2.0,2.0,5.0,2.8560000000000003,1.4280000000000002,1.428,714,714,back,100.0,0
2026-04-21,v8_dynamic,90,21,1,True,event,326.0,56.325301204819276,269.67469879518075,44.0,100.19686164771066,1.0,1.0,3.0,1.4280000000000002,0.7140000000000001,0.8568,714,714,back,100.0,0
2026-04-22,v6a_hit_an,90,22,2,True,event,-930.0,122.28915662650603,-1052.289156626506,32.0,90.51307460068965,0.0,0.0,1.0,0.0,0.0,0.2856,714,714,back,100.0,0
2026-04-22,v8_dynamic,90,22,2,True,event,-870.0,117.7710843373494,-987.7710843373494,32.0,90.71964388546623,0.0,0.0,1.0,0.0,0.0,0.2856,714,714,back,100.0,0
2026-04-23,v6a_hit_an,90,23,3,False,non_event,-128.0,-159.63855421686748,31.638554216867476,32.0,94.7333288148287,2.0,3.0,5.0,2.8560000000000003,2.1420000000000003,1.428,714,714,back,100.0,0
2026-04-23,v8_dynamic,90,23,3,False,non_event,-154.0,-157.68072289156626,3.680722891566262,30.0,95.15652640567993,2.0,3.0,4.0,2.8560000000000003,2.1420000000000003,1.1424,714,714,back,100.0,0
2026-04-24,v6a_hit_an,90,24,4,False,non_event,-362.0,-1.6566265060240963,-360.3433734939759,28.000000000000004,100.81030545817241,1.0,1.0,2.0,1.4280000000000002,0.7140000000000001,0.5712,714,714,back,100.0,0
2026-04-24,v8_dynamic,90,24,4,False,non_event,-666.0,21.234939759036145,-687.2349397590361,28.000000000000004,91.97792671264303,0.0,0.0,1.0,0.0,0.0,0.2856,714,714,back,100.0,0
2026-04-25,v6a_hit_an,90,25,5,False,non_event,152.0,44.57831325301205,107.42168674698794,44.0,103.02905629053072,1.0,4.0,8.0,1.4280000000000002,2.8560000000000003,2.2848,714,714,back,100.0,0
2026-04-25,v8_dynamic,90,25,5,False,non_event,88.0,49.397590361445786,38.602409638554214,42.0,100.89754738131036,1.0,3.0,7.0,1.4280000000000002,2.1420000000000003,1.9992,714,714,back,100.0,0
2026-04-26,v6a_hit_an,90,26,6,False,non_event,636.0,222.289156626506,413.71084337349396,42.0,103.35258497226101,2.0,3.0,6.0,2.8560000000000003,2.1420000000000003,1.7136,714,714,back,100.0,0
2026-04-26,v8_dynamic,90,26,6,False,non_event,734.0,214.90963855421685,519.0903614457832,40.0,105.68333866201321,3.0,4.0,4.0,4.284000000000001,2.8560000000000003,1.1424,714,714,back,100.0,0
2026-04-27,v6a_hit_an,90,27,0,True,event,506.0,138.1024096385542,367.8975903614458,40.0,107.83664185404442,1.0,3.0,6.0,1.4280000000000002,2.1420000000000003,1.7136,714,714,back,100.0,0
2026-04-27,v8_dynamic,90,27,0,True,event,626.0,129.06626506024097,496.933734939759,42.0,109.92268400128833,1.0,3.0,7.0,1.4280000000000002,2.1420000000000003,1.9992,714,714,back,100.0,0
2026-04-28,v6a_hit_an,90,28,1,False,non_event,-138.0,85.39156626506023,-223.39156626506025,34.0,96.72287847786545,0.0,0.0,5.0,0.0,0.0,1.428,714,714,back,100.0,0
2026-04-28,v8_dynamic,90,28,1,False,non_event,-168.0,87.65060240963855,-255.65060240963857,34.0,96.57472689929246,0.0,0.0,3.0,0.0,0.0,0.8568,714,714,back,100.0,0
2026-04-29,v6a_hit_an,90,29,2,False,non_event,94.0,-97.74096385542168,191.74096385542168,46.0,100.66122927074098,1.0,2.0,3.0,1.4280000000000002,1.4280000000000002,0.8568,714,714,back,100.0,0
2026-04-29,v8_dynamic,90,29,2,False,non_event,118.0,-99.54819277108433,217.54819277108433,46.0,101.13436738218643,1.0,2.0,3.0,1.4280000000000002,1.4280000000000002,0.8568,714,714,back,100.0,0
2026-04-30,v6a_hit_an,90,30,3,True,event,262.0,232.07831325301206,29.921686746987945,34.0,99.76432354259292,1.0,2.0,5.0,1.4280000000000002,1.4280000000000002,1.428,714,714,back,100.0,0
2026-04-30,v8_dynamic,90,30,3,True,event,362.0,224.54819277108433,137.45180722891567,40.0,100.45324911540702,1.0,2.0,4.0,1.4280000000000002,1.4280000000000002,1.1424,714,714,back,100.0,0
2026-05-01,v6a_hit_an,90,1,4,True,event,722.0,241.86746987951807,480.13253012048193,50.0,103.1462306817507,1.0,2.0,3.0,1.4280000000000002,1.4280000000000002,0.8568,714,714,back,100.0,0
2026-05-01,v8_dynamic,90,1,4,True,event,554.0,254.51807228915663,299.48192771084337,46.0,101.962829109473,1.0,2.0,3.0,1.4280000000000002,1.4280000000000002,0.8568,714,714,back,100.0,0
2026-05-02,v6a_hit_an,90,2,5,False,non_event,-100.0,427.10843373493975,-527.1084337349398,34.0,98.38244712079158,0.0,2.0,4.0,0.0,1.4280000000000002,1.1424,714,714,back,100.0,0
2026-05-02,v8_dynamic,90,2,5,False,non_event,-128.0,429.2168674698795,-557.2168674698795,36.0,97.76938610168814,0.0,1.0,4.0,0.0,0.7140000000000001,1.1424,714,714,back,100.0,0
2026-05-03,v6a_hit_an,90,3,6,False,non_event,-138.0,-195.03012048192772,57.030120481927725,44.0,98.85565266300736,1.0,1.0,3.0,1.4280000000000002,0.7140000000000001,0.8568,714,714,back,100.0,0
2026-05-03,v8_dynamic,90,3,6,False,non_event,108.0,-213.55421686746988,321.5542168674699,42.0,100.22265643879071,1.0,3.0,3.0,1.4280000000000002,2.1420000000000003,0.8568,714,714,back,100.0,0
2026-05-04,v6a_hit_an,90,4,0,False,non_event,-366.0,-277.4096385542169,-88.59036144578312,34.0,96.41879413642077,1.0,1.0,3.0,1.4280000000000002,0.7140000000000001,0.8568,714,714,back,100.0,0
2026-05-04,v8_dynamic,90,4,0,False,non_event,-908.0,-236.59638554216866,-671.4036144578313,28.000000000000004,91.01504269785632,0.0,0.0,1.0,0.0,0.0,0.2856,714,714,back,100.0,0
2026-05-05,v6a_hit_an,90,5,1,False,non_event,1110.0,337.95180722891564,772.0481927710844,54.0,118.23149031229295,2.0,2.0,6.0,2.8560000000000003,1.4280000000000002,1.7136,714,714,back,100.0,0
2026-05-05,v8_dynamic,90,5,1,False,non_event,754.0,364.7590361445783,389.2409638554217,54.0,105.29608701855004,1.0,1.0,4.0,1.4280000000000002,0.7140000000000001,1.1424,714,714,back,100.0,0
2026-05-06,v6a_hit_an,90,6,2,False,non_event,-138.0,-125.90361445783132,-12.096385542168676,42.0,96.72582778960253,1.0,1.0,2.0,1.4280000000000002,0.7140000000000001,0.5712,714,714,back,100.0,0
2026-05-06,v8_dynamic,90,6,2,False,non_event,-340.0,-110.69277108433735,-229.30722891566265,34.0,94.30334515463113,1.0,2.0,3.0,1.4280000000000002,1.4280000000000002,0.8568,714,714,back,100.0,0
2026-05-07,v6a_hit_an,90,7,3,True,event,226.0,118.22289156626506,107.77710843373494,44.0,99.55156186833706,0.0,1.0,3.0,0.0,0.7140000000000001,0.8568,714,714,back,100.0,0
2026-05-07,v8_dynamic,90,7,3,True,event,352.0,108.73493975903614,243.26506024096386,44.0,100.87422393848067,0.0,1.0,3.0,0.0,0.7140000000000001,0.8568,714,714,back,100.0,0
2026-05-08,v6a_hit_an,90,8,4,False,non_event,28.0,145.78313253012047,-117.78313253012047,32.0,94.40727666482724,2.0,4.0,4.0,2.8560000000000003,2.8560000000000003,1.1424,714,714,back,100.0,0
2026-05-08,v8_dynamic,90,8,4,False,non_event,212.0,131.9277108433735,80.07228915662651,36.0,97.17596745770044,2.0,4.0,5.0,2.8560000000000003,2.8560000000000003,1.428,714,714,back,100.0,0
2026-05-09,v6a_hit_an,90,9,5,False,non_event,-852.0,128.3132530120482,-980.3132530120482,26.0,91.16861310692866,0.0,0.0,2.0,0.0,0.0,0.5712,714,714,back,100.0,0
2026-05-09,v8_dynamic,90,9,5,False,non_event,-620.0,110.8433734939759,-730.843373493976,28.000000000000004,92.9154558653537,1.0,1.0,4.0,1.4280000000000002,0.7140000000000001,1.1424,714,714,back,100.0,0
2026-05-10,v6a_hit_an,90,10,6,False,non_event,298.0,156.02409638554218,141.97590361445782,44.0,101.27337079432526,0.0,3.0,4.0,0.0,2.1420000000000003,1.1424,714,714,back,100.0,0
2026-05-10,v8_dynamic,90,10,6,False,non_event,214.0,162.34939759036143,51.650602409638566,46.0,101.52281438130348,0.0,2.0,3.0,0.0,1.4280000000000002,0.8568,714,714,back,100.0,0
2026-05-11,v6a_hit_an,90,11,0,True,event,-304.0,-24.698795180722893,-279.30120481927713,34.0,93.94698477436954,0.0,1.0,4.0,0.0,0.7140000000000001,1.1424,714,714,back,100.0,0
2026-05-11,v8_dynamic,90,11,0,True,event,-286.0,-26.05421686746988,-259.9457831325301,34.0,94.41054307100461,0.0,1.0,4.0,0.0,0.7140000000000001,1.1424,714,714,back,100.0,0
2026-05-12,v6a_hit_an,90,12,1,False,non_event,266.0,96.53614457831326,169.46385542168673,32.0,97.07409705496183,1.0,1.0,3.0,1.4280000000000002,0.7140000000000001,0.8568,714,714,back,100.0,0
2026-05-12,v8_dynamic,90,12,1,False,non_event,304.0,93.67469879518072,210.32530120481928,36.0,99.13574299124852,1.0,1.0,3.0,1.4280000000000002,0.7140000000000001,0.8568,714,714,back,100.0,0
2026-05-13,v6a_hit_an,90,13,2,False,non_event,306.0,-19.879518072289155,325.87951807228916,46.0,105.22790610811536,0.0,2.0,6.0,0.0,1.4280000000000002,1.7136,714,714,back,100.0,0
2026-05-13,v8_dynamic,90,13,2,False,non_event,94.0,-3.9156626506024095,97.91566265060241,44.0,107.27984706074223,0.0,2.0,4.0,0.0,1.4280000000000002,1.1424,714,714,back,100.0,0
2026-05-14,v6a_hit_an,90,14,3,False,non_event,-432.0,177.40963855421685,-609.4096385542168,30.0,90.41420226137056,0.0,0.0,3.0,0.0,0.0,0.8568,714,714,back,100.0,0
2026-05-14,v8_dynamic,90,14,3,False,non_event,-380.0,173.49397590361446,-553.4939759036145,30.0,94.11115429928675,0.0,0.0,2.0,0.0,0.0,0.5712,714,714,back,100.0,0
2026-05-15,v6a_hit_an,90,15,4,False,non_event,264.0,-59.33734939759036,323.33734939759034,44.0,97.14006558590083,2.0,2.0,3.0,2.8560000000000003,1.4280000000000002,0.8568,714,714,back,100.0,0
2026-05-15,v8_dynamic,90,15,4,False,non_event,294.0,-61.596385542168676,355.59638554216866,48.0,98.69816033228855,2.0,2.0,3.0,2.8560000000000003,1.4280000000000002,0.8568,714,714,back,100.0,0
2026-05-16,v6a_hit_an,90,16,5,False,non_event,732.0,194.1265060240964,537.8734939759036,48.0,107.10659747135499,1.0,1.0,6.0,1.4280000000000002,0.7140000000000001,1.7136,714,714,back,100.0,0
2026-05-16,v8_dynamic,90,16,5,False,non_event,722.0,194.87951807228916,527.1204819277109,54.0,104.1785521847764,0.0,0.0,3.0,0.0,0.0,0.8568,714,714,back,100.0,0
2026-05-17,v6a_hit_an,90,17,6,True,event,468.0,345.7831325301205,122.2168674698795,42.0,104.1939276316404,1.0,3.0,5.0,1.4280000000000002,2.1420000000000003,1.428,714,714,back,100.0,0
2026-05-17,v8_dynamic,90,17,6,True,event,842.0,317.62048192771084,524.3795180722891,44.0,107.77301759275451,2.0,4.0,6.0,2.8560000000000003,2.8560000000000003,1.7136,714,714,back,100.0,0
2026-05-18,v6a_hit_an,90,18,0,False,non_event,-258.0,92.7710843373494,-350.7710843373494,30.0,96.072163899299,0.0,0.0,6.0,0.0,0.0,1.7136,714,714,back,100.0,0
2026-05-18,v8_dynamic,90,18,0,False,non_event,-208.0,89.00602409638554,-297.00602409638554,32.0,95.67643180101491,0.0,0.0,7.0,0.0,0.0,1.9992,714,714,back,100.0,0
2026-05-19,v6a_hit_an,90,19,1,False,non_event,-20.0,193.3734939759036,-213.3734939759036,34.0,95.55049780014895,0.0,0.0,3.0,0.0,0.0,0.8568,714,714,back,100.0,0
2026-05-19,v8_dynamic,90,19,1,False,non_event,-408.0,222.59036144578315,-630.5903614457832,28.000000000000004,92.07259430500828,0.0,0.0,1.0,0.0,0.0,0.2856,714,714,back,100.0,0
2026-05-20,v6a_hit_an,90,20,2,False,non_event,164.0,167.01807228915663,-3.0180722891566347,34.0,97.38898158244383,0.0,0.0,3.0,0.0,0.0,0.8568,714,714,back,100.0,0
2026-05-20,v8_dynamic,90,20,2,False,non_event,-42.0,182.53012048192772,-224.53012048192772,32.0,94.82975892654369,0.0,0.0,2.0,0.0,0.0,0.5712,714,714,back,100.0,0
2026-05-21,v6a_hit_an,90,21,3,True,event,470.0,218.67469879518072,251.32530120481928,32.0,100.19062396639751,1.0,1.0,6.0,1.4280000000000002,0.7140000000000001,1.7136,714,714,back,100.0,0
2026-05-21,v8_dynamic,90,21,3,True,event,368.0,226.35542168674698,141.64457831325302,30.0,99.25661654979167,1.0,1.0,6.0,1.4280000000000002,0.7140000000000001,1.7136,714,714,back,100.0,0
2026-05-22,v6a_hit_an,90,22,4,True,event,328.0,67.7710843373494,260.2289156626506,48.0,103.09012493913988,0.0,2.0,4.0,0.0,1.4280000000000002,1.1424,714,714,back,100.0,0
2026-05-22,v8_dynamic,90,22,4,True,event,134.0,82.37951807228916,51.62048192771084,48.0,99.91793691750469,0.0,1.0,2.0,0.0,0.7140000000000001,0.5712,714,714,back,100.0,0
2026-05-23,v6a_hit_an,90,23,5,False,non_event,244.0,-113.70481927710843,357.7048192771084,48.0,100.08620364186103,1.0,2.0,4.0,1.4280000000000002,1.4280000000000002,1.1424,714,714,back,100.0,0
2026-05-23,v8_dynamic,90,23,5,False,non_event,184.0,-109.1867469879518,293.1867469879518,50.0,99.76280824726439,0.0,2.0,4.0,0.0,1.4280000000000002,1.1424,714,714,back,100.0,0
2026-05-24,v6a_hit_an,90,24,6,False,non_event,860.0,295.63253012048193,564.367469879518,48.0,103.5478547209301,1.0,1.0,5.0,1.4280000000000002,0.7140000000000001,1.428,714,714,back,100.0,0
2026-05-24,v8_dynamic,90,24,6,False,non_event,358.0,333.43373493975906,24.566265060240937,44.0,101.42591438438109,1.0,1.0,4.0,1.4280000000000002,0.7140000000000001,1.1424,714,714,back,100.0,0
2026-05-25,v6a_hit_an,90,25,0,False,non_event,-270.0,40.36144578313253,-310.3614457831325,32.0,99.12989176180925,1.0,2.0,6.0,1.4280000000000002,1.4280000000000002,1.7136,714,714,back,100.0,0
2026-05-25,v8_dynamic,90,25,0,False,non_event,-458.0,54.51807228915663,-512.5180722891566,34.0,94.27275032300408,0.0,1.0,3.0,0.0,0.7140000000000001,0.8568,714,714,back,100.0,0
2026-05-26,v6a_hit_an,90,26,1,False,non_event,342.0,73.94578313253012,268.0542168674699,42.0,99.78925211941758,0.0,2.0,5.0,0.0,1.4280000000000002,1.428,714,714,back,100.0,0
2026-05-26,v8_dynamic,90,26,1,False,non_event,368.0,71.98795180722891,296.0120481927711,44.0,99.93069592691667,0.0,2.0,5.0,0.0,1.4280000000000002,1.428,714,714,back,100.0,0
2026-05-27,v6a_hit_an,90,27,2,True,event,536.0,39.1566265060241,496.8433734939759,40.0,101.66666620826255,0.0,2.0,6.0,0.0,1.4280000000000002,1.7136,714,714,back,100.0,0
2026-05-27,v8_dynamic,90,27,2,True,event,628.0,32.2289156626506,595.7710843373494,44.0,103.03381130312971,0.0,2.0,6.0,0.0,1.4280000000000002,1.7136,714,714,back,100.0,0
2026-05-28,v6a_hit_an,90,28,3,False,non_event,714.0,-39.60843373493976,753.6084337349398,44.0,101.54873293984734,2.0,3.0,8.0,2.8560000000000003,2.1420000000000003,2.2848,714,714,back,100.0,0
2026-05-28,v8_dynamic,90,28,3,False,non_event,480.0,-21.987951807228917,501.9879518072289,42.0,100.34796431972549,1.0,2.0,7.0,1.4280000000000002,1.4280000000000002,1.9992,714,714,back,100.0,0
2026-05-29,v6a_hit_an,90,29,4,False,non_event,690.0,14.156626506024097,675.843373493976,46.0,101.0688003908153,2.0,2.0,5.0,2.8560000000000003,1.4280000000000002,1.428,714,714,back,100.0,0
2026-05-29,v8_dynamic,90,29,4,False,non_event,636.0,18.22289156626506,617.777108433735,44.0,99.09998918537485,2.0,2.0,5.0,2.8560000000000003,1.4280000000000002,1.428,714,714,back,100.0,0
2026-05-30,v6a_hit_an,90,30,5,False,non_event,736.0,486.4457831325301,249.5542168674699,52.0,104.8852485939922,1.0,1.0,3.0,1.4280000000000002,0.7140000000000001,0.8568,714,714,back,100.0,0
2026-05-30,v8_dynamic,90,30,5,False,non_event,800.0,481.6265060240964,318.3734939759036,52.0,105.79398583744224,1.0,1.0,2.0,1.4280000000000002,0.7140000000000001,0.5712,714,714,back,100.0,0
2026-06-01,v6a_hit_an,90,1,0,True,event,688.0,227.710843373494,460.28915662650604,44.0,100.87138237716387,1.0,1.0,6.0,1.4280000000000002,0.7140000000000001,1.7136,714,714,back,100.0,0
2026-06-01,v8_dynamic,90,1,0,True,event,300.0,256.9277108433735,43.07228915662648,36.0,98.53068017198348,1.0,1.0,5.0,1.4280000000000002,0.7140000000000001,1.428,714,714,back,100.0,0
2026-06-02,v6a_hit_an,90,2,1,False,non_event,324.0,-8.734939759036145,332.73493975903614,46.0,103.87126137917818,2.0,3.0,3.0,2.8560000000000003,2.1420000000000003,0.8568,714,714,back,100.0,0
2026-06-02,v8_dynamic,90,2,1,False,non_event,596.0,-29.216867469879517,625.2168674698795,52.0,107.97194170364479,3.0,4.0,4.0,4.284000000000001,2.8560000000000003,1.1424,714,714,back,100.0,0
2026-06-03,v6a_hit_an,90,3,2,False,non_event,244.0,32.83132530120482,211.16867469879517,44.0,99.32434223514396,0.0,2.0,5.0,0.0,1.4280000000000002,1.428,714,714,back,100.0,0
2026-06-03,v8_dynamic,90,3,2,False,non_event,42.0,48.04216867469879,-6.042168674698793,38.0,97.09572312069011,0.0,0.0,4.0,0.0,0.0,1.1424,714,714,back,100.0,0
2026-06-04,v6a_hit_an,90,4,3,False,non_event,-206.0,90.96385542168674,-296.96385542168673,28.000000000000004,90.78946262842783,1.0,2.0,3.0,1.4280000000000002,1.4280000000000002,0.8568,714,714,back,100.0,0
2026-06-04,v8_dynamic,90,4,3,False,non_event,-174.0,88.55421686746988,-262.5542168674699,30.0,92.05937783543088,1.0,2.0,3.0,1.4280000000000002,1.4280000000000002,0.8568,714,714,back,100.0,0
2026-06-05,v6a_hit_an,90,5,4,False,non_event,-100.0,48.19277108433735,-148.19277108433735,32.0,95.54255012910262,0.0,1.0,2.0,0.0,0.7140000000000001,0.5712,714,714,back,100.0,0
2026-06-05,v8_dynamic,90,5,4,False,non_event,-96.0,47.89156626506024,-143.89156626506025,32.0,95.70081024963015,0.0,1.0,2.0,0.0,0.7140000000000001,0.5712,714,714,back,100.0,0
2026-06-06,v6a_hit_an,90,6,5,False,non_event,-734.0,61.596385542168676,-795.5963855421687,28.000000000000004,95.79437845337725,0.0,1.0,2.0,0.0,0.7140000000000001,0.5712,714,714,back,100.0,0
2026-06-06,v8_dynamic,90,6,5,False,non_event,-712.0,59.93975903614458,-771.9397590361446,30.0,96.2790771329945,0.0,1.0,2.0,0.0,0.7140000000000001,0.5712,714,714,back,100.0,0
2026-06-07,v6a_hit_an,90,7,6,True,event,1066.0,261.4457831325301,804.5542168674699,48.0,115.94501960367135,4.0,5.0,8.0,5.712000000000001,3.5700000000000003,2.2848,714,714,back,100.0,0
2026-06-07,v8_dynamic,90,7,6,True,event,436.0,308.8855421686747,127.1144578313253,40.0,110.09138369224404,2.0,3.0,7.0,2.8560000000000003,2.1420000000000003,1.9992,714,714,back,100.0,0
2026-06-08,v6a_hit_an,90,8,0,False,non_event,244.0,142.31927710843374,101.68072289156626,40.0,97.55893123551817,1.0,3.0,5.0,1.4280000000000002,2.1420000000000003,1.428,714,714,back,100.0,0
2026-06-08,v8_dynamic,90,8,0,False,non_event,298.0,138.25301204819277,159.74698795180723,42.0,98.35066241565325,1.0,3.0,6.0,1.4280000000000002,2.1420000000000003,1.7136,714,714,back,100.0,0
2026-06-09,v6a_hit_an,90,9,1,False,non_event,404.0,73.79518072289157,330.2048192771084,40.0,100.99342729896576,1.0,3.0,6.0,1.4280000000000002,2.1420000000000003,1.7136,714,714,back,100.0,0
2026-06-09,v8_dynamic,90,9,1,False,non_event,-46.0,107.68072289156626,-153.68072289156626,38.0,100.5301489624094,1.0,2.0,4.0,1.4280000000000002,1.4280000000000002,1.1424,714,714,back,100.0,0
2026-06-10,v6a_hit_an,90,10,2,False,non_event,16.0,159.789156626506,-143.789156626506,38.0,94.7209047662997,0.0,0.0,1.0,0.0,0.0,0.2856,714,714,back,100.0,0
2026-06-10,v8_dynamic,90,10,2,False,non_event,-64.0,165.8132530120482,-229.8132530120482,36.0,92.76691866908894,0.0,0.0,3.0,0.0,0.0,0.8568,714,714,back,100.0,0
2026-06-11,v6a_hit_an,90,11,3,True,event,-234.0,176.35542168674698,-410.355421686747,34.0,96.41134119911294,0.0,0.0,5.0,0.0,0.0,1.428,714,714,back,100.0,0
2026-06-11,v8_dynamic,90,11,3,True,event,-116.0,167.46987951807228,-283.4698795180723,34.0,97.96079392012643,0.0,0.0,6.0,0.0,0.0,1.7136,714,714,back,100.0,0
2026-06-13,v6a_hit_an,90,13,5,False,non_event,-168.0,158.5843373493976,-326.58433734939763,32.0,96.42934269032244,0.0,0.0,3.0,0.0,0.0,0.8568,714,714,back,100.0,0
2026-06-13,v8_dynamic,90,13,5,False,non_event,-174.0,159.03614457831324,-333.03614457831327,32.0,95.75273518311177,0.0,1.0,4.0,0.0,0.7140000000000001,1.1424,714,714,back,100.0,0
2026-06-14,v6a_hit_an,90,14,6,False,non_event,512.0,-44.4277108433735,556.4277108433735,48.0,104.22636835916079,1.0,2.0,3.0,1.4280000000000002,1.4280000000000002,0.8568,714,714,back,100.0,0
2026-06-14,v8_dynamic,90,14,6,False,non_event,84.0,-12.198795180722891,96.1987951807229,48.0,99.63851353313488,0.0,1.0,1.0,0.0,0.7140000000000001,0.2856,714,714,back,100.0,0
2026-06-15,v6a_hit_an,90,15,0,False,non_event,-70.0,-60.09036144578313,-9.909638554216869,32.0,99.22988197907156,1.0,2.0,4.0,1.4280000000000002,1.4280000000000002,1.1424,714,714,back,100.0,0
2026-06-15,v8_dynamic,90,15,0,False,non_event,-30.0,-63.102409638554214,33.102409638554214,34.0,100.26779001376646,1.0,2.0,4.0,1.4280000000000002,1.4280000000000002,1.1424,714,714,back,100.0,0
2026-06-16,v6a_hit_an,90,16,1,False,non_event,162.0,113.10240963855422,48.89759036144578,28.000000000000004,95.5481498701124,1.0,1.0,6.0,1.4280000000000002,0.7140000000000001,1.7136,714,714,back,100.0,0
2026-06-16,v8_dynamic,90,16,1,False,non_event,-30.0,127.56024096385542,-157.56024096385542,26.0,92.31000882372112,1.0,1.0,4.0,1.4280000000000002,0.7140000000000001,1.1424,714,714,back,100.0,0
2026-06-17,v6a_hit_an,90,17,2,True,event,332.0,325.6024096385542,6.397590361445793,50.0,101.47661568787788,0.0,1.0,2.0,0.0,0.7140000000000001,0.5712,714,714,back,100.0,0
2026-06-17,v8_dynamic,90,17,2,True,event,376.0,322.28915662650604,53.71084337349396,52.0,100.82922837288271,0.0,0.0,1.0,0.0,0.0,0.2856,714,714,back,100.0,0
2026-06-18,v6a_hit_an,90,18,3,False,non_event,58.0,-50.15060240963855,108.15060240963855,34.0,96.90349407976619,1.0,1.0,6.0,1.4280000000000002,0.7140000000000001,1.7136,714,714,back,100.0,0
2026-06-18,v8_dynamic,90,18,3,False,non_event,-66.0,-40.81325301204819,-25.186746987951807,34.0,94.13524157729039,1.0,1.0,4.0,1.4280000000000002,0.7140000000000001,1.1424,714,714,back,100.0,0
2026-06-19,v6a_hit_an,90,19,4,False,non_event,572.0,3.6144578313253013,568.3855421686746,36.0,101.35376311749205,1.0,2.0,6.0,1.4280000000000002,1.4280000000000002,1.7136,714,714,back,100.0,0
2026-06-19,v8_dynamic,90,19,4,False,non_event,410.0,15.813253012048193,394.1867469879518,34.0,99.9652274337706,1.0,2.0,5.0,1.4280000000000002,1.4280000000000002,1.428,714,714,back,100.0,0
2026-06-20,v6a_hit_an,90,20,5,False,non_event,-18.0,-11.596385542168674,-6.403614457831326,30.0,97.95442590811349,0.0,1.0,3.0,0.0,0.7140000000000001,0.8568,714,714,back,100.0,0
2026-06-20,v8_dynamic,90,20,5,False,non_event,106.0,-20.933734939759034,126.93373493975903,32.0,99.25342250854301,0.0,1.0,3.0,0.0,0.7140000000000001,0.8568,714,714,back,100.0,0
2026-06-21,v6a_hit_an,90,21,6,True,event,-104.0,-138.85542168674698,34.85542168674698,46.0,98.81466790233247,0.0,0.0,3.0,0.0,0.0,0.8568,714,714,back,100.0,0
2026-06-21,v8_dynamic,90,21,6,True,event,-72.0,-141.26506024096386,69.26506024096386,48.0,98.38075858140279,0.0,0.0,3.0,0.0,0.0,0.8568,714,714,back,100.0,0
