hall,date,n_machines,active_machine_count,total_games,avg_games,total_diff,avg_diff_per_machine,plus_rate,hit104_rate,budget_zscore,budget_regime
ヒロキ,20250101,221,221,513254,2322.41628959276,-37770,-170.9049773755656,0.34841628959276016,0.26244343891402716,-0.760328018124703,recovery
ヒロキ,20250102,237,237,671946,2835.215189873418,17193,72.54430379746836,0.37130801687763715,0.27848101265822783,0.7891194462756607,strong
ヒロキ,20250103,254,254,845320,3328.031496062992,39538,155.66141732283464,0.40551181102362205,0.29133858267716534,1.3181232707257329,strong
ヒロキ,20250104,257,257,1006601,3916.7354085603115,-24382,-94.8715953307393,0.3657587548638132,0.26848249027237353,-0.27640902501251613,normal
ヒロキ,20250105,248,248,805053,3246.1814516129034,-22634,-91.26612903225806,0.375,0.2862903225806452,-0.25346181979899135,normal
ヒロキ,20250106,239,239,651283,2725.033472803347,-2744,-11.481171548117155,0.30962343096234307,0.24267782426778242,0.2543342988645383,normal
ヒロキ,20250107,207,207,347798,1680.183574879227,-30107,-145.44444444444446,0.3333333333333333,0.27053140096618356,-0.5982829383350925,normal
ヒロキ,20250108,158,158,282539,1788.2215189873418,2129,13.474683544303797,0.33544303797468356,0.25949367088607594,0.4131673264609971,normal
ヒロキ,20250109,168,168,292352,1740.1904761904761,14393,85.67261904761905,0.4166666666666667,0.3333333333333333,0.8726753913915414,strong
ヒロキ,20250110,219,219,436397,1992.6803652968038,-23803,-108.68949771689498,0.2922374429223744,0.2328767123287671,-0.3643538885684829,normal
ヒロキ,20250111,257,257,1164312,4530.396887159533,-45610,-177.47081712062257,0.38132295719844356,0.27626459143968873,-0.8021166966355538,recovery
ヒロキ,20250112,247,247,854668,3460.1943319838056,-25048,-101.4089068825911,0.3319838056680162,0.23076923076923078,-0.3180161341368702,normal
ヒロキ,20250113,252,252,931655,3697.0436507936506,5331,21.154761904761905,0.40476190476190477,0.30952380952380953,0.4620476430701471,normal
ヒロキ,20250114,195,195,329074,1687.5589743589744,-12883,-66.06666666666666,0.3282051282051282,0.26666666666666666,-0.09307833918864526,normal
ヒロキ,20250115,172,172,301787,1754.5755813953488,6589,38.30813953488372,0.38953488372093026,0.3313953488372093,0.57122133767639,normal
ヒロキ,20250116,235,235,615980,2621.191489361702,48874,207.9744680851064,0.33617021276595743,0.2851063829787234,1.6510728011909221,strong
ヒロキ,20250117,208,208,382122,1837.125,-19436,-93.4423076923077,0.375,0.27403846153846156,-0.2673122386240093,normal
ヒロキ,20250118,253,253,964707,3813.0711462450595,-20429,-80.74703557312253,0.4268774703557312,0.30434782608695654,-0.18651242233306298,normal
ヒロキ,20250119,248,248,795832,3209.0,26970,108.75,0.36693548387096775,0.25806451612903225,1.0195527583296393,strong
ヒロキ,20250120,170,170,334058,1965.0470588235294,26314,154.78823529411764,0.35294117647058826,0.27647058823529413,1.3125658516451078,strong
ヒロキ,20250121,190,190,326335,1717.5526315789473,-32515,-171.1315789473684,0.2736842105263158,0.23684210526315788,-0.761770237338361,recovery
ヒロキ,20250122,193,193,326270,1690.518134715026,-61775,-320.0777202072539,0.2538860103626943,0.21243523316062177,-1.7097468335120658,recovery
ヒロキ,20250123,179,179,293846,1641.5977653631285,-8898,-49.70949720670391,0.35195530726256985,0.2737430167597765,0.011027841048923197,normal
ヒロキ,20250124,201,201,334669,1665.0199004975125,-37949,-188.80099502487562,0.29850746268656714,0.23880597014925373,-0.8742282894090488,recovery
ヒロキ,20250125,255,255,893425,3503.627450980392,1638,6.423529411764706,0.396078431372549,0.30196078431372547,0.3682898355967151,normal
ヒロキ,20250126,260,260,1092988,4203.8,-110456,-424.83076923076925,0.3192307692307692,0.19615384615384615,-2.376453859368223,recovery
ヒロキ,20250127,206,206,385081,1869.3252427184466,-41006,-199.05825242718447,0.32038834951456313,0.2766990291262136,-0.939511215680715,recovery
ヒロキ,20250128,176,176,257853,1465.0738636363637,-42777,-243.05113636363637,0.3181818181818182,0.23863636363636365,-1.219506548337073,recovery
ヒロキ,20250129,175,175,274551,1568.8628571428571,-11171,-63.83428571428571,0.33714285714285713,0.28,-0.07887021752332046,normal
ヒロキ,20250130,235,235,653152,2779.3702127659576,-27716,-117.9404255319149,0.31063829787234043,0.25957446808510637,-0.4232319701847745,normal
ヒロキ,20250131,215,215,399920,1860.093023255814,-30307,-140.96279069767442,0.26976744186046514,0.22325581395348837,-0.5697591858688954,normal
ヒロキ,20250201,258,258,1043477,4044.484496124031,46795,181.37596899224806,0.45348837209302323,0.3023255813953488,1.4817850679197273,strong
ヒロキ,20250202,253,253,892167,3526.3517786561265,5341,21.110671936758894,0.3794466403162055,0.25296442687747034,0.46176702984016105,normal
ヒロキ,20250203,196,196,435812,2223.530612244898,-30602,-156.1326530612245,0.3112244897959184,0.22959183673469388,-0.6663086793044453,normal
ヒロキ,20250204,197,197,386854,1963.725888324873,-30757,-156.12690355329948,0.3350253807106599,0.2436548223350254,-0.6662720862184726,normal
ヒロキ,20250205,167,167,342489,2050.8323353293413,9988,59.808383233532936,0.3473053892215569,0.30538922155688625,0.708060920534653,normal
ヒロキ,20250206,237,237,640387,2702.0548523206753,5111,21.565400843881857,0.4008438818565401,0.3206751054852321,0.464661179080349,normal
ヒロキ,20250207,210,210,436072,2076.5333333333333,-8541,-40.67142857142857,0.37142857142857144,0.2761904761904762,0.06855116772512865,normal
ヒロキ,20250208,242,242,784674,3242.4545454545455,-53948,-222.92561983471074,0.3347107438016529,0.24793388429752067,-1.0914164985113457,recovery
ヒロキ,20250209,252,252,833992,3309.4920634920636,-46497,-184.51190476190476,0.29365079365079366,0.20634920634920634,-0.8469301187160699,recovery
ヒロキ,20250210,222,222,506851,2283.112612612613,611,2.7522522522522523,0.3153153153153153,0.25675675675675674,0.3449237732345329,normal
ヒロキ,20250211,258,258,1335129,5174.918604651163,146448,567.6279069767442,0.4496124031007752,0.3488372093023256,3.940108555449068,strong
ヒロキ,20250212,168,168,311660,1855.1190476190477,-817,-4.863095238095238,0.34523809523809523,0.25595238095238093,0.2964554401074372,normal
ヒロキ,20250213,193,193,356131,1845.238341968912,-6539,-33.880829015544045,0.3316062176165803,0.27461139896373055,0.11177034345210535,normal
ヒロキ,20250214,194,194,380180,1959.6907216494844,-26899,-138.65463917525773,0.4329896907216495,0.31958762886597936,-0.555068817893159,normal
ヒロキ,20250215,253,253,834958,3300.2292490118575,-77901,-307.90909090909093,0.308300395256917,0.22134387351778656,-1.6322988668538054,recovery
ヒロキ,20250216,258,258,1164186,4512.3488372093025,-75269,-291.7403100775194,0.32945736434108525,0.21705426356589147,-1.5293916972733077,recovery
ヒロキ,20250217,181,181,350883,1938.5801104972375,6204,34.27624309392265,0.39226519337016574,0.3149171270718232,0.5455600923974127,normal
ヒロキ,20250218,185,185,363101,1962.708108108108,-32447,-175.38918918918918,0.31351351351351353,0.2648648648648649,-0.7888680515599006,recovery
ヒロキ,20250219,170,170,326632,1921.3647058823528,-20000,-117.6470588235294,0.3588235294117647,0.2529411764705882,-0.4213648202788181,normal
ヒロキ,20250220,170,170,266735,1569.0294117647059,-9619,-56.582352941176474,0.3235294117647059,0.2647058823529412,-0.03271485903076627,normal
ヒロキ,20250221,178,178,328530,1845.6741573033707,-24366,-136.8876404494382,0.3202247191011236,0.24719101123595505,-0.543822649154736,normal
ヒロキ,20250222,258,258,1083351,4199.03488372093,-13606,-52.736434108527135,0.40310077519379844,0.27906976744186046,-0.00823727932781914,normal
ヒロキ,20250223,251,251,911037,3629.629482071713,-24551,-97.81274900398407,0.42231075697211157,0.3386454183266932,-0.29512817291660004,normal
ヒロキ,20250224,243,243,782236,3219.0781893004114,40846,168.09053497942386,0.36213991769547327,0.2839506172839506,1.3972291310714366,strong
ヒロキ,20250225,190,190,342934,1804.9157894736843,-16231,-85.42631578947369,0.3736842105263158,0.3,-0.21629398024734112,normal
ヒロキ,20250226,238,238,740212,3110.1344537815125,30691,128.95378151260505,0.36554621848739494,0.2857142857142857,1.1481409303101295,strong
ヒロキ,20250227,200,200,352577,1762.885,-19960,-99.8,0.365,0.275,-0.3077761503600637,normal
ヒロキ,20250228,208,208,469979,2259.514423076923,21126,101.5673076923077,0.40384615384615385,0.3076923076923077,0.9738380849073275,strong
ヒロキ,20250301,258,258,1089703,4223.65503875969,22849,88.56201550387597,0.3875968992248062,0.2713178294573643,0.891065127402356,strong
ヒロキ,20250302,238,238,759230,3190.0420168067226,-14378,-60.411764705882355,0.3697478991596639,0.27310924369747897,-0.057087378515640726,normal
ヒロキ,20250303,214,214,535415,2501.9392523364486,-10105,-47.2196261682243,0.35514018691588783,0.24766355140186916,0.02687477371870614,normal
ヒロキ,20250304,177,177,322705,1823.1920903954801,9386,53.02824858757062,0.384180790960452,0.3333333333333333,0.6649083493507911,normal
ヒロキ,20250305,175,175,309341,1767.662857142857,-11185,-63.91428571428571,0.3028571428571429,0.22857142857142856,-0.07937938229289694,normal
ヒロキ,20250306,238,238,699421,2938.7436974789916,76555,321.65966386554624,0.40756302521008403,0.28991596638655465,2.3746290076134895,strong
ヒロキ,20250307,196,196,429837,2193.045918367347,8118,41.41836734693877,0.3469387755102041,0.2755102040816326,0.5910165680170824,normal
ヒロキ,20250308,249,249,924039,3711.0,5094,20.457831325301203,0.3855421686746988,0.28112449799196787,0.4576119868463732,normal
ヒロキ,20250309,259,259,947855,3659.6718146718144,-60841,-234.90733590733592,0.3204633204633205,0.24324324324324326,-1.1676748448019592,recovery
ヒロキ,20250310,219,219,469422,2143.4794520547944,-20000,-91.32420091324201,0.3287671232876712,0.2511415525114155,-0.25383142174774215,normal
ヒロキ,20250311,211,211,511206,2422.7772511848343,7841,37.161137440758296,0.35071090047393366,0.2843601895734597,0.563921174464401,normal
ヒロキ,20250312,171,171,290738,1700.2222222222222,-4508,-26.362573099415204,0.39766081871345027,0.32748538011695905,0.15962073146651531,normal
ヒロキ,20250313,198,198,383852,1938.6464646464647,-16126,-81.44444444444444,0.3181818181818182,0.2474747474747475,-0.1909511226739032,normal
ヒロキ,20250314,189,189,340701,1802.6507936507937,-6465,-34.20634920634921,0.3492063492063492,0.25925925925925924,0.10969855079030778,normal
ヒロキ,20250315,246,246,968702,3937.8130081300815,-31517,-128.1178861788618,0.37398373983739835,0.27235772357723576,-0.4880070252494804,normal
ヒロキ,20250316,258,258,1098536,4257.891472868217,686,2.6589147286821704,0.40310077519379844,0.2868217054263566,0.3443297210010154,normal
ヒロキ,20250317,196,196,401568,2048.816326530612,-4718,-24.071428571428573,0.33163265306122447,0.25,0.17420285741224956,normal
ヒロキ,20250318,179,179,326391,1823.4134078212292,-31015,-173.268156424581,0.3016759776536313,0.2346368715083799,-0.7753686120742018,recovery
ヒロキ,20250319,172,172,292276,1699.2790697674418,-24377,-141.72674418604652,0.313953488372093,0.2441860465116279,-0.5746214133923221,normal
ヒロキ,20250320,246,246,769795,3129.2479674796746,-19910,-80.9349593495935,0.34552845528455284,0.27235772357723576,-0.1877084744123728,normal
ヒロキ,20250321,220,220,478803,2176.3772727272726,-46791,-212.68636363636364,0.3090909090909091,0.23636363636363636,-1.0262481419755205,recovery
ヒロキ,20250322,256,256,1033575,4037.40234375,71272,278.40625,0.4296875,0.328125,2.0993400763103987,strong
ヒロキ,20250323,242,242,706851,2920.871900826446,-24308,-100.44628099173553,0.3181818181818182,0.2396694214876033,-0.3118894442630473,normal
ヒロキ,20250324,164,164,309088,1884.6829268292684,-19853,-121.0548780487805,0.3475609756097561,0.23170731707317074,-0.4430540889111092,normal
ヒロキ,20250325,194,194,329397,1697.9226804123712,-23304,-120.12371134020619,0.3247422680412371,0.23711340206185566,-0.43712762287850254,normal
ヒロキ,20250326,251,251,806617,3213.613545816733,-1680,-6.693227091633466,0.3426294820717131,0.24302788844621515,0.2848074568136699,normal
ヒロキ,20250327,209,209,405454,1939.9712918660287,-16334,-78.1531100478469,0.3492822966507177,0.2679425837320574,-0.17000322867836878,normal
ヒロキ,20250328,194,194,338586,1745.2886597938145,18684,96.30927835051547,0.4175257731958763,0.3402061855670103,0.940373043679327,strong
ヒロキ,20250329,257,257,865418,3367.385214007782,-6640,-25.836575875486382,0.3346303501945525,0.26459143968871596,0.1629684721580102,normal
ヒロキ,20250330,259,259,1094580,4226.177606177606,9848,38.02316602316602,0.41312741312741313,0.2972972972972973,0.5694076067710258,normal
ヒロキ,20250331,216,216,439726,2035.7685185185185,19967,92.43981481481481,0.38425925925925924,0.30092592592592593,0.9157456123100813,strong
ヒロキ,20250401,200,200,367280,1836.4,-23095,-115.475,0.345,0.24,-0.4075406223989565,normal
ヒロキ,20250402,185,185,300645,1625.1081081081081,20875,112.83783783783784,0.3945945945945946,0.32972972972972975,1.0455700459642485,strong
ヒロキ,20250403,189,189,335299,1774.068783068783,10961,57.99470899470899,0.38095238095238093,0.31746031746031744,0.6965176827109328,normal
ヒロキ,20250404,186,186,332691,1788.6612903225807,-31507,-169.39247311827958,0.3548387096774194,0.26344086021505375,-0.7507015946041469,recovery
ヒロキ,20250405,250,250,995277,3981.108,1399,5.596,0.404,0.292,0.3630229753184783,normal
ヒロキ,20250406,260,260,1546567,5948.334615384615,81266,312.5615384615385,0.4346153846153846,0.3038461538461538,2.3167234460521198,strong
ヒロキ,20250407,229,229,501835,2191.4192139737993,-60109,-262.48471615720524,0.2925764192139738,0.21397379912663755,-1.3431927255575575,recovery
ヒロキ,20250408,215,215,473113,2200.525581395349,-13031,-60.609302325581396,0.33488372093023255,0.25116279069767444,-0.058344618473350096,normal
ヒロキ,20250409,199,199,401342,2016.7939698492462,-25721,-129.25125628140702,0.36683417085427134,0.2613065326633166,-0.4952204268383219,normal
ヒロキ,20250410,209,209,385522,1844.6028708133972,14142,67.66507177033493,0.31100478468899523,0.23923444976076555,0.7580652831405906,strong
ヒロキ,20250411,242,242,607673,2511.0454545454545,18878,78.00826446280992,0.384297520661157,0.30991735537190085,0.823895149689956,strong
ヒロキ,20250412,256,256,866656,3385.375,-9070,-35.4296875,0.34375,0.2421875,0.10191254128529781,normal
ヒロキ,20250413,252,252,987706,3919.468253968254,9656,38.317460317460316,0.40476190476190477,0.26587301587301587,0.5712806603528011,normal
ヒロキ,20250414,194,194,331966,1711.1649484536083,-46577,-240.08762886597938,0.28350515463917525,0.2268041237113402,-1.2006451281847892,recovery
ヒロキ,20250415,201,201,331017,1646.8507462686566,-2908,-14.467661691542288,0.373134328358209,0.30845771144278605,0.23532660429304444,normal
ヒロキ,20250416,253,253,828235,3273.6561264822135,24984,98.75098814229248,0.391304347826087,0.30434782608695654,0.9559134512231117,strong
ヒロキ,20250417,197,197,361458,1834.8121827411167,-39344,-199.71573604060913,0.34517766497461927,0.25380710659898476,-0.9436958093373361,recovery
ヒロキ,20250418,212,212,388880,1834.3396226415093,-34819,-164.24056603773585,0.3113207547169811,0.23113207547169812,-0.7179119748348404,normal
ヒロキ,20250419,257,257,938250,3650.7782101167313,-21564,-83.90661478599222,0.33073929961089493,0.22178988326848248,-0.20662175260655613,normal
ヒロキ,20250420,247,247,898846,3639.0526315789475,-3180,-12.874493927125506,0.3967611336032389,0.29959514170040485,0.2454664155138689,normal
ヒロキ,20250421,211,211,406254,1925.3744075829384,-3008,-14.255924170616113,0.36492890995260663,0.2559241706161137,0.2366742203687079,normal
ヒロキ,20250422,193,193,379798,1967.8652849740934,-290,-1.5025906735751295,0.34196891191709844,0.24870466321243523,0.31784357176061984,normal
ヒロキ,20250423,188,188,348040,1851.276595744681,12161,64.68617021276596,0.3617021276595745,0.26595744680851063,0.7391058865762076,normal
ヒロキ,20250424,196,196,343124,1750.6326530612246,-34019,-173.56632653061226,0.32653061224489793,0.2653061224489796,-0.7772663334908518,recovery
ヒロキ,20250425,219,219,409566,1870.164383561644,-37331,-170.46118721461187,0.3515981735159817,0.2602739726027397,-0.757503489186674,recovery
ヒロキ,20250426,260,260,1209055,4650.211538461538,-72319,-278.15,0.36923076923076925,0.2653846153846154,-1.442895358534643,recovery
ヒロキ,20250427,258,258,1035780,4014.6511627906975,-33424,-129.5503875968992,0.3953488372093023,0.2441860465116279,-0.49712426592989306,normal
ヒロキ,20250428,209,209,499851,2391.6315789473683,10779,51.57416267942584,0.3444976076555024,0.2631578947368421,0.6556537328962291,normal
ヒロキ,20250429,249,249,854672,3432.417670682731,44907,180.34939759036143,0.36947791164658633,0.2891566265060241,1.4752513930285345,strong
ヒロキ,20250430,252,252,870283,3453.503968253968,84766,336.37301587301585,0.40476190476190477,0.31746031746031744,2.4682730136707525,strong
ヒロキ,20250501,242,242,653904,2702.0826446280994,-42748,-176.64462809917356,0.32644628099173556,0.22727272727272727,-0.7968583673513949,recovery
ヒロキ,20250502,246,246,597407,2428.4837398373984,-15777,-64.13414634146342,0.33739837398373984,0.2682926829268293,-0.08077869836259545,normal
ヒロキ,20250503,258,258,1041842,4038.1472868217056,-22699,-87.98062015503876,0.4069767441860465,0.32170542635658916,-0.23255100266885553,normal
ヒロキ,20250504,249,249,820714,3296.0401606425703,-20010,-80.36144578313252,0.321285140562249,0.2289156626506024,-0.18405831312592164,normal
ヒロキ,20250505,258,258,1206154,4675.015503875969,-27333,-105.94186046511628,0.38372093023255816,0.28294573643410853,-0.346866387466212,normal
ヒロキ,20250506,258,258,1151108,4461.658914728682,48056,186.26356589147287,0.40310077519379844,0.3062015503875969,1.512892469781934,strong
ヒロキ,20250507,240,240,588072,2450.3,-32109,-133.7875,0.32916666666666666,0.24583333333333332,-0.524091620434824,normal
ヒロキ,20250508,231,231,526898,2280.943722943723,-3053,-13.216450216450216,0.3852813852813853,0.30735930735930733,0.24329001432312838,normal
ヒロキ,20250509,239,239,469202,1963.1882845188284,-26699,-111.7112970711297,0.37656903765690375,0.301255230125523,-0.38358631071729915,normal
ヒロキ,20250510,257,257,1361636,5298.194552529183,-18755,-72.97665369649805,0.39299610894941633,0.2529182879377432,-0.13705736361140286,normal
ヒロキ,20250511,259,259,1387937,5358.830115830116,37881,146.25868725868725,0.4092664092664093,0.26640926640926643,1.2582790346444641,strong
ヒロキ,20250512,206,206,404599,1964.0728155339805,-4409,-21.402912621359224,0.4174757281553398,0.3300970873786408,0.19118678627260255,normal
ヒロキ,20250513,231,231,483299,2092.2034632034633,-17841,-77.23376623376623,0.2943722943722944,0.2510822510822511,-0.16415201016264444,normal
ヒロキ,20250514,227,227,454928,2004.0881057268723,23787,104.7885462555066,0.4008810572687225,0.31277533039647576,0.9943398497921031,strong
ヒロキ,20250515,213,213,450406,2114.582159624413,-34640,-162.62910798122067,0.3474178403755869,0.26291079812206575,-0.7076557539594938,normal
ヒロキ,20250516,255,255,896798,3516.8549019607844,-38448,-150.7764705882353,0.36470588235294116,0.27058823529411763,-0.6322189366210808,normal
ヒロキ,20250517,258,258,1106742,4289.697674418605,-57950,-224.6124031007752,0.31007751937984496,0.24031007751937986,-1.1021521311737354,recovery
ヒロキ,20250518,255,255,825398,3236.8549019607844,-102708,-402.77647058823527,0.28627450980392155,0.19607843137254902,-2.236087960787013,recovery
ヒロキ,20250519,206,206,437666,2124.5922330097087,-12441,-60.39320388349515,0.3737864077669903,0.28640776699029125,-0.05696924705496656,normal
ヒロキ,20250520,229,229,495179,2162.353711790393,-16663,-72.76419213973799,0.34934497816593885,0.2838427947598253,-0.13570513936650788,normal
ヒロキ,20250521,217,217,497056,2290.5806451612902,-17239,-79.44239631336406,0.3686635944700461,0.2672811059907834,-0.17820896798212096,normal
ヒロキ,20250522,232,232,543157,2341.1939655172414,-12864,-55.44827586206897,0.3448275862068966,0.25,-0.02549695784744442,normal
ヒロキ,20250523,222,222,488066,2198.4954954954956,2292,10.324324324324325,0.4144144144144144,0.33783783783783783,0.39311667738194694,normal
ヒロキ,20250524,256,256,1140871,4456.52734375,-10372,-40.515625,0.33984375,0.19921875,0.06954278884444892,normal
ヒロキ,20250525,256,256,1129879,4413.58984375,86381,337.42578125,0.453125,0.3203125,2.4749734016781297,strong
ヒロキ,20250526,248,248,850016,3427.483870967742,-11368,-45.83870967741935,0.39919354838709675,0.29435483870967744,0.03566369905426955,normal
ヒロキ,20250527,225,225,493313,2192.5022222222224,-11123,-49.43555555555555,0.32,0.2311111111111111,0.012771359019977628,normal
ヒロキ,20250528,226,226,473219,2093.8893805309735,-26191,-115.88938053097345,0.33185840707964603,0.2345132743362832,-0.4101779719935825,normal
ヒロキ,20250529,220,220,421003,1913.65,10614,48.24545454545454,0.36818181818181817,0.2909090909090909,0.6344679715209682,normal
ヒロキ,20250530,243,243,700962,2884.617283950617,-29000,-119.34156378600824,0.3333333333333333,0.23868312757201646,-0.4321495981384024,normal
ヒロキ,20250531,255,255,1298419,5091.839215686275,-25058,-98.26666666666667,0.36470588235294116,0.25882352941176473,-0.29801715894318104,normal
ヒロキ,20250601,252,252,1245373,4941.956349206349,-32181,-127.70238095238095,0.44047619047619047,0.2857142857142857,-0.4853625174632436,normal
ヒロキ,20250602,231,231,540849,2341.3376623376626,-19343,-83.73593073593074,0.33766233766233766,0.2683982683982684,-0.20553542379380693,normal
ヒロキ,20250603,224,224,485811,2168.7991071428573,-14264,-63.67857142857143,0.35267857142857145,0.28125,-0.07787916466825197,normal
ヒロキ,20250604,219,219,453172,2069.2785388127854,-45254,-206.63926940639269,0.2876712328767123,0.2237442922374429,-0.9877610502228898,recovery
ヒロキ,20250605,214,214,421161,1968.0420560747664,-29213,-136.50934579439252,0.35514018691588783,0.2803738317757009,-0.5414149702688815,normal
ヒロキ,20250606,255,255,1369581,5370.905882352941,28908,113.36470588235294,0.40784313725490196,0.2901960784313726,1.0489233290452828,strong
ヒロキ,20250607,256,256,1257614,4912.5546875,-26741,-104.45703125,0.37890625,0.2578125,-0.33741610340152306,normal
ヒロキ,20250608,256,256,1419332,5544.265625,106972,417.859375,0.48046875,0.3515625,2.9868978045272234,strong
ヒロキ,20250609,232,232,478289,2061.5905172413795,-22675,-97.73706896551724,0.33189655172413796,0.2629310344827586,-0.29464650279975624,normal
ヒロキ,20250610,228,228,503294,2207.4298245614036,-23660,-103.7719298245614,0.3333333333333333,0.24561403508771928,-0.33305573453377346,normal
ヒロキ,20250611,242,242,708572,2927.9834710743803,7008,28.958677685950413,0.40082644628099173,0.2603305785123967,0.5117161303266866,normal
ヒロキ,20250612,230,230,497664,2163.75652173913,-10662,-46.356521739130436,0.3739130434782609,0.3,0.032368053315706434,normal
ヒロキ,20250613,238,238,572610,2405.924369747899,-35572,-149.46218487394958,0.3319327731092437,0.23109243697478993,-0.6238540868351813,normal
ヒロキ,20250614,256,256,1242312,4852.78125,63794,249.1953125,0.46484375,0.328125,1.9134253230441407,strong
ヒロキ,20250615,253,253,1105327,4368.881422924901,-32227,-127.3794466403162,0.3794466403162055,0.2964426877470356,-0.48330718278085877,normal
ヒロキ,20250616,259,259,973244,3757.6988416988415,48968,189.06563706563708,0.41312741312741313,0.3088803088803089,1.5307264188285619,strong
ヒロキ,20250617,236,236,556421,2357.7161016949153,-39845,-168.83474576271186,0.3305084745762712,0.25,-0.7471519055980951,normal
ヒロキ,20250618,234,234,522390,2232.4358974358975,-14470,-61.837606837606835,0.3547008547008547,0.2564102564102564,-0.06616223577128998,normal
ヒロキ,20250619,240,240,440712,1836.3,-64207,-267.52916666666664,0.30833333333333335,0.2125,-1.3752984315736814,recovery
ヒロキ,20250620,236,236,482693,2045.3093220338983,-53895,-228.36864406779662,0.3177966101694915,0.24152542372881355,-1.1260589507543257,recovery
ヒロキ,20250621,259,259,1100024,4247.196911196911,-29470,-113.78378378378379,0.39768339768339767,0.2702702702702703,-0.3967767759610347,normal
ヒロキ,20250622,260,260,1240834,4772.4384615384615,-66426,-255.48461538461538,0.3730769230769231,0.25769230769230766,-1.2986401668464587,recovery
ヒロキ,20250623,217,217,410573,1892.041474654378,-55716,-256.7557603686636,0.29493087557603687,0.2488479262672811,-1.3067304448827237,recovery
ヒロキ,20250624,226,226,484208,2142.5132743362833,-40903,-180.9867256637168,0.34513274336283184,0.27876106194690264,-0.8244939061755111,recovery
ヒロキ,20250625,236,236,502094,2127.5169491525426,-51398,-217.78813559322035,0.3432203389830508,0.2245762711864407,-1.0587186737610796,recovery
ヒロキ,20250626,257,257,957544,3725.852140077821,22159,86.22178988326849,0.4046692607003891,0.2840466926070039,0.8761706219164359,strong
ヒロキ,20250627,246,246,529592,2152.8130081300815,-52479,-213.32926829268294,0.3333333333333333,0.23577235772357724,-1.0303399469904515,recovery
ヒロキ,20250628,259,259,1159024,4474.996138996139,-59161,-228.4208494208494,0.33204633204633205,0.23166023166023167,-1.126391214836298,recovery
ヒロキ,20250629,257,257,1087215,4230.408560311284,24480,95.25291828793775,0.377431906614786,0.2490272373540856,0.9336497770811745,strong
ヒロキ,20250630,253,253,765123,3024.201581027668,30976,122.43478260869566,0.37549407114624506,0.2727272727272727,1.1066503731253996,strong
ヒロキ,20250701,226,226,428773,1897.225663716814,8143,36.030973451327434,0.37610619469026546,0.2831858407079646,0.5567281783736235,normal
ヒロキ,20250702,225,225,459578,2042.568888888889,-44198,-196.43555555555557,0.28444444444444444,0.21333333333333335,-0.9228189050768163,recovery
ヒロキ,20250703,221,221,440957,1995.2805429864254,-11040,-49.95475113122172,0.3574660633484163,0.27149321266968324,0.00946690782436269,normal
ヒロキ,20250704,239,239,548155,2293.5355648535565,4566,19.10460251046025,0.3891213389121339,0.2928870292887029,0.44899928137521383,normal
ヒロキ,20250705,260,260,1157372,4451.430769230769,-49292,-189.58461538461538,0.36923076923076925,0.28846153846153844,-0.879215687907828,recovery
ヒロキ,20250706,259,259,1377871,5319.965250965251,-38949,-150.3822393822394,0.3590733590733591,0.24324324324324326,-0.6297098286065712,normal
ヒロキ,20250707,260,260,1715503,6598.088461538461,-83619,-321.6115384615385,0.3730769230769231,0.25384615384615383,-1.7195089112372535,recovery
ヒロキ,20250708,253,253,719535,2844.01185770751,-43942,-173.68379446640316,0.34782608695652173,0.25296442687747034,-0.7780139651715968,recovery
ヒロキ,20250709,253,253,743017,2936.8260869565215,-46293,-182.97628458498025,0.34782608695652173,0.21739130434782608,-0.8371565725468103,recovery
ヒロキ,20250710,238,238,493990,2075.5882352941176,-12985,-54.55882352941177,0.3445378151260504,0.2773109243697479,-0.019835985447361027,normal
ヒロキ,20250711,256,256,836872,3269.03125,-7626,-29.7890625,0.359375,0.25390625,0.13781263539020241,normal
ヒロキ,20250712,260,260,1447100,5565.7692307692305,-1904,-7.323076923076923,0.3923076923076923,0.27307692307692305,0.2807987400099862,normal
ヒロキ,20250713,260,260,1617294,6220.361538461539,145831,560.8884615384616,0.5461538461538461,0.3923076923076923,3.8972149531533624,strong
ヒロキ,20250714,223,223,438511,1966.4170403587443,-44205,-198.22869955156952,0.33183856502242154,0.23766816143497757,-0.934231476946165,recovery
ヒロキ,20250715,215,215,451258,2098.874418604651,-17644,-82.06511627906977,0.3488372093023256,0.26976744186046514,-0.19490142556964846,normal
ヒロキ,20250716,258,258,915994,3550.3643410852715,66082,256.13178294573646,0.38372093023255816,0.29844961240310075,1.95757290274636,strong
ヒロキ,20250717,248,248,625569,2522.4556451612902,-51330,-206.9758064516129,0.32661290322580644,0.29435483870967744,-0.9899029603114335,recovery
ヒロキ,20250718,212,212,414129,1953.438679245283,-28244,-133.22641509433961,0.330188679245283,0.29245283018867924,-0.5205205621010315,normal
ヒロキ,20250719,260,260,1081785,4160.711538461538,15621,60.08076923076923,0.39615384615384613,0.28076923076923077,0.7097945374536364,normal
ヒロキ,20250720,260,260,1068374,4109.130769230769,-77710,-298.88461538461536,0.3192307692307692,0.23076923076923078,-1.5748620543417025,recovery
ヒロキ,20250721,260,260,1190040,4577.076923076923,-56158,-215.9923076923077,0.3423076923076923,0.2230769230769231,-1.0472890200189895,recovery
ヒロキ,20250722,231,231,493449,2136.1428571428573,-17244,-74.64935064935065,0.3463203463203463,0.23376623376623376,-0.14770334309353395,normal
ヒロキ,20250723,215,215,395611,1840.0511627906976,-23487,-109.24186046511628,0.34418604651162793,0.2930232558139535,-0.367869434211242,normal
ヒロキ,20250724,187,187,336353,1798.6791443850268,-22524,-120.44919786096257,0.3422459893048128,0.26737967914438504,-0.4391992012452673,normal
ヒロキ,20250725,260,260,975914,3753.5153846153844,3195,12.288461538461538,0.35384615384615387,0.25769230769230766,0.40561754578260667,normal
ヒロキ,20250726,259,259,1461445,5642.644787644787,74379,287.17760617760615,0.41312741312741313,0.3166023166023166,2.1551658956484507,strong
ヒロキ,20250727,260,260,1290360,4962.923076923077,15890,61.11538461538461,0.3923076923076923,0.28076923076923077,0.7163794087524862,normal
ヒロキ,20250728,213,213,390922,1835.3145539906104,-51052,-239.68075117370893,0.3286384976525822,0.215962441314554,-1.1980555308544054,recovery
ヒロキ,20250729,201,201,418992,2084.5373134328356,19067,94.86069651741293,0.373134328358209,0.2835820895522388,0.9311534582385227,strong
ヒロキ,20250730,243,243,907213,3733.38683127572,114676,471.917695473251,0.48148148148148145,0.3950617283950617,3.330955208120407,strong
ヒロキ,20250731,214,214,454791,2125.191588785047,-1374,-6.420560747663552,0.34579439252336447,0.2757009345794392,0.28654285801615376,normal
ヒロキ,20250801,219,219,531062,2424.9406392694063,-30432,-138.95890410958904,0.3105022831050228,0.2374429223744292,-0.5570053302078967,normal
ヒロキ,20250802,259,259,1146340,4426.023166023166,-16742,-64.64092664092664,0.35135135135135137,0.2548262548262548,-0.08400413179262159,normal
ヒロキ,20250803,260,260,1156905,4449.634615384615,90472,347.96923076923076,0.40384615384615385,0.3038461538461538,2.5420778147406353,strong
ヒロキ,20250804,202,202,375156,1857.2079207920792,-2931,-14.509900990099009,0.3564356435643564,0.28217821782178215,0.23505776975908563,normal
ヒロキ,20250805,198,198,431715,2180.378787878788,-54253,-274.0050505050505,0.3181818181818182,0.21717171717171718,-1.4165145803533665,recovery
ヒロキ,20250806,244,244,804772,3298.245901639344,66729,273.4795081967213,0.4262295081967213,0.319672131147541,2.0679835343725332,strong
ヒロキ,20250807,232,232,572122,2466.043103448276,-46679,-201.20258620689654,0.375,0.27155172413793105,-0.9531589558662422,recovery
ヒロキ,20250808,244,244,718620,2945.1639344262294,-10035,-41.127049180327866,0.38934426229508196,0.29098360655737704,0.0656513431958223,normal
ヒロキ,20250809,259,259,1006478,3886.015444015444,-57668,-222.65637065637065,0.3204633204633205,0.2471042471042471,-1.0897028460632434,recovery
ヒロキ,20250810,260,260,1326061,5100.234615384616,-35930,-138.19230769230768,0.43846153846153846,0.28846153846153844,-0.5521262816058563,normal
ヒロキ,20250811,260,260,1658059,6377.15,115378,443.76153846153846,0.4653846153846154,0.3269230769230769,3.1517536681575575,strong
ヒロキ,20250812,253,253,734764,2904.205533596838,-34809,-137.58498023715416,0.3241106719367589,0.22134387351778656,-0.5482609098088473,normal
ヒロキ,20250813,253,253,758481,2997.9486166007905,-49778,-196.7509881422925,0.33201581027667987,0.22529644268774704,-0.9248264945811016,recovery
ヒロキ,20250814,243,243,628913,2588.119341563786,15921,65.51851851851852,0.35390946502057613,0.26337448559670784,0.7444034169925311,normal
ヒロキ,20250815,256,256,853474,3333.8828125,-58067,-226.82421875,0.34375,0.234375,-1.1162293637410257,recovery
ヒロキ,20250816,259,259,1420113,5483.061776061776,117949,455.4015444015444,0.4362934362934363,0.3359073359073359,3.2258371799364585,strong
ヒロキ,20250817,258,258,1227404,4757.37984496124,-7674,-29.74418604651163,0.43410852713178294,0.29069767441860467,0.13809825425395011,normal
ヒロキ,20250818,231,231,482186,2087.3852813852814,-73141,-316.6277056277056,0.29004329004329005,0.22077922077922077,-1.687789010031676,recovery
ヒロキ,20250819,223,223,515752,2312.7892376681616,-20068,-89.99103139013452,0.3094170403587444,0.22869955156950672,-0.24534638483474944,normal
ヒロキ,20250820,224,224,515619,2301.870535714286,-44611,-199.15625,0.32589285714285715,0.21428571428571427,-0.940134927075486,recovery
ヒロキ,20250821,229,229,501103,2188.2227074235807,-884,-3.8602620087336246,0.4017467248908297,0.3056768558951965,0.30283803198433157,normal
ヒロキ,20250822,235,235,551079,2345.0170212765956,-8449,-35.9531914893617,0.37872340425531914,0.26382978723404255,0.0985806689338513,normal
ヒロキ,20250823,257,257,1285970,5003.774319066148,-27609,-107.42801556420234,0.38132295719844356,0.2801556420233463,-0.35632511019847546,normal
ヒロキ,20250824,258,258,1085209,4206.236434108527,-26447,-102.5077519379845,0.375968992248062,0.26356589147286824,-0.3250097990047407,normal
ヒロキ,20250825,236,236,542899,2300.419491525424,-41358,-175.24576271186442,0.3347457627118644,0.25,-0.7879552051939227,recovery
ヒロキ,20250826,253,253,904621,3575.577075098814,45327,179.1581027667984,0.391304347826087,0.2845849802371542,1.4676693260993203,strong
ヒロキ,20250827,266,266,707495,2659.7556390977443,-48164,-181.06766917293234,0.3458646616541353,0.2518796992481203,-0.8250090759657416,recovery
ヒロキ,20250828,221,221,484441,2192.0407239819006,-2639,-11.941176470588236,0.38461538461538464,0.28054298642533937,0.25140657011011286,normal
ヒロキ,20250829,250,250,579874,2319.496,11222,44.888,0.348,0.248,0.6130992518959696,normal
ヒロキ,20250830,278,278,1753817,6308.694244604317,100844,362.7482014388489,0.5251798561151079,0.39568345323741005,2.6361394546853076,strong
ヒロキ,20250831,277,277,1364825,4927.16606498195,-35728,-128.98194945848377,0.37184115523465705,0.27075812274368233,-0.49350640750783326,normal
ヒロキ,20250901,274,274,935356,3413.70802919708,-6263,-22.857664233576642,0.36496350364963503,0.24817518248175183,0.18192793290478126,normal
ヒロキ,20250902,242,242,512913,2119.4752066115702,-30451,-125.8305785123967,0.34710743801652894,0.2727272727272727,-0.47344931923765254,normal
ヒロキ,20250903,244,244,507403,2079.5204918032787,-79858,-327.28688524590166,0.319672131147541,0.2540983606557377,-1.7556299942088405,recovery
ヒロキ,20250904,218,218,414324,1900.5688073394494,-27501,-126.15137614678899,0.3165137614678899,0.25229357798165136,-0.47549105490760296,normal
ヒロキ,20250905,229,229,408410,1783.4497816593887,-34372,-150.09606986899564,0.33624454148471616,0.24890829694323144,-0.6278884856781891,normal
ヒロキ,20250906,277,277,1537441,5550.328519855596,3759,13.570397111913357,0.41155234657039713,0.30324909747292417,0.4137765011684628,normal
ヒロキ,20250907,267,267,1342209,5027.0,-40046,-149.98501872659176,0.3970037453183521,0.2883895131086142,-0.6271816940615231,normal
ヒロキ,20250908,241,241,516400,2142.738589211618,-4487,-18.61825726141079,0.34439834024896265,0.27385892116182575,0.20890989133132845,normal
ヒロキ,20250909,238,238,605562,2544.378151260504,48328,203.05882352941177,0.39915966386554624,0.3067226890756303,1.6197868883469202,strong
ヒロキ,20250910,192,192,404893,2108.8177083333335,-16391,-85.36979166666667,0.3541666666666667,0.265625,-0.21593422909778426,normal
ヒロキ,20250911,258,258,656323,2543.8875968992247,30274,117.34108527131782,0.3875968992248062,0.3023255813953488,1.0742312327369206,strong
ヒロキ,20250912,214,214,419791,1961.6401869158879,-48563,-226.92990654205607,0.308411214953271,0.2523364485981308,-1.1169020199946416,recovery
ヒロキ,20250913,274,274,1186334,4329.686131386861,-4981,-18.17883211678832,0.3905109489051095,0.2737226277372263,0.21170663886267613,normal
ヒロキ,20250914,278,278,1507379,5422.226618705036,100126,360.1654676258993,0.4028776978417266,0.3237410071942446,2.619701491350959,strong
ヒロキ,20250915,276,276,1157509,4193.873188405797,-35487,-128.57608695652175,0.38405797101449274,0.3007246376811594,-0.4909232714166929,normal
ヒロキ,20250916,255,255,694854,2724.9176470588236,49277,193.24313725490197,0.37254901960784315,0.2980392156862745,1.5573143678444719,strong
ヒロキ,20250917,219,219,463095,2114.5890410958905,-71006,-324.2283105022831,0.2922374429223744,0.2100456621004566,-1.7361635129017527,recovery
ヒロキ,20250918,190,190,319735,1682.8157894736842,-4640,-24.42105263157895,0.3526315789473684,0.30526315789473685,0.17197765423693878,normal
ヒロキ,20250919,206,206,369682,1794.5728155339805,-22946,-111.3883495145631,0.2961165048543689,0.22330097087378642,-0.3815308917394926,normal
ヒロキ,20250920,269,269,902978,3356.7955390334573,-26762,-99.48698884758365,0.3643122676579926,0.26394052044609667,-0.30578397221887693,normal
ヒロキ,20250921,275,275,1006234,3659.0327272727272,-2662,-9.68,0.3090909090909091,0.22545454545454546,0.2657979625678482,normal
ヒロキ,20250922,263,263,710643,2702.06463878327,-27340,-103.95437262357414,0.3231939163498099,0.23193916349809887,-0.33421690260527614,normal
ヒロキ,20250923,276,276,1059552,3838.9565217391305,6663,24.141304347826086,0.4311594202898551,0.31521739130434784,0.4810556705058119,normal
ヒロキ,20250924,203,203,372456,1834.7586206896551,-29043,-143.06896551724137,0.35467980295566504,0.270935960591133,-0.5831640610775529,normal
ヒロキ,20250925,199,199,402926,2024.7537688442212,-8020,-40.301507537688444,0.31155778894472363,0.2562814070351759,0.07090555219895099,normal
ヒロキ,20250926,273,273,868516,3181.3772893772893,31553,115.57875457875458,0.3443223443223443,0.2490842490842491,1.0630147739744638,strong
ヒロキ,20250927,278,278,1276733,4592.564748201439,-16999,-61.14748201438849,0.38489208633093525,0.27697841726618705,-0.06176989518887769,normal
ヒロキ,20250928,273,273,895124,3278.842490842491,-9759,-35.747252747252745,0.336996336996337,0.23443223443223443,0.09989137833601101,normal
ヒロキ,20250929,204,204,391949,1921.3186274509803,-11802,-57.85294117647059,0.3137254901960784,0.22549019607843138,-0.04080159360639279,normal
ヒロキ,20250930,249,249,748646,3006.610441767068,-20266,-81.38955823293173,0.3534136546184739,0.26907630522088355,-0.19060179610843078,normal
ヒロキ,20251001,214,214,414839,1938.5,2425,11.33177570093458,0.35046728971962615,0.2850467289719626,0.39952866173233786,normal
ヒロキ,20251002,188,188,321014,1707.5212765957447,-30192,-160.59574468085106,0.3191489361702128,0.2765957446808511,-0.6947142920057691,normal
ヒロキ,20251003,225,225,474692,2109.742222222222,39645,176.2,0.39111111111111113,0.3022222222222222,1.4488423046788144,strong
ヒロキ,20251004,276,276,1071572,3882.5072463768115,-5086,-18.42753623188406,0.3333333333333333,0.29347826086956524,0.21012374669448303,normal
ヒロキ,20251005,274,274,969834,3539.5401459854015,-11075,-40.41970802919708,0.40145985401459855,0.28102189781021897,0.0701532581236657,normal
ヒロキ,20251006,255,255,796590,3123.8823529411766,-1311,-5.141176470588236,0.3843137254901961,0.2901960784313726,0.2946855755241142,normal
ヒロキ,20251007,241,241,554575,2301.141078838174,-32965,-136.78423236514521,0.3153526970954357,0.23651452282157676,-0.5431645022370937,normal
ヒロキ,20251008,221,221,443733,2007.841628959276,-41361,-187.15384615384616,0.27601809954751133,0.24434389140271492,-0.8637449122168502,recovery
ヒロキ,20251009,195,195,346947,1779.2153846153847,23894,122.53333333333333,0.36923076923076925,0.2923076923076923,1.1072776050879214,strong
ヒロキ,20251010,231,231,534025,2311.7965367965367,-13046,-56.476190476190474,0.35064935064935066,0.2683982683982684,-0.03203918169298792,normal
ヒロキ,20251011,277,277,1141443,4120.732851985559,19445,70.1985559566787,0.4007220216606498,0.2888086642599278,0.7741897942901581,strong
ヒロキ,20251012,279,279,983809,3526.1971326164876,-33402,-119.72043010752688,0.3046594982078853,0.2222222222222222,-0.43456091542960656,normal
ヒロキ,20251013,279,279,1557950,5584.050179211469,49060,175.84229390681003,0.4050179211469534,0.3046594982078853,1.4465656629223747,strong
ヒロキ,20251014,211,211,356966,1691.781990521327,10871,51.52132701421801,0.33649289099526064,0.25118483412322273,0.655317457154967,normal
ヒロキ,20251015,222,222,446061,2009.2837837837837,-665,-2.9954954954954953,0.35135135135135137,0.30180180180180183,0.308341890014961,normal
ヒロキ,20251016,253,253,700402,2768.387351778656,9289,36.715415019762844,0.35177865612648224,0.2885375494071146,0.5610843475421358,normal
ヒロキ,20251017,230,230,470086,2043.8521739130435,-3185,-13.847826086956522,0.3565217391304348,0.28695652173913044,0.23927158495284714,normal
ヒロキ,20251018,272,272,924950,3400.551470588235,23507,86.42279411764706,0.3639705882352941,0.26838235294117646,0.8774499253499516,strong
ヒロキ,20251019,272,272,775552,2851.294117647059,-42292,-155.48529411764707,0.3235294117647059,0.27205882352941174,-0.6621885247126968,normal
ヒロキ,20251020,228,228,412745,1810.2850877192982,-8517,-37.35526315789474,0.36403508771929827,0.2631578947368421,0.08965710020837199,normal
ヒロキ,20251021,218,218,374782,1719.1834862385322,-51250,-235.09174311926606,0.3165137614678899,0.25688073394495414,-1.1688485154965924,recovery
ヒロキ,20251022,223,223,417756,1873.3452914798206,-2162,-9.695067264573991,0.34977578475336324,0.28699551569506726,0.26570206606416114,normal
ヒロキ,20251023,206,206,324396,1574.7378640776699,-38938,-189.01941747572815,0.27184466019417475,0.22815533980582525,-0.8756184521197821,recovery
ヒロキ,20251024,213,213,385546,1810.075117370892,-45852,-215.26760563380282,0.27699530516431925,0.22535211267605634,-1.0426766105611114,recovery
ヒロキ,20251025,276,276,1115731,4042.503623188406,-48926,-177.268115942029,0.34057971014492755,0.2463768115942029,-0.8008265928994104,recovery
ヒロキ,20251026,279,279,1271155,4556.111111111111,-13221,-47.38709677419355,0.35125448028673834,0.2724014336917563,0.025808897062466547,normal
ヒロキ,20251027,236,236,478670,2028.2627118644068,-10021,-42.46186440677966,0.3771186440677966,0.2584745762711864,0.057155832105778376,normal
ヒロキ,20251028,202,202,283276,1402.3564356435643,-38009,-188.16336633663366,0.30198019801980197,0.2524752475247525,-0.8701700636074979,recovery
ヒロキ,20251029,202,202,332453,1645.8069306930693,24644,122.0,0.3712871287128713,0.30198019801980197,1.1038831732907448,strong
ヒロキ,20251030,239,239,594506,2487.47280334728,2655,11.108786610878662,0.3389121338912134,0.2719665271966527,0.39810943437413293,normal
ヒロキ,20251031,234,234,463456,1980.5811965811965,-37064,-158.39316239316238,0.32051282051282054,0.24358974358974358,-0.6806958257184659,normal
ヒロキ,20251101,278,278,1207641,4344.03237410072,-676,-2.431654676258993,0.39568345323741005,0.28776978417266186,0.31193048852501565,normal
ヒロキ,20251102,273,273,902281,3305.058608058608,-49930,-182.8937728937729,0.2967032967032967,0.21245421245421245,-0.8366314219687984,recovery
ヒロキ,20251103,277,277,967933,3494.3429602888086,-19364,-69.90613718411552,0.35018050541516244,0.27075812274368233,-0.11751487820505228,normal
ヒロキ,20251104,221,221,436919,1977.0090497737556,-85117,-385.1447963800905,0.2895927601809955,0.23076923076923078,-2.1238701190940414,recovery
ヒロキ,20251105,210,210,382004,1819.0666666666666,-42641,-203.05238095238096,0.2619047619047619,0.18095238095238095,-0.9649320848080968,recovery
ヒロキ,20251106,241,241,745252,3092.3319502074687,15088,62.6058091286307,0.36099585062240663,0.26141078838174275,0.7258653044257124,normal
ヒロキ,20251107,201,201,370756,1844.5572139303483,-21062,-104.7860696517413,0.32338308457711445,0.23383084577114427,-0.3395102879265784,normal
ヒロキ,20251108,267,267,998334,3739.078651685393,-932,-3.4906367041198503,0.3857677902621723,0.24719101123595505,0.305190534272498,normal
ヒロキ,20251109,272,272,851240,3129.5588235294117,2272,8.352941176470589,0.3382352941176471,0.2536764705882353,0.38056969180414796,normal
ヒロキ,20251110,203,203,328244,1616.9655172413793,-18744,-92.33497536945812,0.33004926108374383,0.2315270935960591,-0.2602645560364056,normal
ヒロキ,20251111,267,267,836645,3133.501872659176,-9935,-37.20973782771536,0.31835205992509363,0.23220973782771537,0.09058330484847607,normal
ヒロキ,20251112,204,204,323221,1584.4166666666667,-51814,-253.99019607843138,0.3137254901960784,0.25,-1.289128846075411,recovery
ヒロキ,20251113,183,183,281820,1540.0,-2987,-16.3224043715847,0.2896174863387978,0.2185792349726776,0.2235219839267011,normal
ヒロキ,20251114,219,219,379167,1731.3561643835617,-22279,-101.73059360730593,0.3424657534246575,0.2968036529680365,-0.32006352847518577,normal
ヒロキ,20251115,267,267,943777,3534.7453183520597,32400,121.34831460674157,0.3970037453183521,0.2846441947565543,1.09973548275206,strong
ヒロキ,20251116,278,278,1272679,4577.982014388489,-9371,-33.70863309352518,0.3776978417266187,0.2446043165467626,0.11286629466406467,normal
ヒロキ,20251117,211,211,415215,1967.8436018957345,-22504,-106.65402843601896,0.3175355450236967,0.26540284360189575,-0.35139902297626724,normal
ヒロキ,20251118,204,204,338541,1659.514705882353,-17881,-87.65196078431373,0.3627450980392157,0.29901960784313725,-0.23045923050930098,normal
ヒロキ,20251119,208,208,390530,1877.548076923077,-7138,-34.31730769230769,0.3557692307692308,0.27884615384615385,0.10899234889111269,normal
ヒロキ,20251120,197,197,305868,1552.6294416243654,-11304,-57.380710659898476,0.3248730964467005,0.25888324873096447,-0.03779605432942499,normal
ヒロキ,20251121,204,204,375933,1842.8088235294117,9051,44.36764705882353,0.3627450980392157,0.29411764705882354,0.6097874345785625,normal
ヒロキ,20251122,276,276,1645844,5963.202898550725,57643,208.8514492753623,0.4492753623188406,0.27898550724637683,1.656654400261667,strong
ヒロキ,20251123,268,268,841586,3140.2462686567164,-49859,-186.0410447761194,0.332089552238806,0.2574626865671642,-0.8566624215034173,recovery
ヒロキ,20251124,266,266,819958,3082.5488721804513,23228,87.32330827067669,0.37969924812030076,0.2857142857142857,0.8831813013652978,strong
ヒロキ,20251125,201,201,317569,1579.9452736318408,-21541,-107.16915422885572,0.30845771144278605,0.25870646766169153,-0.3546775717964251,normal
ヒロキ,20251126,267,267,806340,3020.0,-8473,-31.734082397003746,0.3445692883895131,0.24719101123595505,0.1254334402942075,normal
ヒロキ,20251127,220,220,378831,1721.959090909091,-4629,-21.04090909090909,0.36363636363636365,0.2909090909090909,0.19349077932469652,normal
ヒロキ,20251128,207,207,386079,1865.1159420289855,-42943,-207.45410628019323,0.3140096618357488,0.2463768115942029,-0.9929471280865283,recovery
ヒロキ,20251129,274,274,1015210,3705.1459854014597,-4355,-15.894160583941606,0.33941605839416056,0.2591240875912409,0.22624756704492432,normal
ヒロキ,20251130,275,275,1276108,4640.392727272727,-310,-1.1272727272727272,0.3236363636363636,0.23636363636363636,0.32023230520620716,normal
ヒロキ,20251201,210,210,304154,1448.352380952381,-1080,-5.142857142857143,0.3476190476190476,0.26666666666666666,0.2946748787852575,normal
ヒロキ,20251202,209,209,303857,1453.8612440191387,-21413,-102.45454545454545,0.3062200956937799,0.24880382775119617,-0.32467116316873806,normal
ヒロキ,20251203,219,219,359310,1640.6849315068494,-18358,-83.82648401826484,0.3105022831050228,0.2511415525114155,-0.20611175555798236,normal
ヒロキ,20251204,214,214,372573,1740.9953271028037,-6793,-31.742990654205606,0.35046728971962615,0.2850467289719626,0.12537674316013858,normal
ヒロキ,20251205,188,188,318039,1691.6968085106382,-35298,-187.75531914893617,0.3351063829787234,0.24468085106382978,-0.8675730229537438,recovery
ヒロキ,20251206,276,276,1392389,5044.88768115942,57265,207.481884057971,0.4601449275362319,0.358695652173913,1.647937720782504,strong
ヒロキ,20251207,274,274,1263106,4609.875912408759,-35934,-131.14598540145985,0.35766423357664234,0.27007299270072993,-0.5072795432860914,normal
ヒロキ,20251208,230,230,407248,1770.6434782608696,-60149,-261.5173913043478,0.30869565217391304,0.24347826086956523,-1.337036128859923,recovery
ヒロキ,20251209,230,230,382165,1661.5869565217392,-21465,-93.32608695652173,0.3739130434782609,0.2956521739130435,-0.26657254482205345,normal
ヒロキ,20251210,216,216,384963,1782.236111111111,-20235,-93.68055555555556,0.32407407407407407,0.24537037037037038,-0.2688285813539179,normal
ヒロキ,20251211,239,239,606044,2535.7489539748954,41656,174.2928870292887,0.3807531380753138,0.2803347280334728,1.4367043704752076,strong
ヒロキ,20251212,244,244,498040,2041.1475409836066,-11976,-49.08196721311475,0.36475409836065575,0.29508196721311475,0.015021793106275159,normal
ヒロキ,20251213,279,279,1115454,3998.043010752688,-9527,-34.14695340501792,0.3655913978494624,0.3010752688172043,0.110076578909041,normal
ヒロキ,20251214,279,279,1483245,5316.290322580645,71980,257.99283154121866,0.4551971326164875,0.3154121863799283,1.9694176574874767,strong
ヒロキ,20251215,215,215,381279,1773.3906976744186,-32737,-152.26511627906976,0.3209302325581395,0.2372093023255814,-0.6416935108730152,normal
ヒロキ,20251216,270,270,782147,2896.840740740741,1994,7.385185185185185,0.35555555555555557,0.2814814814814815,0.3744103511002843,normal
ヒロキ,20251217,245,245,507734,2072.3836734693878,-46160,-188.40816326530611,0.32653061224489793,0.24081632653061225,-0.8717280882547547,recovery
ヒロキ,20251218,206,206,372399,1807.7621359223301,-8985,-43.616504854368934,0.33980582524271846,0.2524271844660194,0.04980705413777234,normal
ヒロキ,20251219,215,215,383364,1783.0883720930233,-14071,-65.44651162790697,0.3627906976744186,0.2558139534883721,-0.08913132547099807,normal
ヒロキ,20251220,279,279,1205363,4320.297491039427,44680,160.14336917562724,0.4265232974910394,0.32974910394265233,1.3466489205054837,strong
ヒロキ,20251221,272,272,989282,3637.0661764705883,8235,30.27573529411765,0.36764705882352944,0.3125,0.5200986219964545,normal
ヒロキ,20251222,215,215,431877,2008.7302325581395,11222,52.1953488372093,0.3209302325581395,0.2744186046511628,0.6596073092323782,normal
ヒロキ,20251223,196,196,344279,1756.5255102040817,-33413,-170.47448979591837,0.2755102040816326,0.23469387755102042,-0.7575881542584952,recovery
ヒロキ,20251224,205,205,369928,1804.5268292682927,-19699,-96.09268292682927,0.36585365853658536,0.2682926829268293,-0.28418070981871435,normal
ヒロキ,20251225,218,218,426330,1955.6422018348624,13216,60.62385321100918,0.3669724770642202,0.26605504587155965,0.7132510278243809,normal
ヒロキ,20251226,263,263,840889,3197.296577946768,-6480,-24.638783269961976,0.3269961977186312,0.26996197718631176,0.17059189460791335,normal
ヒロキ,20251227,277,277,1292653,4666.617328519856,4603,16.617328519855597,0.3898916967509025,0.259927797833935,0.4331688777714662,normal
ヒロキ,20251229,276,276,848637,3074.771739130435,-45794,-165.92028985507247,0.35507246376811596,0.2826086956521739,-0.7286026772149196,normal
ヒロキ,20251231,268,268,586779,2189.473880597015,8371,31.23507462686567,0.3694029850746269,0.26865671641791045,0.5262043943752582,normal
ヒロキ,20260101,271,271,901743,3327.4649446494464,-29861,-110.18819188191883,0.33948339483394835,0.24354243542435425,-0.3738924169334828,normal
ヒロキ,20260102,273,273,861844,3156.937728937729,-29115,-106.64835164835165,0.3333333333333333,0.2490842490842491,-0.3513628927227102,normal
ヒロキ,20260103,277,277,1072956,3873.4873646209385,-60646,-218.93862815884478,0.33935018050541516,0.23826714801444043,-1.066041052287025,recovery
ヒロキ,20260104,272,272,1019685,3748.841911764706,-66082,-242.9485294117647,0.3161764705882353,0.25,-1.2188535002744896,recovery
ヒロキ,20260105,245,245,620771,2533.7591836734696,-41089,-167.71020408163264,0.32653061224489793,0.24897959183673468,-0.7399946930240219,normal
ヒロキ,20260106,269,269,826456,3072.3271375464683,-5525,-20.539033457249072,0.3680297397769517,0.26394052044609667,0.19668499671680345,normal
ヒロキ,20260107,246,246,577347,2346.939024390244,-44272,-179.96747967479675,0.35365853658536583,0.2764227642276423,-0.818006854311883,recovery
ヒロキ,20260108,219,219,435431,1988.269406392694,-45481,-207.675799086758,0.3424657534246575,0.2694063926940639,-0.9943581051711696,recovery
ヒロキ,20260109,212,212,424235,2001.1084905660377,-9039,-42.636792452830186,0.3632075471698113,0.2830188679245283,0.056042492127531124,normal
ヒロキ,20260110,277,277,1097008,3960.317689530686,28614,103.29963898916968,0.37545126353790614,0.30685920577617326,0.9848636107272881,strong
ヒロキ,20260111,279,279,1775939,6365.372759856631,117130,419.82078853046596,0.43727598566308246,0.3548387096774194,2.999381337880772,strong
ヒロキ,20260112,276,276,1045879,3789.4166666666665,-20752,-75.18840579710145,0.38768115942028986,0.29347826086956524,-0.15113419171970338,normal
ヒロキ,20260113,203,203,390016,1921.2610837438424,-36865,-181.60098522167488,0.2955665024630542,0.22660098522167488,-0.8284033977541094,recovery
ヒロキ,20260114,221,221,398745,1804.2760180995474,6697,30.30316742081448,0.334841628959276,0.26244343891402716,0.5202732154023118,normal
ヒロキ,20260115,219,219,417522,1906.4931506849316,-30398,-138.80365296803652,0.2831050228310502,0.2374429223744292,-0.5560172250614581,normal
ヒロキ,20260116,275,275,941819,3424.796363636364,33768,122.79272727272728,0.38181818181818183,0.31636363636363635,1.1089285332801846,strong
ヒロキ,20260117,278,278,1311075,4716.097122302158,16359,58.84532374100719,0.3776978417266187,0.25539568345323743,0.701931470977149,normal
ヒロキ,20260118,279,279,1107272,3968.716845878136,2237,8.017921146953405,0.3763440860215054,0.3046594982078853,0.3784374368524902,normal
ヒロキ,20260119,214,214,410071,1916.2196261682243,-13731,-64.16355140186916,0.3925233644859813,0.29906542056074764,-0.08096584862266881,normal
ヒロキ,20260120,222,222,389148,1752.918918918919,-8143,-36.68018018018018,0.3153153153153153,0.25675675675675674,0.09395370606828501,normal
ヒロキ,20260121,200,200,307021,1535.105,-9885,-49.425,0.31,0.25,0.01283854048263008,normal
ヒロキ,20260122,216,216,345476,1599.4259259259259,-13175,-60.995370370370374,0.3472222222222222,0.2777777777777778,-0.0608017715616729,normal
ヒロキ,20260123,235,235,422943,1799.7574468085106,-32031,-136.30212765957447,0.37446808510638296,0.2936170212765957,-0.5400961180955478,normal
ヒロキ,20260124,277,277,1322919,4775.880866425993,101163,365.2093862815884,0.3935018050541516,0.30324909747292417,2.6518038123520404,strong
ヒロキ,20260125,273,273,1106386,4052.6959706959706,-21308,-78.05128205128206,0.336996336996337,0.26373626373626374,-0.16935513832327667,normal
ヒロキ,20260126,261,261,733154,2809.0191570881225,29916,114.62068965517241,0.36398467432950193,0.3065134099616858,1.0569171126487757,strong
ヒロキ,20260127,237,237,519221,2190.805907172996,-22602,-95.36708860759494,0.31645569620253167,0.22362869198312235,-0.2795626215142274,normal
ヒロキ,20260128,220,220,425743,1935.1954545454546,5653,25.695454545454545,0.32727272727272727,0.2681818181818182,0.49094715209659606,normal
ヒロキ,20260129,208,208,328990,1581.6826923076924,23062,110.875,0.375,0.32211538461538464,1.0330774475215148,strong
ヒロキ,20260130,271,271,773488,2854.19926199262,-23323,-86.06273062730628,0.3505535055350554,0.2656826568265683,-0.2203444804255922,normal
ヒロキ,20260131,277,277,1167973,4216.509025270758,-61245,-221.10108303249098,0.33212996389891697,0.24187725631768953,-1.0798041252552701,recovery
ヒロキ,20260201,277,277,1227599,4431.765342960289,-66800,-241.1552346570397,0.33935018050541516,0.23826714801444043,-1.207439968892336,recovery
ヒロキ,20260202,249,249,562087,2257.377510040161,-25757,-103.4417670682731,0.3172690763052209,0.26104417670682734,-0.3309543939871701,normal
ヒロキ,20260203,210,210,384131,1829.195238095238,-32817,-156.27142857142857,0.2619047619047619,0.21904761904761905,-0.6671919243128942,normal
ヒロキ,20260204,219,219,398156,1818.0639269406392,-24388,-111.3607305936073,0.3287671232876712,0.2374429223744292,-0.38135510947043744,normal
ヒロキ,20260205,212,212,421756,1989.4150943396226,-33251,-156.8443396226415,0.3443396226415094,0.2688679245283019,-0.6708382508551275,normal
ヒロキ,20260206,259,259,868175,3352.027027027027,21230,81.96911196911196,0.3166023166023166,0.2702702702702703,0.8491041997883795,strong
ヒロキ,20260207,277,277,1236119,4462.523465703971,-58906,-212.65703971119135,0.35018050541516244,0.24187725631768953,-1.0260615081054778,recovery
ヒロキ,20260208,274,274,962713,3513.5510948905107,27772,101.35766423357664,0.38686131386861317,0.2846715328467153,0.9725037966153521,strong
ヒロキ,20260209,206,206,381618,1852.514563106796,266,1.2912621359223302,0.3932038834951456,0.2912621359223301,0.33562521453534977,normal
ヒロキ,20260210,219,219,422408,1928.8036529680364,-36929,-168.6255707762557,0.3333333333333333,0.2876712328767123,-0.7458205989258436,normal
ヒロキ,20260211,277,277,1311825,4735.830324909747,-54499,-196.74729241877256,0.36823104693140796,0.2851985559566787,-0.924802972928421,recovery
ヒロキ,20260212,211,211,382080,1810.8056872037914,11491,54.459715639810426,0.3459715639810427,0.2796208530805687,0.6740190067484162,normal
ヒロキ,20260213,220,220,432187,1964.4863636363636,-20558,-93.44545454545455,0.34545454545454546,0.2863636363636364,-0.26733226695847695,normal
ヒロキ,20260214,276,276,916541,3320.800724637681,-6008,-21.768115942028984,0.34782608695652173,0.2427536231884058,0.18886242796488523,normal
ヒロキ,20260215,275,275,979482,3561.7527272727275,-55601,-202.18545454545455,0.3709090909090909,0.2690909090909091,-0.959414480005316,recovery
ヒロキ,20260216,267,267,790378,2960.2172284644193,-33561,-125.69662921348315,0.3707865168539326,0.2883895131086142,-0.4725967909386994,normal
ヒロキ,20260217,241,241,500047,2074.883817427386,20433,84.78423236514523,0.36929460580912865,0.2821576763485477,0.8670212013855838,strong
ヒロキ,20260218,210,210,375317,1787.2238095238095,-16024,-76.3047619047619,0.3333333333333333,0.23809523809523808,-0.15823930672373135,normal
ヒロキ,20260219,193,193,345788,1791.6476683937824,-28705,-148.73056994818654,0.29533678756476683,0.21761658031088082,-0.6191976800214957,normal
ヒロキ,20260220,213,213,375744,1764.056338028169,-7205,-33.82629107981221,0.3568075117370892,0.28169014084507044,0.11211745339560632,normal
ヒロキ,20260221,272,272,991187,3644.0698529411766,21418,78.74264705882354,0.40441176470588236,0.2867647058823529,0.8285691715059591,strong
ヒロキ,20260222,279,279,1722307,6173.143369175627,164199,588.5268817204301,0.45161290322580644,0.3333333333333333,4.073121326195989,strong
ヒロキ,20260223,272,272,793730,2918.125,-56440,-207.5,0.3125,0.24632352941176472,-0.9932392214024086,recovery
ヒロキ,20260224,223,223,427858,1918.645739910314,-23683,-106.20179372197309,0.3542600896860987,0.2645739910313901,-0.34852074817662154,normal
ヒロキ,20260225,199,199,337366,1695.3065326633166,-27008,-135.71859296482413,0.3165829145728643,0.271356783919598,-0.5363821767406423,normal
ヒロキ,20260226,257,257,712006,2770.4513618677042,41677,162.1673151750973,0.3852140077821012,0.27626459143968873,1.3595304454861763,strong
ヒロキ,20260227,243,243,520496,2141.9588477366256,14953,61.534979423868315,0.34156378600823045,0.2716049382716049,0.7190499449271999,normal
ヒロキ,20260228,279,279,1255247,4499.093189964157,-136904,-490.6953405017921,0.25806451612903225,0.18996415770609318,-2.7956528500490285,recovery
ヒロキ,20260301,279,279,1173341,4205.52329749104,-33784,-121.08960573476702,0.34408602150537637,0.24372759856630824,-0.4432751153390249,normal
ヒロキ,20260302,226,226,447909,1981.8982300884957,-39543,-174.96902654867256,0.26548672566371684,0.17699115044247787,-0.7861939013843594,recovery
ヒロキ,20260303,244,244,650216,2664.8196721311474,-4387,-17.979508196721312,0.38934426229508196,0.27049180327868855,0.21297524783557614,normal
ヒロキ,20260304,199,199,396916,1994.5527638190954,6124,30.77386934673367,0.3065326633165829,0.25125628140703515,0.523269025872935,normal
ヒロキ,20260305,213,213,373611,1754.0422535211267,-25114,-117.90610328638498,0.3615023474178404,0.27230046948356806,-0.4230135242068171,normal
ヒロキ,20260306,268,268,837411,3124.667910447761,18077,67.45149253731343,0.39552238805970147,0.30970149253731344,0.7567059453784941,strong
ヒロキ,20260307,279,279,1345202,4821.5125448028675,-8131,-29.14336917562724,0.41935483870967744,0.2974910394265233,0.14192218904921908,normal
ヒロキ,20260308,268,268,859077,3205.5111940298507,1965,7.332089552238806,0.3582089552238806,0.26119402985074625,0.374072420778851,normal
ヒロキ,20260309,202,202,394167,1951.3217821782177,-10687,-52.90594059405941,0.3910891089108911,0.2871287128712871,-0.009316113460916145,normal
ヒロキ,20260310,215,215,425958,1981.2,1153,5.362790697674418,0.3813953488372093,0.3023255813953488,0.3615387008099571,normal
ヒロキ,20260311,269,269,835650,3106.5055762081784,38062,141.49442379182156,0.41263940520446096,0.29739776951672864,1.2279565957656098,strong
ヒロキ,20260312,188,188,354028,1883.127659574468,-4518,-24.03191489361702,0.3404255319148936,0.2765957446808511,0.17445434457047504,normal
ヒロキ,20260313,212,212,393452,1855.9056603773586,-14058,-66.31132075471699,0.3113207547169811,0.2641509433962264,-0.09463545471824637,normal
ヒロキ,20260314,278,278,932482,3354.251798561151,-73517,-264.4496402877698,0.29856115107913667,0.24100719424460432,-1.3556986023347348,recovery
ヒロキ,20260315,278,278,1418639,5103.017985611511,84332,303.3525179856115,0.43884892086330934,0.3381294964028777,2.258112086193988,strong
ヒロキ,20260316,257,257,784455,3052.3540856031127,60427,235.12451361867704,0.39299610894941633,0.29571984435797666,1.823870884667067,strong
ヒロキ,20260317,218,218,432523,1984.0504587155963,-26031,-119.40825688073394,0.3669724770642202,0.27522935779816515,-0.43257407031600686,normal
ヒロキ,20260318,201,201,338393,1683.547263681592,-3898,-19.393034825870647,0.3880597014925373,0.2935323383084577,0.20397877333031306,normal
ヒロキ,20260319,191,191,339019,1774.9685863874345,-12845,-67.25130890052355,0.3612565445026178,0.31413612565445026,-0.10061806531404924,normal
ヒロキ,20260320,271,271,928148,3424.9003690036902,5013,18.498154981549817,0.36900369003690037,0.28413284132841327,0.4451395099212399,normal
ヒロキ,20260321,276,276,942367,3414.373188405797,22751,82.43115942028986,0.37318840579710144,0.2644927536231884,0.8520449283385343,strong
ヒロキ,20260322,274,274,1014552,3702.7445255474454,-50582,-184.6058394160584,0.35766423357664234,0.22992700729927007,-0.8475279714227872,recovery
ヒロキ,20260323,204,204,340669,1669.9460784313726,-3258,-15.970588235294118,0.39705882352941174,0.31862745098039214,0.22576113870129716,normal
ヒロキ,20260324,203,203,346046,1704.6600985221676,-32029,-157.7783251231527,0.3251231527093596,0.26108374384236455,-0.676782657257072,normal
ヒロキ,20260325,215,215,376186,1749.7023255813954,-30647,-142.54418604651164,0.3116279069767442,0.2372093023255814,-0.5798240708488958,normal
ヒロキ,20260326,254,254,677688,2668.0629921259842,-4363,-17.177165354330707,0.3188976377952756,0.23228346456692914,0.21808180669141555,normal
ヒロキ,20260327,229,229,436302,1905.2489082969432,-12855,-56.1353711790393,0.3318777292576419,0.26200873362445415,-0.029870016956722967,normal
ヒロキ,20260328,273,273,946410,3466.703296703297,-124602,-456.4175824175824,0.2600732600732601,0.16483516483516483,-2.5774900150922138,recovery
ヒロキ,20260329,268,268,849575,3170.055970149254,-42154,-157.2910447761194,0.3246268656716418,0.2574626865671642,-0.6736813324368675,normal
ヒロキ,20260330,231,231,573178,2481.2900432900433,-381,-1.6493506493506493,0.38095238095238093,0.26406926406926406,0.3169095091450099,normal
ヒロキ,20260331,251,251,567166,2259.625498007968,-45409,-180.91235059760956,0.3346613545816733,0.2549800796812749,-0.8240205416330518,recovery
ヒロキ,20260401,222,222,418479,1885.0405405405406,-2067,-9.31081081081081,0.3063063063063063,0.2072072072072072,0.26814768917339377,normal
ヒロキ,20260402,215,215,367925,1711.2790697674418,-27490,-127.86046511627907,0.2744186046511628,0.2186046511627907,-0.4863686535493046,normal
ヒロキ,20260403,218,218,396580,1819.1743119266055,-82941,-380.4633027522936,0.22018348623853212,0.1651376146788991,-2.094074473790654,recovery
ヒロキ,20260404,278,278,1317650,4739.748201438849,-263279,-947.0467625899281,0.11151079136690648,0.06474820143884892,-5.700128683466624,recovery
ヒロキ,20260405,270,270,823481,3049.9296296296297,-145557,-539.1,0.15925925925925927,0.12962962962962962,-3.103727191296945,recovery
ヒロキ,20260406,269,269,872884,3244.9219330855017,-156332,-581.1598513011153,0.14869888475836432,0.09665427509293681,-3.3714196224988653,recovery
ヒロキ,20260407,243,243,428982,1765.358024691358,-34581,-142.30864197530863,0.34156378600823045,0.25925925925925924,-0.578324936564656,normal
ヒロキ,20260408,215,215,405083,1884.106976744186,-26197,-121.84651162790698,0.3116279069767442,0.25116279069767444,-0.448092488022421,normal
ヒロキ,20260409,184,184,306549,1666.0271739130435,-29222,-158.81521739130434,0.3423913043478261,0.266304347826087,-0.6833820199169354,normal
ヒロキ,20260410,221,221,385061,1742.3574660633485,-10377,-46.95475113122172,0.3393665158371041,0.248868778280543,0.02856058668348093,normal
ヒロキ,20260411,279,279,1651417,5919.057347670251,69505,249.12186379928315,0.41935483870967744,0.2867383512544803,1.9129578544094386,strong
ヒロキ,20260412,274,274,926392,3380.992700729927,-33917,-123.78467153284672,0.3722627737226277,0.2956204379562044,-0.46042802228993385,normal
ヒロキ,20260413,199,199,397250,1996.2311557788944,26493,133.13065326633165,0.35678391959798994,0.27638190954773867,1.174724879610589,strong
ヒロキ,20260414,179,179,303348,1694.68156424581,4658,26.022346368715084,0.35195530726256985,0.2849162011173184,0.4930276745949323,normal
ヒロキ,20260415,214,214,366272,1711.5514018691588,-16660,-77.85046728971963,0.3644859813084112,0.2757009345794392,-0.16807704080079552,normal
ヒロキ,20260416,263,263,715016,2718.6920152091257,-8558,-32.539923954372625,0.311787072243346,0.24334600760456274,0.12030461365829648,normal
ヒロキ,20260417,236,236,435748,1846.3898305084747,-58944,-249.76271186440678,0.2923728813559322,0.1906779661016949,-1.2622227707538851,recovery
ヒロキ,20260418,264,264,783692,2968.530303030303,-38932,-147.46969696969697,0.3333333333333333,0.2727272727272727,-0.6111727787770224,normal
ヒロキ,20260419,262,262,798817,3048.9198473282445,-50940,-194.42748091603053,0.3282442748091603,0.24427480916030533,-0.9100383943127394,recovery
ヒロキ,20260420,200,200,367021,1835.105,-16168,-80.84,0.325,0.25,-0.18710409997043648,normal
ヒロキ,20260421,225,225,469780,2087.911111111111,-27906,-124.02666666666667,0.38222222222222224,0.31555555555555553,-0.4619682147468097,normal
ヒロキ,20260422,210,210,354061,1686.0047619047618,-2778,-13.228571428571428,0.3380952380952381,0.2904761904761905,0.2432128681459198,normal
ヒロキ,20260423,194,194,359053,1850.7886597938145,-41738,-215.1443298969072,0.3402061855670103,0.26288659793814434,-1.041892014783976,recovery
ヒロキ,20260424,214,214,455661,2129.2570093457944,919,4.294392523364486,0.3644859813084112,0.2757009345794392,0.3547388169319764,normal
ヒロキ,20260425,275,275,1024638,3725.9563636363637,-35442,-128.88,0.36363636363636365,0.24727272727272728,-0.4928575441011165,normal
ヒロキ,20260426,279,279,1344737,4819.845878136201,47166,169.05376344086022,0.41935483870967744,0.34408602150537637,1.4033596560416461,strong
ヒロキ,20260427,221,221,447211,2023.579185520362,-18728,-84.7420814479638,0.33031674208144796,0.26244343891402716,-0.21193912998695108,normal
ヒロキ,20260428,208,208,426801,2051.9278846153848,3663,17.610576923076923,0.38461538461538464,0.28846153846153844,0.4394904664509462,normal
ヒロキ,20260429,275,275,808892,2941.4254545454546,30815,112.05454545454545,0.3527272727272727,0.2872727272727273,1.0405847348911224,strong
ヒロキ,20260430,267,267,833016,3119.9101123595506,-34279,-128.38576779026218,0.3295880149812734,0.25842696629213485,-0.4897119737362611,normal
ヒロキ,20260501,251,251,605190,2411.1155378486055,-48019,-191.31075697211156,0.3386454183266932,0.24302788844621515,-0.8902018189535016,recovery
ヒロキ,20260502,270,270,926573,3431.751851851852,1826,6.762962962962963,0.35185185185185186,0.2814814814814815,0.37045018067024493,normal
ヒロキ,20260503,269,269,763057,2836.64312267658,-5649,-21.0,0.38661710037174724,0.2899628252788104,0.1937511476727754,normal
ヒロキ,20260504,262,262,758693,2895.7748091603053,-20137,-76.8587786259542,0.3320610687022901,0.26717557251908397,-0.1617653791760738,normal
ヒロキ,20260505,279,279,1420931,5092.942652329749,3032,10.867383512544803,0.41935483870967744,0.3010752688172043,0.39657300996240535,normal
ヒロキ,20260506,278,278,1197576,4307.827338129497,22214,79.90647482014388,0.3920863309352518,0.28776978417266186,0.8359764226799514,strong
ヒロキ,20260507,255,255,512932,2011.4980392156863,-23619,-92.62352941176471,0.30196078431372547,0.23921568627450981,-0.26210107544217304,normal
ヒロキ,20260508,221,221,516614,2337.6199095022625,35014,158.4343891402715,0.3665158371040724,0.2986425339366516,1.3357720151815746,strong
ヒロキ,20260509,275,275,951663,3460.592727272727,-13193,-47.974545454545456,0.3527272727272727,0.2581818181818182,0.02207004491284919,normal
ヒロキ,20260510,279,279,1508932,5408.358422939068,11199,40.13978494623656,0.4014336917562724,0.3046594982078853,0.5828789540991063,normal
ヒロキ,20260511,236,236,680002,2881.364406779661,72816,308.54237288135596,0.423728813559322,0.3389830508474576,2.2911432270955774,strong
ヒロキ,20260512,194,194,343238,1769.2680412371135,-6014,-31.0,0.3247422680412371,0.27835051546391754,0.1301055514757146,normal
ヒロキ,20260513,195,195,350475,1797.3076923076924,8704,44.635897435897434,0.36923076923076925,0.29743589743589743,0.611494730096458,normal
ヒロキ,20260514,179,179,273836,1529.8100558659219,-27407,-153.11173184357543,0.329608938547486,0.25139664804469275,-0.6470818461082827,normal
ヒロキ,20260515,190,190,354488,1865.7263157894736,-9109,-47.94210526315789,0.4,0.32105263157894737,0.02227651244501002,normal
ヒロキ,20260516,279,279,1200495,4302.8494623655915,-31390,-112.5089605734767,0.3763440860215054,0.25806451612903225,-0.3886630876344502,normal
ヒロキ,20260517,278,278,1092258,3928.9856115107914,29628,106.57553956834532,0.39928057553956836,0.3129496402877698,1.005713275271681,strong
ヒロキ,20260518,208,208,345745,1662.235576923077,11322,54.43269230769231,0.375,0.28365384615384615,0.6738470151400273,normal
ヒロキ,20260519,196,196,342045,1745.1275510204082,-39490,-201.4795918367347,0.3010204081632653,0.24489795918367346,-0.9549219747123414,recovery
ヒロキ,20260520,209,209,353990,1693.732057416268,-26039,-124.58851674641149,0.3349282296650718,0.2966507177033493,-0.46554414307668224,normal
ヒロキ,20260521,203,203,296765,1461.896551724138,-34403,-169.4729064039409,0.3251231527093596,0.2512315270935961,-0.7512135170461471,recovery
ヒロキ,20260522,232,232,511463,2204.581896551724,-33984,-146.48275862068965,0.3017241379310345,0.27155172413793105,-0.604891350813791,normal
ヒロキ,20260523,275,275,949057,3451.1163636363635,14711,53.49454545454545,0.3709090909090909,0.2872727272727273,0.6678761235611346,normal
ヒロキ,20260524,262,262,782726,2987.5038167938933,-15324,-58.48854961832061,0.31679389312977096,0.24045801526717558,-0.04484696142933576,normal
ヒロキ,20260525,215,215,392427,1825.2418604651164,-53059,-246.78604651162792,0.3023255813953488,0.22325581395348837,-1.2432776066482105,recovery
ヒロキ,20260526,240,240,624542,2602.258333333333,-26579,-110.74583333333334,0.3625,0.2875,-0.3774415591974299,normal
ヒロキ,20260527,217,217,332087,1530.3548387096773,-8318,-38.33179723502304,0.37327188940092165,0.29493087557603687,0.08344189085381426,normal
ヒロキ,20260528,177,177,288030,1627.2881355932204,-20461,-115.59887005649718,0.3559322033898305,0.2768361581920904,-0.40832900075862916,normal
ヒロキ,20260529,211,211,367710,1742.7014218009479,-35932,-170.29383886255926,0.3412322274881517,0.27014218009478674,-0.7564383906227755,recovery
ヒロキ,20260530,279,279,1198878,4297.05376344086,-1716,-6.150537634408602,0.37992831541218636,0.2903225806451613,0.28826143621916356,normal
ヒロキ,20260531,272,272,927731,3410.7757352941176,-9541,-35.07720588235294,0.3713235294117647,0.3088235294117647,0.10415593155566295,normal
ヒロキ,20260601,217,217,388464,1790.1566820276498,-58254,-268.4516129032258,0.3317972350230415,0.2534562211981567,-1.3811693956422355,recovery
ヒロキ,20260602,201,201,355574,1769.0248756218905,-6782,-33.74129353233831,0.3482587064676617,0.27860696517412936,0.11265842535403274,normal
ヒロキ,20260603,206,206,321112,1558.7961165048544,-33150,-160.92233009708738,0.32038834951456313,0.2669902912621359,-0.6967928643583317,normal
ヒロキ,20260604,201,201,320549,1594.771144278607,-30327,-150.88059701492537,0.2835820895522388,0.23383084577114427,-0.6328816554717367,normal
ヒロキ,20260605,187,187,303581,1623.427807486631,-27160,-145.24064171122996,0.32085561497326204,0.25133689839572193,-0.5969858236888897,normal
ヒロキ,20260606,279,279,1769648,6342.8243727598565,92563,331.76702508960574,0.44802867383512546,0.3333333333333333,2.438957910721922,strong
ヒロキ,20260607,271,271,873957,3224.933579335793,-16251,-59.96678966789668,0.33210332103321033,0.2693726937269373,-0.05425530835709989,normal
ヒロキ,20260608,215,215,478455,2225.3720930232557,15547,72.31162790697674,0.34418604651162793,0.2651162790697674,0.7876385666985585,strong
ヒロキ,20260609,186,186,393067,2113.2634408602153,4524,24.322580645161292,0.3548387096774194,0.26881720430107525,0.4822094143078413,normal
ヒロキ,20260610,219,219,491761,2245.48401826484,-21693,-99.05479452054794,0.3333333333333333,0.2648401826484018,-0.30303324565715944,normal
ヒロキ,20260611,253,253,754298,2981.415019762846,42596,168.36363636363637,0.3557312252964427,0.28063241106719367,1.3989673011134813,strong
ヒロキ,20260613,275,275,960869,3494.069090909091,14660,53.30909090909091,0.3490909090909091,0.2509090909090909,0.6666957870498436,normal
ヒロキ,20260614,263,263,868403,3301.9125475285173,-56154,-213.51330798479088,0.3193916349809886,0.24714828897338403,-1.0315112785832647,recovery
ヒロキ,20260615,230,230,498665,2168.108695652174,-9766,-42.46086956521739,0.32608695652173914,0.26521739130434785,0.05716216383421359,normal
ヒロキ,20260616,255,255,726722,2849.8901960784315,20896,81.94509803921568,0.3686274509803922,0.27058823529411763,0.8489513616998511,strong
ヒロキ,20260617,200,200,416777,2083.885,-8636,-43.18,0.36,0.27,0.052585215307694534,normal
ヒロキ,20260618,191,191,386530,2023.717277486911,-298,-1.5602094240837696,0.387434554973822,0.3036649214659686,0.3174768537877946,normal
ヒロキ,20260619,203,203,390442,1923.35960591133,-31987,-157.57142857142858,0.31527093596059114,0.2561576354679803,-0.6754658518185123,normal
ヒロキ,20260620,278,278,1400685,5038.435251798561,51140,183.9568345323741,0.37410071942446044,0.302158273381295,1.4982111405203042,strong
ヒロキ,20260621,268,268,797969,2977.4962686567164,11880,44.32835820895522,0.35074626865671643,0.26492537313432835,0.609537378351186,normal
ヒロキ,20260622,214,214,378792,1770.056074766355,-37769,-176.49065420560748,0.29906542056074764,0.2383177570093458,-0.7958783913259154,recovery
ヒロキ,20260623,215,215,434491,2020.8883720930232,-28875,-134.30232558139534,0.35348837209302325,0.26976744186046514,-0.5273682585413646,normal
ヒロキ,20260624,195,195,342001,1753.851282051282,7212,36.98461538461538,0.3128205128205128,0.28205128205128205,0.5627976893138864,normal
ヒロキ,20260625,199,199,404898,2034.6633165829146,-20576,-103.39698492462311,0.35175879396984927,0.2964824120603015,-0.33066937536401153,normal
ヒロキ,20260626,253,253,699678,2765.5256916996045,-42410,-167.62845849802372,0.2845849802371542,0.22134387351778656,-0.7394744183834953,normal
ヒロキ,20260627,276,276,1057720,3832.31884057971,-94877,-343.7572463768116,0.322463768115942,0.2536231884057971,-1.8604565895846066,recovery
ヒロキ,20260628,267,267,901927,3378.0037453183522,-13443,-50.348314606741575,0.34831460674157305,0.27340823970037453,0.006962049620277838,normal
ヒロキ,20260629,197,197,373268,1894.761421319797,-26770,-135.88832487309645,0.3350253807106599,0.26903553299492383,-0.537462445590208,normal
ヒロキ,20260630,206,206,423076,2053.766990291262,-7842,-38.067961165048544,0.30097087378640774,0.2621359223300971,0.08512109125099589,normal
ヒロキ,20260701,229,229,479900,2095.633187772926,12138,53.004366812227076,0.38427947598253276,0.30131004366812225,0.6647563523677926,normal
ヒロキ,20260702,180,180,322275,1790.4166666666667,-8285,-46.02777777777778,0.36666666666666664,0.3,0.03446036385735377,normal
ヒロキ,20260703,183,183,344430,1882.1311475409836,-37113,-202.80327868852459,0.273224043715847,0.1912568306010929,-0.9633466585983792,recovery
ヒロキ,20260704,273,273,941974,3450.4542124542127,-53133,-194.62637362637363,0.34065934065934067,0.23809523809523808,-0.911304258825643,recovery
