test_date,variant,window,DD,dow,is_event,event_type,avg_diff,avg_diff_other,avg_diff_vs_other,win_rate,payout_rate,hit@10,hit@20,hit@50,lift@10,lift@20,lift@50,hit_t2500,hit_t3500,hit_t4500,lift_t2500,lift_t3500,lift_t4500,n_machines_scored,n_actual_machines,split_period,a_seg_hist_coverage,a_seg_fallback_count
2025-10-06,v11_seg_weights,90,6,0,False,non_event,450.0,149.3975903614458,300.6024096385542,46.0,103.93063220288352,2.0,2.0,4.0,2.8560000000000003,1.4280000000000002,1.1424,7.0,5.0,3.0,1.2495,1.2310344827586208,1.1273684210526316,714,714,,100.0,0
2025-10-06,v12b_debut_multiplier_half,90,6,0,False,non_event,450.0,149.3975903614458,300.6024096385542,46.0,104.16439938255839,2.0,2.0,5.0,2.8560000000000003,1.4280000000000002,1.428,7.0,6.0,3.0,1.2495,1.477241379310345,1.1273684210526316,714,714,,100.0,0
2025-10-07,v11_seg_weights,90,7,1,True,event,-266.0,210.84337349397592,-476.84337349397595,38.0,98.33742726244273,1.0,2.0,2.0,1.4280000000000002,1.4280000000000002,0.5712,3.0,2.0,2.0,0.38945454545454544,0.37578947368421056,0.5388679245283019,714,714,,100.0,0
2025-10-07,v12b_debut_multiplier_half,90,7,1,True,event,-292.0,212.8012048192771,-504.80120481927713,38.0,98.17158085620109,1.0,2.0,2.0,1.4280000000000002,1.4280000000000002,0.5712,3.0,2.0,2.0,0.38945454545454544,0.37578947368421056,0.5388679245283019,714,714,,100.0,0
2025-10-08,v11_seg_weights,90,8,2,False,non_event,-198.0,160.09036144578315,-358.0903614457832,34.0,98.23656718411841,1.0,1.0,5.0,1.4280000000000002,0.7140000000000001,1.428,8.0,5.0,3.0,1.2553846153846155,1.19,1.0710000000000002,714,714,,100.0,0
2025-10-08,v12b_debut_multiplier_half,90,8,2,False,non_event,-174.0,158.28313253012047,-332.2831325301205,34.0,98.42260140225297,1.0,1.0,5.0,1.4280000000000002,0.7140000000000001,1.428,8.0,5.0,3.0,1.2553846153846155,1.19,1.0710000000000002,714,714,,100.0,0
2025-10-09,v11_seg_weights,90,9,3,False,non_event,714.0,172.74096385542168,541.2590361445783,48.0,107.67400318567863,2.0,2.0,5.0,2.8560000000000003,1.4280000000000002,1.428,8.0,6.0,4.0,1.3439999999999999,1.53,1.5031578947368422,714,714,,100.0,0
2025-10-09,v12b_debut_multiplier_half,90,9,3,False,non_event,616.0,180.12048192771084,435.87951807228916,46.0,106.85765686333446,2.0,2.0,4.0,2.8560000000000003,1.4280000000000002,1.1424,7.0,5.0,3.0,1.176,1.2750000000000001,1.1273684210526316,714,714,,100.0,0
2025-10-10,v11_seg_weights,90,10,4,False,non_event,-40.0,223.0421686746988,-263.0421686746988,42.0,99.72332316545966,0.0,0.0,1.0,0.0,0.0,0.2856,6.0,2.0,1.0,0.8318446601941747,0.4262686567164179,0.2746153846153846,714,714,,100.0,0
2025-10-10,v12b_debut_multiplier_half,90,10,4,False,non_event,12.0,219.1265060240964,-207.1265060240964,40.0,100.08574674698278,0.0,0.0,1.0,0.0,0.0,0.2856,6.0,2.0,1.0,0.8318446601941747,0.4262686567164179,0.2746153846153846,714,714,,100.0,0
2025-10-11,v11_seg_weights,90,11,5,True,event,-222.0,-183.8855421686747,-38.114457831325296,46.0,98.35228942704205,0.0,2.0,6.0,0.0,1.4280000000000002,1.7136,6.0,6.0,3.0,1.0710000000000002,1.7136,1.26,714,714,,100.0,0
2025-10-11,v12b_debut_multiplier_half,90,11,5,True,event,-254.0,-181.47590361445782,-72.52409638554218,46.0,98.00049436595991,0.0,2.0,5.0,0.0,1.4280000000000002,1.428,5.0,5.0,2.0,0.8925000000000001,1.428,0.84,714,714,,100.0,0
2025-10-13,v11_seg_weights,90,13,0,False,non_event,66.0,360.99397590361446,-294.99397590361446,44.0,100.47525847580286,0.0,0.0,4.0,0.0,0.0,1.1424,9.0,7.0,5.0,1.0448780487804878,1.2653164556962027,1.1333333333333333,714,714,,100.0,0
2025-10-13,v12b_debut_multiplier_half,90,13,0,False,non_event,96.0,358.73493975903614,-262.73493975903614,46.0,100.7086983868253,0.0,0.0,4.0,0.0,0.0,1.1424,8.0,6.0,5.0,0.9287804878048781,1.0845569620253164,1.1333333333333333,714,714,,100.0,0
2025-10-14,v11_seg_weights,90,14,1,False,non_event,104.0,249.6987951807229,-145.6987951807229,38.0,101.16738505747126,0.0,0.0,3.0,0.0,0.0,0.8568,5.0,5.0,3.0,0.7212121212121212,0.9916666666666667,0.9520000000000001,714,714,,100.0,0
2025-10-14,v12b_debut_multiplier_half,90,14,1,False,non_event,160.0,245.48192771084337,-85.48192771084337,38.0,101.81431814522257,0.0,0.0,3.0,0.0,0.0,0.8568,6.0,5.0,3.0,0.8654545454545455,0.9916666666666667,0.9520000000000001,714,714,,100.0,0
2025-10-15,v11_seg_weights,90,15,2,False,non_event,268.0,81.92771084337349,186.0722891566265,36.0,102.39455899013943,1.0,1.0,5.0,1.4280000000000002,0.7140000000000001,1.428,7.0,6.0,3.0,0.9704854368932039,1.2417391304347827,0.9520000000000001,714,714,,100.0,0
2025-10-15,v12b_debut_multiplier_half,90,15,2,False,non_event,268.0,81.92771084337349,186.0722891566265,36.0,102.39455899013943,1.0,1.0,5.0,1.4280000000000002,0.7140000000000001,1.428,7.0,6.0,3.0,0.9704854368932039,1.2417391304347827,0.9520000000000001,714,714,,100.0,0
2025-10-16,v11_seg_weights,90,16,3,False,non_event,162.0,185.09036144578315,-23.090361445783145,30.0,101.78021586765745,1.0,2.0,2.0,1.4280000000000002,1.4280000000000002,0.5712,5.0,2.0,2.0,0.802247191011236,0.4606451612903226,0.6965853658536585,714,714,,100.0,0
2025-10-16,v12b_debut_multiplier_half,90,16,3,False,non_event,230.0,179.96987951807228,50.030120481927725,34.0,102.54371878414665,1.0,2.0,2.0,1.4280000000000002,1.4280000000000002,0.5712,5.0,2.0,2.0,0.802247191011236,0.4606451612903226,0.6965853658536585,714,714,,100.0,0
2025-10-17,v11_seg_weights,90,17,4,True,event,298.0,87.04819277108433,210.95180722891567,42.0,102.20412570912939,1.0,1.0,4.0,1.4280000000000002,0.7140000000000001,1.1424,9.0,6.0,4.0,1.224,1.2067605633802816,1.1424,714,714,,100.0,0
2025-10-17,v12b_debut_multiplier_half,90,17,4,True,event,454.0,75.3012048192771,378.69879518072287,38.0,103.38007364689102,2.0,2.0,4.0,2.8560000000000003,1.4280000000000002,1.1424,9.0,6.0,4.0,1.224,1.2067605633802816,1.1424,714,714,,100.0,0
2025-10-18,v11_seg_weights,90,18,5,False,non_event,-296.0,7.379518072289157,-303.37951807228916,46.0,97.82758671305064,0.0,0.0,3.0,0.0,0.0,0.8568,4.0,4.0,3.0,0.6276923076923078,0.952,0.9962790697674418,714,714,,100.0,0
2025-10-18,v12b_debut_multiplier_half,90,18,5,False,non_event,-276.0,5.873493975903615,-281.8734939759036,46.0,97.91461717358092,0.0,0.0,3.0,0.0,0.0,0.8568,3.0,3.0,3.0,0.47076923076923083,0.714,0.9962790697674418,714,714,,100.0,0
2025-10-19,v11_seg_weights,90,19,6,False,non_event,480.0,138.25301204819277,341.7469879518072,48.0,103.20912675649548,1.0,1.0,4.0,1.4280000000000002,0.7140000000000001,1.1424,10.0,7.0,4.0,1.2101694915254235,1.2653164556962027,1.1199999999999999,714,714,,100.0,0
2025-10-19,v12b_debut_multiplier_half,90,19,6,False,non_event,426.0,142.31927710843374,283.68072289156623,48.0,102.83025261001113,1.0,1.0,4.0,1.4280000000000002,0.7140000000000001,1.1424,10.0,7.0,4.0,1.2101694915254235,1.2653164556962027,1.1199999999999999,714,714,,100.0,0
2025-10-20,v11_seg_weights,90,20,0,False,non_event,-10.0,-33.13253012048193,23.13253012048193,40.0,99.9081534058554,1.0,2.0,5.0,1.4280000000000002,1.4280000000000002,1.428,7.0,4.0,2.0,1.407887323943662,1.7309090909090912,1.19,714,714,,100.0,0
2025-10-20,v12b_debut_multiplier_half,90,20,0,False,non_event,74.0,-39.45783132530121,113.45783132530121,40.0,100.69895459062042,1.0,2.0,5.0,1.4280000000000002,1.4280000000000002,1.428,7.0,4.0,2.0,1.407887323943662,1.7309090909090912,1.19,714,714,,100.0,0
2025-10-21,v11_seg_weights,90,21,1,True,event,116.0,265.96385542168673,-149.96385542168673,44.0,101.26028052106082,0.0,0.0,2.0,0.0,0.0,0.5712,6.0,2.0,1.0,0.9962790697674418,0.476,0.3038297872340426,714,714,,100.0,0
2025-10-21,v12b_debut_multiplier_half,90,21,1,True,event,22.0,273.0421686746988,-251.04216867469881,40.0,100.27590912055221,0.0,0.0,1.0,0.0,0.0,0.2856,5.0,1.0,1.0,0.8302325581395349,0.238,0.3038297872340426,714,714,,100.0,0
2025-10-22,v11_seg_weights,90,22,2,True,event,-174.0,168.82530120481928,-342.8253012048193,36.0,98.25264362968096,0.0,0.0,2.0,0.0,0.0,0.5712,3.0,2.0,2.0,0.48134831460674155,0.5288888888888889,0.7140000000000001,714,714,,100.0,0
2025-10-22,v12b_debut_multiplier_half,90,22,2,True,event,-132.0,165.66265060240963,-297.6626506024096,36.0,98.6654696333681,0.0,0.0,2.0,0.0,0.0,0.5712,3.0,2.0,2.0,0.48134831460674155,0.5288888888888889,0.7140000000000001,714,714,,100.0,0
2025-10-23,v11_seg_weights,90,23,3,False,non_event,206.0,176.05421686746988,29.945783132530124,34.0,102.4984960509208,1.0,1.0,4.0,1.4280000000000002,0.7140000000000001,1.1424,6.0,5.0,3.0,1.0448780487804878,1.3471698113207546,1.224,714,714,,100.0,0
2025-10-23,v12b_debut_multiplier_half,90,23,3,False,non_event,38.0,188.70481927710844,-150.70481927710844,30.0,100.4780054593255,1.0,1.0,3.0,1.4280000000000002,0.7140000000000001,0.8568,5.0,4.0,2.0,0.8707317073170732,1.0777358490566038,0.816,714,714,,100.0,0
2025-10-24,v11_seg_weights,90,24,4,False,non_event,28.0,131.32530120481928,-103.32530120481928,44.0,100.26993051217387,1.0,2.0,3.0,1.4280000000000002,1.4280000000000002,0.8568,6.0,3.0,2.0,1.0710000000000002,0.765,0.7718918918918919,714,714,,100.0,0
2025-10-24,v12b_debut_multiplier_half,90,24,4,False,non_event,20.0,131.9277108433735,-111.92771084337349,44.0,100.20147804292287,1.0,2.0,3.0,1.4280000000000002,1.4280000000000002,0.8568,6.0,3.0,2.0,1.0710000000000002,0.765,0.7718918918918919,714,714,,100.0,0
2025-10-25,v11_seg_weights,90,25,5,False,non_event,-760.0,124.54819277108433,-884.5481927710844,30.0,94.26112774880654,0.0,0.0,3.0,0.0,0.0,0.8568,5.0,5.0,3.0,0.6672897196261682,0.978082191780822,0.8238461538461539,714,714,,100.0,0
2025-10-25,v12b_debut_multiplier_half,90,25,5,False,non_event,-828.0,129.66867469879517,-957.6686746987951,28.000000000000004,93.69165927646075,0.0,0.0,3.0,0.0,0.0,0.8568,5.0,5.0,3.0,0.6672897196261682,0.978082191780822,0.8238461538461539,714,714,,100.0,0
2025-10-26,v11_seg_weights,90,26,6,False,non_event,742.0,-0.15060240963855423,742.1506024096385,36.0,105.6744748051789,1.0,3.0,7.0,1.4280000000000002,2.1420000000000003,1.9992,13.0,9.0,6.0,1.838019801980198,1.8626086956521741,1.862608695652174,714,714,,100.0,0
2025-10-26,v12b_debut_multiplier_half,90,26,6,False,non_event,530.0,15.813253012048193,514.1867469879518,32.0,104.36481269188704,1.0,3.0,6.0,1.4280000000000002,2.1420000000000003,1.7136,11.0,8.0,5.0,1.5552475247524753,1.6556521739130436,1.5521739130434782,714,714,,100.0,0
2025-10-27,v11_seg_weights,90,27,0,True,event,122.0,233.5843373493976,-111.5843373493976,40.0,100.68237470873227,1.0,2.0,4.0,1.4280000000000002,1.4280000000000002,1.1424,11.0,8.0,5.0,1.2083076923076923,1.1657142857142857,1.0656716417910448,714,714,,100.0,0
2025-10-27,v12b_debut_multiplier_half,90,27,0,True,event,260.0,223.19277108433735,36.80722891566265,40.0,101.54396866456213,1.0,2.0,4.0,1.4280000000000002,1.4280000000000002,1.1424,11.0,8.0,5.0,1.2083076923076923,1.1657142857142857,1.0656716417910448,714,714,,100.0,0
2025-10-28,v11_seg_weights,90,28,1,False,non_event,662.0,150.15060240963857,511.84939759036143,36.0,107.70037850500991,2.0,4.0,4.0,2.8560000000000003,2.8560000000000003,1.1424,9.0,6.0,4.0,1.4604545454545454,1.503157894736842,1.632,714,714,,100.0,0
2025-10-28,v12b_debut_multiplier_half,90,28,1,False,non_event,626.0,152.86144578313252,473.1385542168675,34.0,108.47632046449154,2.0,4.0,4.0,2.8560000000000003,2.8560000000000003,1.1424,9.0,6.0,4.0,1.4604545454545454,1.503157894736842,1.632,714,714,,100.0,0
2025-10-29,v11_seg_weights,90,29,2,False,non_event,222.0,174.84939759036143,47.150602409638566,38.0,102.2849802688866,1.0,1.0,5.0,1.4280000000000002,0.7140000000000001,1.428,5.0,5.0,3.0,0.8707317073170732,1.2101694915254235,0.9736363636363636,714,714,,100.0,0
2025-10-29,v12b_debut_multiplier_half,90,29,2,False,non_event,312.0,168.0722891566265,143.9277108433735,40.0,103.44434729618737,1.0,1.0,5.0,1.4280000000000002,0.7140000000000001,1.428,5.0,5.0,3.0,0.8707317073170732,1.2101694915254235,0.9736363636363636,714,714,,100.0,0
2025-10-30,v11_seg_weights,90,30,3,False,non_event,48.0,619.5783132530121,-571.5783132530121,36.0,100.4271450691441,2.0,2.0,2.0,2.8560000000000003,1.4280000000000002,0.5712,5.0,4.0,3.0,0.4824324324324324,0.5769696969696969,0.6799999999999999,714,714,,100.0,0
2025-10-30,v12b_debut_multiplier_half,90,30,3,False,non_event,60.0,618.6746987951807,-558.6746987951807,38.0,100.55742602956587,2.0,2.0,2.0,2.8560000000000003,1.4280000000000002,0.5712,4.0,3.0,2.0,0.38594594594594595,0.43272727272727274,0.4533333333333333,714,714,,100.0,0
2025-10-31,v11_seg_weights,90,31,4,True,event,456.0,69.57831325301204,386.421686746988,34.0,104.51732930736266,1.0,4.0,4.0,1.4280000000000002,2.8560000000000003,1.1424,7.0,4.0,4.0,1.2815384615384615,1.0021052631578948,1.3283720930232559,714,714,,100.0,0
2025-10-31,v12b_debut_multiplier_half,90,31,4,True,event,456.0,69.57831325301204,386.421686746988,34.0,104.51732930736266,1.0,4.0,4.0,1.4280000000000002,2.8560000000000003,1.1424,7.0,4.0,4.0,1.2815384615384615,1.0021052631578948,1.3283720930232559,714,714,,100.0,0
2025-11-01,v11_seg_weights,90,1,5,True,event,448.0,189.15662650602408,258.84337349397595,48.0,103.09541477867093,1.0,2.0,6.0,1.4280000000000002,1.4280000000000002,1.7136,12.0,10.0,7.0,1.3931707317073172,1.68,1.561875,714,714,,100.0,0
2025-11-01,v12b_debut_multiplier_half,90,1,5,True,event,652.0,173.79518072289156,478.2048192771084,52.0,104.73600409097776,1.0,1.0,5.0,1.4280000000000002,0.7140000000000001,1.428,13.0,10.0,7.0,1.5092682926829268,1.68,1.561875,714,714,,100.0,0
2025-11-02,v11_seg_weights,90,2,6,False,non_event,926.0,284.6385542168675,641.3614457831325,44.0,107.31517337592882,3.0,4.0,8.0,4.284000000000001,2.8560000000000003,2.2848,14.0,11.0,9.0,1.4382733812949642,1.8055172413793104,2.106885245901639,714,714,,100.0,0
2025-11-02,v12b_debut_multiplier_half,90,2,6,False,non_event,638.0,306.32530120481925,331.67469879518075,42.0,105.13117470121765,2.0,3.0,7.0,2.8560000000000003,2.1420000000000003,1.9992,12.0,9.0,8.0,1.2328057553956835,1.477241379310345,1.8727868852459018,714,714,,100.0,0
2025-11-03,v11_seg_weights,90,3,0,False,non_event,380.0,271.83734939759034,108.16265060240966,40.0,102.74846086191734,2.0,2.0,3.0,2.8560000000000003,1.4280000000000002,0.8568,9.0,5.0,5.0,1.0448780487804878,0.8707317073170732,1.2101694915254235,714,714,,100.0,0
2025-11-03,v12b_debut_multiplier_half,90,3,0,False,non_event,214.0,284.33734939759034,-70.33734939759034,40.0,101.70148347096269,2.0,2.0,3.0,2.8560000000000003,1.4280000000000002,0.8568,7.0,4.0,4.0,0.8126829268292683,0.6965853658536585,0.9681355932203389,714,714,,100.0,0
2025-11-04,v11_seg_weights,90,4,1,False,non_event,254.0,158.5843373493976,95.4156626506024,50.0,102.27836201916693,1.0,2.0,4.0,1.4280000000000002,1.4280000000000002,1.1424,10.0,7.0,3.0,1.5191489361702128,1.5866666666666664,1.0448780487804878,714,714,,100.0,0
2025-11-04,v12b_debut_multiplier_half,90,4,1,False,non_event,280.0,156.6265060240964,123.37349397590361,46.0,102.63278646597311,1.0,2.0,4.0,1.4280000000000002,1.4280000000000002,1.1424,10.0,7.0,3.0,1.5191489361702128,1.5866666666666664,1.0448780487804878,714,714,,100.0,0
2025-11-05,v11_seg_weights,90,5,2,False,non_event,240.0,207.68072289156626,32.31927710843374,38.0,102.21345448307537,0.0,0.0,5.0,0.0,0.0,1.428,5.0,5.0,5.0,0.7360824742268042,1.0656716417910448,1.428,714,714,,100.0,0
2025-11-05,v12b_debut_multiplier_half,90,5,2,False,non_event,240.0,207.68072289156626,32.31927710843374,38.0,102.2337633327749,0.0,0.0,5.0,0.0,0.0,1.428,5.0,5.0,5.0,0.7360824742268042,1.0656716417910448,1.428,714,714,,100.0,0
2025-11-06,v11_seg_weights,90,6,3,False,non_event,512.0,-4.518072289156627,516.5180722891566,28.000000000000004,106.02968678603561,3.0,5.0,6.0,4.284000000000001,3.5700000000000003,1.7136,6.0,6.0,5.0,1.4045901639344263,1.9040000000000001,2.856,714,714,,100.0,0
2025-11-06,v12b_debut_multiplier_half,90,6,3,False,non_event,256.0,14.759036144578314,241.24096385542168,24.0,103.45442719929616,2.0,3.0,4.0,2.8560000000000003,2.1420000000000003,1.1424,4.0,4.0,3.0,0.9363934426229509,1.2693333333333334,1.7136,714,714,,100.0,0
2025-11-07,v11_seg_weights,90,7,4,True,event,656.0,228.16265060240963,427.8373493975904,46.0,104.7862529476314,0.0,2.0,5.0,0.0,1.4280000000000002,1.428,12.0,9.0,7.0,1.5721100917431192,1.5866666666666667,1.666,714,714,,100.0,0
2025-11-07,v12b_debut_multiplier_half,90,7,4,True,event,600.0,232.37951807228916,367.62048192771084,44.0,104.33026029194615,0.0,2.0,5.0,0.0,1.4280000000000002,1.428,11.0,9.0,7.0,1.4411009174311926,1.5866666666666667,1.666,714,714,,100.0,0
2025-11-08,v11_seg_weights,90,8,5,False,non_event,148.0,124.6987951807229,23.301204819277103,30.0,101.17349115203528,1.0,2.0,4.0,1.4280000000000002,1.4280000000000002,1.1424,10.0,8.0,4.0,1.2417391304347827,1.3283720930232559,1.1199999999999999,714,714,,100.0,0
2025-11-08,v12b_debut_multiplier_half,90,8,5,False,non_event,-102.0,143.52409638554218,-245.52409638554218,30.0,99.19388490573195,0.0,1.0,3.0,0.0,0.7140000000000001,0.8568,8.0,6.0,3.0,0.9933913043478261,0.9962790697674418,0.84,714,714,,100.0,0
2025-11-09,v11_seg_weights,90,9,6,False,non_event,644.0,113.40361445783132,530.5963855421687,44.0,104.50423986056441,2.0,6.0,8.0,2.8560000000000003,4.284000000000001,2.2848,11.0,8.0,8.0,1.3199999999999998,1.4646153846153847,2.38,714,714,,100.0,0
2025-11-09,v12b_debut_multiplier_half,90,9,6,False,non_event,456.0,127.56024096385542,328.43975903614455,40.0,103.28414320592873,2.0,6.0,7.0,2.8560000000000003,4.284000000000001,1.9992,10.0,7.0,7.0,1.2,1.2815384615384615,2.0825,714,714,,100.0,0
2025-11-10,v11_seg_weights,90,10,0,False,non_event,-112.0,162.04819277108433,-274.04819277108436,34.0,98.87623989870106,0.0,0.0,5.0,0.0,0.0,1.428,6.0,6.0,2.0,1.032289156626506,1.53,0.6965853658536585,714,714,,100.0,0
2025-11-10,v12b_debut_multiplier_half,90,10,0,False,non_event,-148.0,164.75903614457832,-312.7590361445783,34.0,98.44536182102753,0.0,0.0,5.0,0.0,0.0,1.428,5.0,5.0,3.0,0.8602409638554217,1.2750000000000001,1.0448780487804878,714,714,,100.0,0
2025-11-11,v11_seg_weights,90,11,1,True,event,-466.0,420.63253012048193,-886.632530120482,30.0,96.60452807312069,0.0,1.0,3.0,0.0,0.7140000000000001,0.8568,8.0,7.0,4.0,0.9441322314049587,1.0984615384615386,0.8654545454545456,714,714,,100.0,0
2025-11-11,v12b_debut_multiplier_half,90,11,1,True,event,-206.0,401.0542168674699,-607.0542168674699,30.0,98.466878624418,0.0,1.0,4.0,0.0,0.7140000000000001,1.1424,9.0,8.0,5.0,1.0621487603305786,1.2553846153846155,1.081818181818182,714,714,,100.0,0
2025-11-12,v11_seg_weights,90,12,2,False,non_event,384.0,216.71686746987953,167.28313253012047,46.0,105.35488675251219,1.0,1.0,4.0,1.4280000000000002,0.7140000000000001,1.1424,8.0,5.0,2.0,1.3439999999999999,1.1704918032786886,0.7933333333333333,714,714,,100.0,0
2025-11-12,v12b_debut_multiplier_half,90,12,2,False,non_event,454.0,211.44578313253012,242.55421686746988,48.0,106.26540475342733,1.0,1.0,4.0,1.4280000000000002,0.7140000000000001,1.1424,8.0,5.0,2.0,1.3439999999999999,1.1704918032786886,0.7933333333333333,714,714,,100.0,0
2025-11-13,v11_seg_weights,90,13,3,False,non_event,232.0,62.65060240963855,169.34939759036143,38.0,102.61411396184745,1.0,1.0,5.0,1.4280000000000002,0.7140000000000001,1.428,8.0,5.0,4.0,1.7309090909090912,1.4875,1.632,714,714,,100.0,0
2025-11-13,v12b_debut_multiplier_half,90,13,3,False,non_event,298.0,57.68072289156626,240.31927710843374,40.0,103.59564661309395,1.0,1.0,5.0,1.4280000000000002,0.7140000000000001,1.428,8.0,5.0,3.0,1.7309090909090912,1.4875,1.224,714,714,,100.0,0
2025-11-14,v11_seg_weights,90,14,4,False,non_event,104.0,-21.234939759036145,125.23493975903614,42.0,101.02209694982682,1.0,2.0,4.0,1.4280000000000002,1.4280000000000002,1.1424,6.0,4.0,4.0,1.1736986301369865,1.19,1.632,714,714,,100.0,0
2025-11-14,v12b_debut_multiplier_half,90,14,4,False,non_event,364.0,-40.81325301204819,404.8132530120482,44.0,104.02718126077326,1.0,2.0,4.0,1.4280000000000002,1.4280000000000002,1.1424,7.0,4.0,4.0,1.3693150684931508,1.19,1.632,714,714,,100.0,0
2025-11-15,v11_seg_weights,90,15,5,False,non_event,-156.0,159.03614457831324,-315.03614457831327,38.0,98.90667182493293,0.0,0.0,2.0,0.0,0.0,0.5712,9.0,7.0,3.0,1.0891525423728812,1.2495,0.84,714,714,,100.0,0
2025-11-15,v12b_debut_multiplier_half,90,15,5,False,non_event,74.0,141.71686746987953,-67.71686746987953,42.0,100.54136068814259,0.0,0.0,2.0,0.0,0.0,0.5712,10.0,8.0,3.0,1.2101694915254235,1.4280000000000002,0.84,714,714,,100.0,0
2025-11-16,v11_seg_weights,90,16,6,False,non_event,-276.0,188.85542168674698,-464.855421686747,40.0,98.12917630886486,1.0,2.0,3.0,1.4280000000000002,1.4280000000000002,0.8568,8.0,5.0,3.0,0.9681355932203389,0.952,0.8925,714,714,,100.0,0
2025-11-16,v12b_debut_multiplier_half,90,16,6,False,non_event,-314.0,191.71686746987953,-505.7168674698795,40.0,97.71236401679737,1.0,2.0,2.0,1.4280000000000002,1.4280000000000002,0.5712,7.0,4.0,2.0,0.8471186440677966,0.7616,0.595,714,714,,100.0,0
2025-11-17,v11_seg_weights,90,17,0,True,event,144.0,231.9277108433735,-87.92771084337349,46.0,101.02105066113029,0.0,1.0,5.0,0.0,0.7140000000000001,1.428,9.0,6.0,5.0,1.0534426229508196,1.02,1.2310344827586208,714,714,,100.0,0
2025-11-17,v12b_debut_multiplier_half,90,17,0,True,event,174.0,229.66867469879517,-55.66867469879517,44.0,101.22255573167853,0.0,2.0,6.0,0.0,1.4280000000000002,1.7136,9.0,7.0,6.0,1.0534426229508196,1.19,1.477241379310345,714,714,,100.0,0
2025-11-18,v11_seg_weights,90,18,1,False,non_event,584.0,86.74698795180723,497.2530120481928,40.0,105.80197386329992,3.0,4.0,7.0,4.284000000000001,2.8560000000000003,1.9992,10.0,9.0,7.0,1.68,2.106885245901639,2.1730434782608694,714,714,,100.0,0
2025-11-18,v12b_debut_multiplier_half,90,18,1,False,non_event,448.0,96.98795180722891,351.0120481927711,40.0,104.78206384482203,2.0,3.0,6.0,2.8560000000000003,2.1420000000000003,1.7136,10.0,8.0,6.0,1.68,1.8727868852459018,1.862608695652174,714,714,,100.0,0
2025-11-19,v11_seg_weights,90,19,2,False,non_event,1080.0,93.07228915662651,986.9277108433735,48.0,110.44035079578674,2.0,3.0,7.0,2.8560000000000003,2.1420000000000003,1.9992,14.0,10.0,6.0,2.2213333333333334,2.3409836065573773,1.9472727272727273,714,714,,100.0,0
2025-11-19,v12b_debut_multiplier_half,90,19,2,False,non_event,1304.0,76.20481927710843,1227.7951807228915,52.0,112.56429082093766,2.0,3.0,8.0,2.8560000000000003,2.1420000000000003,2.2848,15.0,11.0,7.0,2.38,2.575081967213115,2.2718181818181815,714,714,,100.0,0
2025-11-20,v11_seg_weights,90,20,3,False,non_event,-340.0,118.82530120481928,-458.8253012048193,32.0,96.09953974568998,0.0,0.0,2.0,0.0,0.0,0.5712,5.0,2.0,2.0,1.0056338028169014,0.7323076923076923,1.02,714,714,,100.0,0
2025-11-20,v12b_debut_multiplier_half,90,20,3,False,non_event,-118.0,102.10843373493977,-220.10843373493975,34.0,98.47597201987952,0.0,0.0,3.0,0.0,0.0,0.8568,6.0,3.0,2.0,1.2067605633802816,1.0984615384615384,1.02,714,714,,100.0,0
2025-11-21,v11_seg_weights,90,21,4,True,event,-76.0,279.2168674698795,-355.2168674698795,40.0,99.26398952540882,1.0,1.0,2.0,1.4280000000000002,0.7140000000000001,0.5712,11.0,5.0,1.0,1.4544444444444444,1.05,0.3038297872340426,714,714,,100.0,0
2025-11-21,v12b_debut_multiplier_half,90,21,4,True,event,20.0,271.9879518072289,-251.9879518072289,40.0,100.20207653850971,1.0,2.0,3.0,1.4280000000000002,1.4280000000000002,0.8568,9.0,6.0,2.0,1.19,1.26,0.6076595744680852,714,714,,100.0,0
2025-11-22,v11_seg_weights,90,22,5,True,event,414.0,-305.421686746988,719.4216867469879,40.0,103.28663767439423,2.0,3.0,6.0,2.8560000000000003,2.1420000000000003,1.7136,7.0,7.0,4.0,1.2653164556962027,1.8511111111111112,1.4646153846153847,714,714,,100.0,0
2025-11-22,v12b_debut_multiplier_half,90,22,5,True,event,482.0,-310.5421686746988,792.5421686746988,42.0,103.82512360228237,2.0,3.0,6.0,2.8560000000000003,2.1420000000000003,1.7136,7.0,7.0,4.0,1.2653164556962027,1.8511111111111112,1.4646153846153847,714,714,,100.0,0
2025-11-23,v11_seg_weights,90,23,6,False,non_event,-508.0,221.0843373493976,-729.0843373493976,26.0,96.25729753305808,0.0,0.0,1.0,0.0,0.0,0.2856,5.0,3.0,1.0,0.631858407079646,0.595,0.2644444444444444,714,714,,100.0,0
2025-11-23,v12b_debut_multiplier_half,90,23,6,False,non_event,-506.0,220.93373493975903,-726.933734939759,28.000000000000004,96.29489691612409,0.0,0.0,1.0,0.0,0.0,0.2856,5.0,3.0,1.0,0.631858407079646,0.595,0.2644444444444444,714,714,,100.0,0
2025-11-24,v11_seg_weights,90,24,0,False,non_event,-100.0,182.68072289156626,-282.68072289156623,32.0,99.23577899339865,2.0,2.0,4.0,2.8560000000000003,1.4280000000000002,1.1424,9.0,7.0,5.0,1.1373451327433628,1.234074074074074,1.2526315789473683,714,714,,100.0,0
2025-11-24,v12b_debut_multiplier_half,90,24,0,False,non_event,272.0,154.66867469879517,117.33132530120483,38.0,102.16309755569976,2.0,2.0,5.0,2.8560000000000003,1.4280000000000002,1.428,10.0,8.0,6.0,1.263716814159292,1.4103703703703703,1.503157894736842,714,714,,100.0,0
2025-11-25,v11_seg_weights,90,25,1,False,non_event,-184.0,354.06626506024094,-538.066265060241,32.0,98.30152382851298,0.0,1.0,4.0,0.0,0.7140000000000001,1.1424,7.0,4.0,4.0,1.0096969696969698,0.816,1.0984615384615384,714,714,,100.0,0
2025-11-25,v12b_debut_multiplier_half,90,25,1,False,non_event,-144.0,351.0542168674699,-495.0542168674699,32.0,98.60894563875478,0.0,1.0,4.0,0.0,0.7140000000000001,1.1424,6.0,4.0,4.0,0.8654545454545455,0.816,1.0984615384615384,714,714,,100.0,0
