baseline,variant,segment,event_type,n_days,acf_acf_lag1,acf_acf_lag2,acf_acf_lag3,acf_acf_threshold,acf_serial_correlation_detected,acf_recommended_bootstrap,additive_mean_diff,additive_ci_lower,additive_ci_upper,additive_se,p_value_wilcoxon,loo_min_mean,loo_max_mean,loo_sign_flips,loo_fragile,wins,losses,ties,win_pct,p_value_sign,payout_mean_diff,payout_ci_lower,payout_ci_upper,p_value_wilcoxon_payout,lift_t2500_pooled_diff,lift_t2500_ci_lower,lift_t2500_ci_upper,lift_t2500_p_value,lift_t3500_pooled_diff,lift_t3500_ci_lower,lift_t3500_ci_upper,lift_t3500_p_value,lift_t4500_pooled_diff,lift_t4500_ci_lower,lift_t4500_ci_upper,lift_t4500_p_value,q_value_wilcoxon,q_value_sign,q_value_wilcoxon_payout,lift_t2500_q_value,lift_t3500_q_value,lift_t4500_q_value
v11_seg_weights,v12a_debut_multiplier,2F_L_N,event,88,0.07683191269121559,-0.19912912421630335,-0.23179725026595838,0.21320071635561041,True,block,43.598576122672505,8.424668674698806,79.92713855421687,18.396756809904094,0.055233766658219934,36.535521395928534,50.477357706688814,0,False,48,37,3,56.5,0.2779992890805517,0.06382993337573675,-0.17750928646274394,0.36302162310680014,0.5829954232094585,0.0029638854296387684,-0.029719119984743775,0.035712650653177816,0.9054,-0.0022403514276749803,-0.04601367948495813,0.041539133247089244,0.9406,-0.016091954022988686,-0.0711526356206488,0.03726516056591049,0.5714,0.15781076188062837,0.6671982937933241,0.9679903720785294,1.0,1.0,1.0
v11_seg_weights,v12a_debut_multiplier,2F_L_N,non_event,254,0.12660700243198206,0.011182568057742044,0.0013276322441614617,0.12549116102763172,True,block,24.486386490845266,3.853664457831329,46.823345783132524,11.01578999003794,0.017381073187251225,22.475070241440065,26.46176008381351,0,False,137,110,7,55.5,0.0978613907393721,-0.04183462292139357,-0.21947539672315924,0.1414819335613738,0.960627586784874,-0.012977323870520863,-0.030135940165067255,0.004435022228753979,0.1502,0.002809548793284433,-0.019413824676069846,0.025100563556645764,0.8288,0.009281204482112893,-0.01997181275647241,0.03807376170213517,0.5378,0.1158738212483415,0.4438913148807117,0.9959076026290529,0.72096,1.0,1.0
v11_seg_weights,v12a_debut_multiplier,2F_R_N,event,88,0.10146647422599006,-0.0614143445555039,-0.04685519901794023,0.21320071635561041,False,iid,28.739868565169765,-31.893067154983573,88.76244865826945,31.18563613462085,0.22136360870259153,18.094723722476107,41.15808059825508,0,False,48,38,2,55.8,0.3318343545999156,-0.3630270004936641,-0.8838449497531585,0.14330832257558135,0.4219351835483821,-0.01926525529265244,-0.05919828100291528,0.02075398266262779,0.361,-0.01120175713837468,-0.06759336754474254,0.047158914695118175,0.74,-0.015923282783229187,-0.08933314060712147,0.05941075608565635,0.7146,0.41302126981191345,0.6790857281080781,0.9679903720785294,0.8664,1.0,1.0
v11_seg_weights,v12a_debut_multiplier,2F_R_N,non_event,254,0.17321685970189266,0.0005986804277446001,0.03371739992733854,0.12549116102763172,True,block,79.90249976283086,44.76629457831326,116.8727674698795,18.18065103773759,1.728388506402455e-07,76.58014667365113,82.93844944997382,0,False,165,89,0,65.0,2.1409546410675844e-06,0.15785634407028035,-0.1846212263262458,0.49606412461615085,0.5213973031310201,-0.029662454561190987,-0.05651315038630537,-0.002474628784507982,0.0334,-0.03144992675334346,-0.06786776240458557,0.0050036170568506485,0.0974,-0.040726304781823375,-0.08936561384986033,0.007059324154470127,0.0944,3.45677701280491e-06,5.1382911385622024e-05,0.9679903720785294,0.2928,0.9312,1.0
v11_seg_weights,v12a_debut_multiplier,3F_L_A,event,88,0.0,0.0,0.0,0.21320071635561041,False,iid,0.0,0.0,0.0,0.0,,0.0,0.0,0,False,0,0,88,50.0,1.0,4.844609562000683e-16,-1.1304088978001594e-15,2.2608177956003187e-15,,0.0,0.0,0.0,1.0,0.0,0.0,0.0,1.0,0.0,0.0,0.0,1.0,,1.0,,1.0,1.0,1.0
v11_seg_weights,v12a_debut_multiplier,3F_L_A,non_event,254,-0.003968130465905207,-0.003983691761849936,-0.003999253057794662,0.12549116102763172,False,iid,0.050801631723745314,0.0,0.15240489517123595,0.05114979539723969,,0.0,0.05100242868708028,1,True,1,0,253,100.0,1.0,0.0009125541763560796,-7.273272098331734e-16,0.0027376625290689662,0.7732888689219024,0.0,0.0,0.0,1.0,0.0,0.0,0.0,1.0,0.0,0.0,0.0,1.0,,1.0,0.9679903720785294,1.0,1.0,1.0
v11_seg_weights,v12a_debut_multiplier,3F_L_N,event,88,0.019183678717296555,0.005970875333200651,0.20032388118356503,0.21320071635561041,False,iid,-13.685651697699889,-45.38443147590362,14.24774096385542,15.311913157504724,0.7615879117619025,-17.50145409223099,-6.229331117573743,0,False,29,20,39,59.2,0.2528697301676033,-0.06668041871155789,-0.2684607054968931,0.11325922998761531,0.8799912473441176,-0.005927770859277759,-0.02231714940612628,0.008992608609842231,0.5076,-0.004533333333333278,-0.02822610896682379,0.017709157027897954,0.765,0.0,-0.03638722307447743,0.03345849031241485,1.0,0.9519848897023782,0.6671982937933241,0.9679903720785294,0.8701714285714287,1.0,1.0
v11_seg_weights,v12a_debut_multiplier,3F_L_N,non_event,254,0.027126975120172037,-0.0003722187253676415,-0.05391649359098455,0.12549116102763172,False,iid,15.469096859880468,3.047886229959205,28.30518748221231,6.431392043932642,0.04562429904616861,13.48164198295157,17.094314014953092,0,False,78,60,116,56.5,0.1475918641688608,0.0991748902483831,-0.03434016737279555,0.23602183185965758,0.16798300891853268,0.010505452657088465,0.000612497660520428,0.020617893672844306,0.0452,0.009365162644281222,-0.002817911262902195,0.021870047694931272,0.1552,0.006791591363074279,-0.006824079257150517,0.020608191846206006,0.3894,0.15208099682056203,0.5060292485789513,0.9679903720785294,0.2928,0.9312,1.0
v11_seg_weights,v12a_debut_multiplier,3F_R_A,event,88,0.01324447793446609,0.17340999129337115,0.11001305994286521,0.21320071635561041,False,iid,-3.470290251916758,-7.698179079956188,-0.24438663745892664,1.9225179382719324,0.0673828125,-3.8562525965932695,-2.0517241379310347,0,False,3,8,77,27.3,0.2265625,-0.009484359870208469,-0.02912309503735365,0.007369754678109385,0.4077305931945491,-0.0015442846328538873,-0.004781263342030322,0.0,0.741,0.0,0.0,0.0,1.0,0.0,0.0,0.0,1.0,0.16845703125,0.6671982937933241,0.9679903720785294,1.0,1.0,1.0
v11_seg_weights,v12a_debut_multiplier,3F_R_A,non_event,254,-0.0011653412559312578,0.01578081774167859,0.08050934657289713,0.12549116102763172,False,iid,-0.39794611516933864,-1.8881273123992033,1.0414334503367797,0.7308832045645137,0.7227977438837032,-0.7565360255250249,-0.0850040478118004,0,False,11,9,234,55.0,0.8238029479980469,-0.00026251937595447535,-0.012405932823089043,0.012740803956289374,0.6723920235875657,-0.0012846347607052833,-0.003902723437263561,0.001275626423690171,0.4328,-0.0012964139809350517,-0.004129166577240146,0.0,0.7396,0.0029442096406603335,0.0,0.010082344512686412,0.7396,0.9519848897023782,1.0,0.9679903720785294,0.8701714285714287,1.0,1.0
v11_seg_weights,v12a_debut_multiplier,3F_R_N,event,88,0.2997136894682183,0.033956911506391685,-0.03473740884070313,0.21320071635561041,True,block,-11.99938389923331,-58.876536144578345,31.171084337349384,22.888408953777574,0.7513304303509737,-16.463232239302048,-5.314707104279198,0,False,35,34,19,50.7,1.0,-0.022811153616525557,-0.3522329928762481,0.2954606092254177,0.8538812900745214,-0.011855541718555296,-0.03289290202710615,0.008857759513929135,0.2876,-0.00916024088724221,-0.042380986048228785,0.027860410578142376,0.5928,0.004780923582677898,-0.033956452301173896,0.04657323816981025,0.857,0.9519848897023782,1.0,0.9679903720785294,0.7669333333333334,1.0,1.0
v11_seg_weights,v12a_debut_multiplier,3F_R_N,non_event,254,0.03859787015815452,-0.0926125847976762,-0.0177652107782381,0.12549116102763172,False,iid,-0.5757518262024487,-17.467717721278813,16.58800279859594,8.635132976585373,0.828721717109979,-2.5841230534787383,1.6745797418924697,28,True,93,98,63,48.7,0.7723417190395665,0.0930483368181349,-0.08955055822270626,0.28205841214017124,0.7922727275798056,0.0049437424268650165,-0.007249444002594613,0.017316662276256455,0.4542,-0.0018730325288562888,-0.01898320861882451,0.015193737238121082,0.8566,-0.005309537088678207,-0.028052576307654963,0.017185706350675733,0.6884,0.9749667260117401,1.0,0.9679903720785294,0.8701714285714287,1.0,1.0
v11_seg_weights,v12b_debut_multiplier_half,2F_L_N,event,88,0.028412992363228636,-0.09040125670977794,-0.20774237114918462,0.21320071635561041,False,iid,18.231243154435916,-10.704745687294634,47.38901286966043,14.801008182256425,0.22716169839655243,12.705857914416278,22.222891566265055,0,False,45,36,7,55.6,0.37417441760470777,0.05545318377313131,-0.16811284562826398,0.27732560866735584,0.6828239751916001,0.0014819427148193842,-0.020794836705574825,0.02439577572489315,0.941,-0.006721054283024941,-0.039557091173942086,0.02672166234400711,0.7282,0.0,-0.04237485534378856,0.04111719053682728,1.0,0.41302126981191345,0.6790857281080781,0.9679903720785294,1.0,1.0,1.0
v11_seg_weights,v12b_debut_multiplier_half,2F_L_N,non_event,254,0.061283827013519726,0.013256577961005,0.09311463320633806,0.12549116102763172,False,iid,17.89910824399962,2.9547499051323385,33.487165591499846,7.76446308279233,0.023830932243404948,16.167769893804465,19.355421686746986,0,False,126,101,27,55.5,0.11097282872017791,0.021749341754577763,-0.12402648754890834,0.16640465495212295,0.5780504297794968,-0.009269517050372045,-0.022845382246873703,0.004303125901368098,0.1964,-0.0018730325288560667,-0.019928395258950106,0.016178661048863275,0.8784,0.010119669097365058,-0.013703337046413204,0.033850513941233,0.4038,0.11915466121702474,0.4438913148807117,0.9679903720785294,0.7669333333333334,1.0,1.0
v11_seg_weights,v12b_debut_multiplier_half,2F_R_N,event,88,0.03658506617156299,-0.04709542514402106,-0.017969304609157355,0.21320071635561041,False,iid,11.46173329682366,-30.892303874589267,54.573980010952866,21.848836771783013,0.3415222447867101,6.130452845866225,20.888034898213544,0,False,50,33,5,60.2,0.07841962481580764,-0.26864131176120265,-0.6559479557222233,0.09580198113857182,0.4537110158687754,-0.017783312577833055,-0.04720467219611775,0.011931132812340189,0.2656,-0.03360527141512404,-0.07423930639599198,0.006839135067566925,0.1254,-0.03821587867975018,-0.0870566550777602,0.012512870176766595,0.1496,0.5692037413111836,0.4438913148807117,0.9679903720785294,0.7669333333333334,0.9312,1.0
v11_seg_weights,v12b_debut_multiplier_half,2F_R_N,non_event,254,0.1836574711682922,0.05843715056736114,0.003465930122209514,0.12549116102763172,True,block,44.07888245896975,15.355301204819282,72.72541626506023,14.517616945081787,0.00010606568237204354,40.99745225963142,46.888232772989205,0,False,148,93,13,61.4,0.00047934105325716137,0.1288054752989152,-0.16014892961626337,0.42313391746949586,0.4994568884958882,-0.02162887311753514,-0.04268066663584686,-0.000606469218000455,0.0488,-0.022060749292629467,-0.05112067554872288,0.0070384630279858905,0.1388,-0.02486051668636091,-0.06061368270195044,0.011608687076500528,0.1856,0.0010606568237204353,0.005752092639085936,0.9679903720785294,0.2928,0.9312,1.0
v11_seg_weights,v12b_debut_multiplier_half,3F_L_A,event,88,0.0,0.0,0.0,0.21320071635561041,False,iid,0.0,0.0,0.0,0.0,,0.0,0.0,0,False,0,0,88,50.0,1.0,9.689219124001365e-16,-1.6148698540002277e-16,2.4223047810003414e-15,,0.0,0.0,0.0,1.0,0.0,0.0,0.0,1.0,0.0,0.0,0.0,1.0,,1.0,,1.0,1.0,1.0
v11_seg_weights,v12b_debut_multiplier_half,3F_L_A,non_event,254,0.0,0.0,0.0,0.12549116102763172,False,iid,0.0,0.0,0.0,0.0,,0.0,0.0,0,False,0,0,254,50.0,1.0,-2.2379298764097643e-16,-1.1749131851151264e-15,6.713789629229293e-16,0.5836738736122202,0.0,0.0,0.0,1.0,0.0,0.0,0.0,1.0,0.0,0.0,0.0,1.0,,1.0,0.9679903720785294,1.0,1.0,1.0
v11_seg_weights,v12b_debut_multiplier_half,3F_L_N,event,88,0.051360882800403816,-0.055715670087616714,-0.03160792131090171,0.21320071635561041,False,iid,-7.356037787513691,-30.157311062431543,11.901629244249722,10.768551395430906,0.960808462215362,-11.22268383880349,-0.2966348151225595,0,False,20,15,53,57.1,0.4995598332025112,-0.022878527665797354,-0.1545505301009318,0.09370164912037734,0.9959076026290529,-0.004445828144458375,-0.015039494470773912,0.0059093883457079,0.475,0.0,-0.013947696175525482,0.013875472251594632,1.0,0.0033333333333331883,-0.018071603145111453,0.02531928925510684,0.8838,0.9853515625,0.7992957331240179,0.9959076026290529,0.8701714285714287,1.0,1.0
v11_seg_weights,v12b_debut_multiplier_half,3F_L_N,non_event,254,0.031181029997089927,-0.06998095681874977,-0.019406069500136677,0.12549116102763172,False,iid,10.10952471302533,1.5831058485912162,19.17782764917939,4.454150620337257,0.0416864586101747,8.100885756464594,10.880518119910471,0,False,60,37,157,61.9,0.02499073659259804,0.07117540471883577,-0.028972999171955234,0.178592153933778,0.31782194911474193,0.007415613640297858,0.0006208648426471897,0.014314915957765094,0.0384,0.004682581322140722,-0.001907959020146649,0.012024289654252193,0.2316,-0.0013583182726149001,-0.009864919935708233,0.006986369755741716,0.8744,0.15208099682056203,0.19992589274078432,0.9679903720785294,0.2928,1.0,1.0
v11_seg_weights,v12b_debut_multiplier_half,3F_R_A,event,88,0.053040305123892066,0.1475435356381942,0.10980209904957458,0.21320071635561041,False,iid,-2.566059693318729,-5.694208652792989,6.540222908699747e-16,1.464324826016739,0.10546875,-2.941628583298712,-1.6809306190278355,0,False,3,7,78,30.0,0.34375,-0.007294271566987637,-0.023606974585394524,0.007565889163804326,0.2952927362763773,-0.0015442846328538873,-0.004781263342030322,0.0,0.741,0.0,0.0,0.0,1.0,0.0,0.0,0.0,1.0,0.234375,0.6790857281080781,0.9679903720785294,1.0,1.0,1.0
v11_seg_weights,v12b_debut_multiplier_half,3F_R_A,non_event,254,-9.443207144398364e-05,0.061312750065566926,-9.517271514158362e-05,0.12549116102763172,False,iid,-0.09313632482686658,-1.2871863438003985,1.109168959301774,0.6036193665393776,0.9853515625,-0.45052145340254296,0.2210105243106814,4,True,7,6,241,53.8,1.0,-0.00037279315592581323,-0.010536967335881735,0.01062755282753633,0.723561514981561,-0.0006423173803525861,-0.003137937408925473,0.0013171199185730256,0.7864,-0.0012964139809350517,-0.004129166577240146,0.0,0.7396,0.0029442096406603335,0.0,0.010082344512686412,0.7396,0.9853515625,1.0,0.9679903720785294,1.0,1.0,1.0
v11_seg_weights,v12b_debut_multiplier_half,3F_R_N,event,88,0.1358954649968334,0.06499662383447437,-0.026186942704050968,0.21320071635561041,False,iid,-5.20543537787514,-34.04305859802846,23.144025533953997,14.6334338883504,0.9444470442380949,-9.541753219775657,-1.4337349397590387,0,False,31,27,30,53.4,0.6940040940761318,0.006267353897782193,-0.21455371141763932,0.22918143978822214,0.82925563922899,-0.010373599003735912,-0.027509499660263115,0.006093531266026862,0.271,-0.002382832249368416,-0.03125466016301377,0.03133057623195272,0.8502,0.004780923582677898,-0.02832084618774778,0.041736413520353004,0.8436,0.9853515625,1.0,0.9679903720785294,0.7669333333333334,1.0,1.0
v11_seg_weights,v12b_debut_multiplier_half,3F_R_N,non_event,254,0.010444572680390498,-0.0039500691713116,-0.013417020237538883,0.12549116102763172,False,iid,-4.868489706858932,-19.618108457451857,9.483817948961187,7.417433350811258,0.4279610098593797,-6.443306824134483,-2.065598361826754,0,False,78,90,86,46.4,0.39613334139637885,0.06295408584430982,-0.10415264569041226,0.23738039123154506,0.7675604410490051,-0.0024718712134326193,-0.013691936103846952,0.008584374713639513,0.7,-0.007492130115425155,-0.023352030463972388,0.00804738161176966,0.3738,-0.013273842721695406,-0.03310481050832152,0.006529866509752508,0.2066,0.6584015536298149,0.6790857281080781,0.9679903720785294,1.0,1.0,1.0
