hall,date,date_dt,dd,month,year_month,day_of_week,weekday_nth,is_weekend,is_x_day,dd_bucket,n_machine_days,n_machines,total_games,total_diff,avg_diff_per_machine,avg_games_per_machine,plus_rate,budget_index,budget_regime
レイトギャップ,20250320,2025-03-20,20,3,202503,木,Thu3,0,0,15-21,417,417,1854108,-51228,-122.84892086330935,4446.302158273381,0.407673860911271,-2.76294584781469,under_budget
レイトギャップ,20250321,2025-03-21,21,3,202503,金,Fri3,0,0,15-21,354,354,1095735,-6087,-17.194915254237287,3095.2966101694915,0.4067796610169492,-0.5555175293296281,balanced
レイトギャップ,20250322,2025-03-22,22,3,202503,土,Sat4,1,0,22-28,412,412,1861786,51209,124.29368932038835,4518.898058252427,0.41262135922330095,2.750530941794599,over_budget
レイトギャップ,20250323,2025-03-23,23,3,202503,日,Sun4,1,0,22-28,396,396,1578114,-82383,-208.03787878787878,3985.1363636363635,0.37373737373737376,-5.220345298248415,under_budget
レイトギャップ,20250324,2025-03-24,24,3,202503,月,Mon4,0,0,22-28,87,87,239039,-21155,-243.16091954022988,2747.574712643678,0.3448275862068966,-8.850020289576179,under_budget
レイトギャップ,20250325,2025-03-25,25,3,202503,火,Tue4,0,0,22-28,359,359,1081412,-19323,-53.82451253481894,3012.289693593315,0.38997214484679665,-1.7868305511682874,under_budget
レイトギャップ,20250326,2025-03-26,26,3,202503,水,Wed4,0,1,22-28,404,404,1783142,84724,209.7128712871287,4413.717821782178,0.45544554455445546,4.751388279789271,over_budget
レイトギャップ,20250327,2025-03-27,27,3,202503,木,Thu4,0,0,22-28,355,355,1052129,-89919,-253.29295774647886,2963.743661971831,0.36619718309859156,-8.546385471743484,under_budget
レイトギャップ,20250328,2025-03-28,28,3,202503,金,Fri4,0,0,22-28,337,337,987189,-46269,-137.2967359050445,2929.3442136498516,0.3857566765578635,-4.686944445288592,under_budget
レイトギャップ,20250329,2025-03-29,29,3,202503,土,Sat5,1,0,29-31,408,408,1772839,28721,70.39460784313725,4345.193627450981,0.43137254901960786,1.6200568692362927,over_budget
レイトギャップ,20250330,2025-03-30,30,3,202503,日,Sun5,1,0,29-31,416,416,2100493,107269,257.8581730769231,5049.2620192307695,0.4855769230769231,5.106848725513487,over_budget
レイトギャップ,20250331,2025-03-31,31,3,202503,月,Mon5,0,0,29-31,380,380,1306077,58572,154.13684210526316,3437.044736842105,0.41842105263157897,4.4845747991887155,over_budget
レイトギャップ,20250401,2025-04-01,1,4,202504,火,Tue1,0,0,1-7,367,367,1055844,-80797,-220.15531335149865,2876.959128065395,0.3869209809264305,-7.652361523103791,under_budget
レイトギャップ,20250402,2025-04-02,2,4,202504,水,Wed1,0,0,1-7,366,366,1178517,-22737,-62.122950819672134,3219.9918032786886,0.4016393442622951,-1.9292890980783475,under_budget
レイトギャップ,20250403,2025-04-03,3,4,202504,木,Thu1,0,0,1-7,355,355,1073036,18042,50.822535211267606,3022.6366197183097,0.39154929577464787,1.681397455444179,over_budget
レイトギャップ,20250404,2025-04-04,4,4,202504,金,Fri1,0,0,1-7,380,380,1372960,55256,145.41052631578947,3613.0526315789475,0.4605263157894737,4.024589208716932,over_budget
レイトギャップ,20250405,2025-04-05,5,4,202504,土,Sat1,1,0,1-7,412,412,1884416,-148868,-361.33009708737865,4573.825242718447,0.33495145631067963,-7.899954150251324,under_budget
レイトギャップ,20250406,2025-04-06,6,4,202504,日,Sun1,1,1,1-7,418,418,2340815,-6348,-15.186602870813397,5600.035885167464,0.37799043062200954,-0.2711875991908801,balanced
レイトギャップ,20250407,2025-04-07,7,4,202504,月,Mon1,0,0,1-7,366,366,1199197,-31198,-85.24043715846994,3276.4945355191257,0.3825136612021858,-2.601574220082272,under_budget
レイトギャップ,20250408,2025-04-08,8,4,202504,火,Tue2,0,0,8-14,344,344,1085904,36846,107.11046511627907,3156.6976744186045,0.37790697674418605,3.39311762365734,over_budget
レイトギャップ,20250409,2025-04-09,9,4,202504,水,Wed2,0,0,8-14,354,354,1158401,-103807,-293.2401129943503,3272.3192090395482,0.3615819209039548,-8.961231905013895,under_budget
レイトギャップ,20250410,2025-04-10,10,4,202504,木,Thu2,0,0,8-14,333,333,981285,37018,111.16516516516516,2946.801801801802,0.43243243243243246,3.7724004748875197,over_budget
レイトギャップ,20250411,2025-04-11,11,4,202504,金,Fri2,0,0,8-14,386,386,1402988,27210,70.49222797927462,3634.683937823834,0.4015544041450777,1.93943212629046,over_budget
レイトギャップ,20250412,2025-04-12,12,4,202504,土,Sat2,1,0,8-14,406,406,1840616,97797,240.8793103448276,4533.536945812808,0.4433497536945813,5.313275555574873,over_budget
レイトギャップ,20250413,2025-04-13,13,4,202504,日,Sun2,1,0,8-14,411,411,1733305,-113064,-275.0948905109489,4217.287104622871,0.35523114355231145,-6.523029703370151,under_budget
レイトギャップ,20250414,2025-04-14,14,4,202504,月,Mon2,0,0,8-14,387,387,1372987,50,0.12919896640826872,3547.770025839793,0.4186046511627907,0.0036416950779577665,balanced
レイトギャップ,20250415,2025-04-15,15,4,202504,火,Tue3,0,0,15-21,383,383,1364935,-57108,-149.10704960835508,3563.798955613577,0.37597911227154046,-4.183935498760015,under_budget
レイトギャップ,20250416,2025-04-16,16,4,202504,水,Wed3,0,1,15-21,413,413,1841527,-26316,-63.719128329297824,4458.903147699758,0.387409200968523,-1.4290314505299135,under_budget
レイトギャップ,20250417,2025-04-17,17,4,202504,木,Thu3,0,0,15-21,348,348,1167548,37048,106.45977011494253,3355.022988505747,0.4367816091954023,3.1731457721652556,over_budget
レイトギャップ,20250418,2025-04-18,18,4,202504,金,Fri3,0,0,15-21,350,350,1097675,-118545,-338.7,3136.214285714286,0.32,-10.799644703578016,under_budget
レイトギャップ,20250419,2025-04-19,19,4,202504,土,Sat3,1,0,15-21,416,416,2305328,94608,227.42307692307693,5541.653846153846,0.4182692307692308,4.103884566534568,over_budget
レイトギャップ,20250420,2025-04-20,20,4,202504,日,Sun3,1,0,15-21,401,401,1707820,-155772,-388.45885286783044,4258.902743142145,0.35910224438902744,-9.121101755454323,under_budget
レイトギャップ,20250421,2025-04-21,21,4,202504,月,Mon3,0,0,15-21,367,367,1200967,47809,130.26975476839237,3272.389645776567,0.44141689373297005,3.980875411231116,over_budget
レイトギャップ,20250422,2025-04-22,22,4,202504,火,Tue4,0,0,22-28,351,351,1124085,-59802,-170.3760683760684,3202.5213675213677,0.3504273504273504,-5.320060315723455,under_budget
レイトギャップ,20250423,2025-04-23,23,4,202504,水,Wed4,0,0,22-28,365,365,1120271,-18979,-51.9972602739726,3069.2356164383564,0.3726027397260274,-1.6941436491706023,under_budget
レイトギャップ,20250424,2025-04-24,24,4,202504,木,Thu4,0,0,22-28,363,363,1189460,16432,45.26721763085399,3276.749311294766,0.4132231404958678,1.3814672204193499,over_budget
レイトギャップ,20250425,2025-04-25,25,4,202504,金,Fri4,0,0,22-28,374,374,1261120,-28707,-76.7566844919786,3371.9786096256685,0.393048128342246,-2.276309946714032,under_budget
レイトギャップ,20250426,2025-04-26,26,4,202504,土,Sat4,1,1,22-28,418,418,2520740,-138,-0.33014354066985646,6030.478468899521,0.41626794258373206,-0.005474582860588557,balanced
レイトギャップ,20250427,2025-04-27,27,4,202504,日,Sun4,1,0,22-28,417,417,1979871,-87434,-209.673860911271,4747.892086330935,0.35251798561151076,-4.416146304481454,under_budget
レイトギャップ,20250428,2025-04-28,28,4,202504,月,Mon4,0,0,22-28,375,375,1362693,28380,75.68,3633.848,0.4266666666666667,2.0826407708852983,over_budget
レイトギャップ,20250429,2025-04-29,29,4,202504,火,Tue5,0,0,29-31,414,414,2107659,-46105,-111.36473429951691,5090.963768115942,0.37681159420289856,-2.1874980725060365,under_budget
レイトギャップ,20250430,2025-04-30,30,4,202504,水,Wed5,0,0,29-31,410,410,1890455,20127,49.09024390243903,4610.865853658536,0.4268292682926829,1.064664326841951,over_budget
レイトギャップ,20250501,2025-05-01,1,5,202505,木,Thu1,0,0,1-7,384,384,1414162,-25270,-65.80729166666667,3682.7135416666665,0.3854166666666667,-1.7869239874922394,under_budget
レイトギャップ,20250502,2025-05-02,2,5,202505,金,Fri1,0,0,1-7,392,392,1389919,-51147,-130.47704081632654,3545.7117346938776,0.37755102040816324,-3.679854725347304,under_budget
レイトギャップ,20250503,2025-05-03,3,5,202505,土,Sat1,1,0,1-7,413,413,1983696,-68689,-166.31719128329297,4803.138014527845,0.36803874092009686,-3.462677749009929,under_budget
レイトギャップ,20250504,2025-05-04,4,5,202505,日,Sun1,1,0,1-7,414,414,2023934,-104030,-251.28019323671498,4888.729468599034,0.36231884057971014,-5.139989742748528,under_budget
レイトギャップ,20250505,2025-05-05,5,5,202505,月,Mon1,0,0,1-7,408,408,2091941,-67650,-165.80882352941177,5127.306372549019,0.37745098039215685,-3.2338388128537088,under_budget
レイトギャップ,20250506,2025-05-06,6,5,202505,火,Tue1,0,1,1-7,414,414,2331209,28287,68.32608695652173,5630.93961352657,0.4227053140096618,1.2134047183242687,over_budget
レイトギャップ,20250507,2025-05-07,7,5,202505,水,Wed1,0,0,1-7,361,361,1225718,-41377,-114.61772853185596,3395.3407202216067,0.3767313019390582,-3.375735691243826,under_budget
レイトギャップ,20250508,2025-05-08,8,5,202505,木,Thu2,0,0,8-14,366,366,1117440,-42714,-116.70491803278688,3053.1147540983607,0.39617486338797814,-3.822487113402062,under_budget
レイトギャップ,20250509,2025-05-09,9,5,202505,金,Fri2,0,0,8-14,355,355,1175823,-7344,-20.687323943661973,3312.1774647887323,0.36901408450704226,-0.6245838021538956,balanced
レイトギャップ,20250510,2025-05-10,10,5,202505,土,Sat2,1,0,8-14,394,394,1774526,-12931,-32.81979695431472,4503.8730964467,0.38578680203045684,-0.7287016363806447,balanced
レイトギャップ,20250511,2025-05-11,11,5,202505,日,Sun2,1,0,8-14,404,404,1884306,-26431,-65.42326732673267,4664.123762376237,0.4282178217821782,-1.402691494905817,under_budget
レイトギャップ,20250512,2025-05-12,12,5,202505,月,Mon2,0,0,8-14,343,343,1177522,-12808,-37.34110787172012,3433.008746355685,0.41690962099125367,-1.0877079154359748,under_budget
レイトギャップ,20250513,2025-05-13,13,5,202505,火,Tue2,0,0,8-14,356,356,1198141,-24683,-69.33426966292134,3365.5646067415732,0.3904494382022472,-2.060108117492015,under_budget
レイトギャップ,20250514,2025-05-14,14,5,202505,水,Wed2,0,0,8-14,367,367,1226731,-14566,-39.689373297002724,3342.591280653951,0.37329700272479566,-1.1873833790782167,under_budget
レイトギャップ,20250515,2025-05-15,15,5,202505,木,Thu3,0,0,15-21,369,369,1228182,-1039,-2.8157181571815717,3328.4065040650407,0.39295392953929537,-0.08459658259117948,balanced
レイトギャップ,20250516,2025-05-16,16,5,202505,金,Fri3,0,1,15-21,410,410,1931795,-78298,-190.97073170731707,4711.695121951219,0.3878048780487805,-4.053121578635414,under_budget
レイトギャップ,20250517,2025-05-17,17,5,202505,土,Sat3,1,0,15-21,395,395,1690792,-17437,-44.14430379746835,4280.486075949367,0.39746835443037976,-1.0312918442954544,under_budget
レイトギャップ,20250518,2025-05-18,18,5,202505,日,Sun3,1,0,15-21,401,401,1712319,-88771,-221.37406483790522,4270.122194513716,0.34663341645885287,-5.184255970996059,under_budget
レイトギャップ,20250519,2025-05-19,19,5,202505,月,Mon3,0,0,15-21,403,403,1693272,86560,214.7890818858561,4201.667493796526,0.4441687344913151,5.111996182538895,over_budget
レイトギャップ,20250520,2025-05-20,20,5,202505,火,Tue3,0,0,15-21,348,348,1103259,-50700,-145.68965517241378,3170.2844827586205,0.3879310344827586,-4.595475767702779,under_budget
レイトギャップ,20250521,2025-05-21,21,5,202505,水,Wed3,0,0,15-21,339,339,1158555,3639,10.734513274336283,3417.566371681416,0.40707964601769914,0.31409816538705543,balanced
レイトギャップ,20250522,2025-05-22,22,5,202505,木,Thu4,0,0,22-28,352,352,1137986,-26523,-75.34943181818181,3232.9147727272725,0.4289772727272727,-2.330696511204883,under_budget
レイトギャップ,20250523,2025-05-23,23,5,202505,金,Fri4,0,0,22-28,360,360,1279517,-65707,-182.51944444444445,3554.213888888889,0.375,-5.1352971472829205,under_budget
レイトギャップ,20250524,2025-05-24,24,5,202505,土,Sat4,1,0,22-28,417,417,2303232,47913,114.89928057553956,5523.338129496403,0.45083932853717024,2.080250708569523,over_budget
レイトギャップ,20250525,2025-05-25,25,5,202505,日,Sun4,1,0,22-28,412,412,2137340,-77665,-188.50728155339806,5187.718446601942,0.41504854368932037,-3.6337222903234863,under_budget
レイトギャップ,20250526,2025-05-26,26,5,202505,月,Mon4,0,1,22-28,402,402,1713378,143586,357.17910447761193,4262.134328358209,0.4651741293532338,8.380287362158263,over_budget
レイトギャップ,20250527,2025-05-27,27,5,202505,火,Tue4,0,0,22-28,373,373,1257207,72759,195.06434316353887,3370.5281501340482,0.40482573726541554,5.787352440767511,over_budget
レイトギャップ,20250528,2025-05-28,28,5,202505,水,Wed4,0,0,22-28,353,353,1122964,-12412,-35.1614730878187,3181.201133144476,0.40793201133144474,-1.1052892167513828,under_budget
レイトギャップ,20250529,2025-05-29,29,5,202505,木,Thu5,0,0,29-31,345,345,1071299,-31005,-89.8695652173913,3105.2144927536233,0.3536231884057971,-2.8941499992065705,under_budget
レイトギャップ,20250530,2025-05-30,30,5,202505,金,Fri5,0,0,29-31,375,375,1414867,35556,94.816,3772.978666666667,0.47733333333333333,2.513027726280986,over_budget
レイトギャップ,20250531,2025-05-31,31,5,202505,土,Sat5,1,0,29-31,308,308,429595,-56725,-184.17207792207793,1394.7889610389611,0.3344155844155844,-13.204297070496631,under_budget
レイトギャップ,20250601,2025-06-01,1,6,202506,日,Sun1,1,0,1-7,413,413,1997003,-73523,-178.02179176755448,4835.3583535108955,0.37772397094430993,-3.681666977966483,under_budget
レイトギャップ,20250602,2025-06-02,2,6,202506,月,Mon1,0,0,1-7,387,387,1397378,-32776,-84.69250645994832,3610.7958656330748,0.39276485788113696,-2.345535710452004,under_budget
レイトギャップ,20250603,2025-06-03,3,6,202506,火,Tue1,0,0,1-7,369,369,1143864,21518,58.31436314363144,3099.9024390243903,0.36314363143631434,1.8811676912639963,over_budget
レイトギャップ,20250604,2025-06-04,4,6,202506,水,Wed1,0,0,1-7,341,341,1177381,-21597,-63.334310850439884,3452.730205278592,0.41935483870967744,-1.8343255072062483,under_budget
レイトギャップ,20250605,2025-06-05,5,6,202506,木,Thu1,0,0,1-7,391,391,1486614,44438,113.65217391304348,3802.0818414322252,0.4219948849104859,2.9892090347595275,over_budget
レイトギャップ,20250606,2025-06-06,6,6,202506,金,Fri1,0,1,1-7,415,415,2520978,256804,618.8048192771084,6074.64578313253,0.5108433734939759,10.186681518045775,over_budget
レイトギャップ,20250607,2025-06-07,7,6,202506,土,Sat1,1,0,1-7,400,400,1700963,-13212,-33.03,4252.4075,0.395,-0.7767364722219119,balanced
レイトギャップ,20250608,2025-06-08,8,6,202506,日,Sun2,1,0,8-14,406,406,1760201,-66580,-163.99014778325125,4335.470443349754,0.3522167487684729,-3.782522564184431,under_budget
レイトギャップ,20250609,2025-06-09,9,6,202506,月,Mon2,0,0,8-14,361,361,1076332,-6723,-18.62326869806094,2981.529085872576,0.38227146814404434,-0.6246213993451835,balanced
レイトギャップ,20250610,2025-06-10,10,6,202506,火,Tue2,0,0,8-14,363,363,1182523,-17441,-48.04683195592286,3257.6391184573004,0.39118457300275483,-1.4748973170077875,under_budget
レイトギャップ,20250611,2025-06-11,11,6,202506,水,Wed2,0,0,8-14,358,358,1147858,-85135,-237.8072625698324,3206.3072625698323,0.3324022346368715,-7.416858182806584,under_budget
レイトギャップ,20250612,2025-06-12,12,6,202506,木,Thu2,0,0,8-14,352,352,1085114,23177,65.84375,3082.7102272727275,0.39488636363636365,2.135904614630352,over_budget
レイトギャップ,20250613,2025-06-13,13,6,202506,金,Fri2,0,0,8-14,384,384,1312065,-25605,-66.6796875,3416.8359375,0.3645833333333333,-1.951503927015811,under_budget
レイトギャップ,20250614,2025-06-14,14,6,202506,土,Sat2,1,0,8-14,407,407,1748531,-148383,-364.5773955773956,4296.144963144963,0.3366093366093366,-8.486152089954366,under_budget
レイトギャップ,20250615,2025-06-15,15,6,202506,日,Sun3,1,0,15-21,406,406,1664588,-233921,-576.1600985221675,4099.970443349754,0.30295566502463056,-14.052786635491785,under_budget
レイトギャップ,20250616,2025-06-16,16,6,202506,月,Mon3,0,1,15-21,418,418,2271551,228677,547.0741626794259,5434.332535885167,0.46172248803827753,10.066998275627533,over_budget
レイトギャップ,20250617,2025-06-17,17,6,202506,火,Tue3,0,0,15-21,360,360,1176389,31161,86.55833333333334,3267.7472222222223,0.4361111111111111,2.6488686990442787,over_budget
レイトギャップ,20250618,2025-06-18,18,6,202506,水,Wed3,0,0,15-21,369,369,1213740,51300,139.02439024390245,3289.268292682927,0.43089430894308944,4.226605368530327,over_budget
レイトギャップ,20250619,2025-06-19,19,6,202506,木,Thu3,0,0,15-21,409,409,1856722,124454,304.2885085574572,4539.662591687042,0.4718826405867971,6.702888208358602,over_budget
レイトギャップ,20250620,2025-06-20,20,6,202506,金,Fri3,0,0,15-21,366,366,1139755,-9769,-26.691256830601095,3114.084699453552,0.3743169398907104,-0.8571140288921743,balanced
レイトギャップ,20250621,2025-06-21,21,6,202506,土,Sat3,1,0,15-21,400,400,1618810,-76283,-190.7075,4047.025,0.3625,-4.712288656482231,under_budget
レイトギャップ,20250622,2025-06-22,22,6,202506,日,Sun4,1,0,22-28,396,396,1511928,-216410,-546.489898989899,3818.0,0.30808080808080807,-14.313512283653719,under_budget
レイトギャップ,20250623,2025-06-23,23,6,202506,月,Mon4,0,0,22-28,340,340,941076,-93268,-274.3176470588235,2767.8705882352942,0.37058823529411766,-9.910782976082697,under_budget
レイトギャップ,20250624,2025-06-24,24,6,202506,火,Tue4,0,0,22-28,357,357,1126425,-31080,-87.05882352941177,3155.252100840336,0.35294117647058826,-2.7591717158266196,under_budget
レイトギャップ,20250625,2025-06-25,25,6,202506,水,Wed4,0,0,22-28,387,387,1281595,-88455,-228.56589147286823,3311.614987080103,0.34366925064599485,-6.901946402724731,under_budget
レイトギャップ,20250626,2025-06-26,26,6,202506,木,Thu4,0,1,22-28,413,413,2193249,112200,271.67070217917677,5310.530266343826,0.4600484261501211,5.115698217575844,over_budget
レイトギャップ,20250627,2025-06-27,27,6,202506,金,Fri4,0,0,22-28,355,355,1200303,13933,39.247887323943665,3381.1352112676054,0.4507042253521127,1.160790233799299,over_budget
レイトギャップ,20250628,2025-06-28,28,6,202506,土,Sat4,1,0,22-28,405,405,1713620,27466,67.81728395061728,4231.16049382716,0.4074074074074074,1.6028057562353382,over_budget
レイトギャップ,20250629,2025-06-29,29,6,202506,日,Sun5,1,0,29-31,403,403,1693689,-65458,-162.42679900744417,4202.70223325062,0.38213399503722084,-3.8648181572886164,under_budget
レイトギャップ,20250630,2025-06-30,30,6,202506,月,Mon5,0,0,29-31,386,386,1349791,75676,196.05181347150258,3496.8678756476684,0.422279792746114,5.6064975985171035,over_budget
レイトギャップ,20250701,2025-07-01,1,7,202507,火,Tue1,0,0,1-7,389,389,1325227,-20863,-53.63239074550128,3406.753213367609,0.38303341902313626,-1.5742963281007705,under_budget
レイトギャップ,20250702,2025-07-02,2,7,202507,水,Wed1,0,0,1-7,371,371,1126157,-86739,-233.7978436657682,3035.4636118598382,0.3450134770889488,-7.702212036154816,under_budget
レイトギャップ,20250703,2025-07-03,3,7,202507,木,Thu1,0,0,1-7,363,363,1153518,30258,83.35537190082644,3177.7355371900826,0.418732782369146,2.623106011349628,over_budget
レイトギャップ,20250704,2025-07-04,4,7,202507,金,Fri1,0,0,1-7,377,377,1310407,17268,45.80371352785146,3475.8806366047747,0.40318302387267907,1.3177585284571893,over_budget
レイトギャップ,20250705,2025-07-05,5,7,202507,土,Sat1,1,0,1-7,399,399,1809301,-11938,-29.919799498746865,4534.588972431077,0.40100250626566414,-0.6598128227420423,balanced
レイトギャップ,20250706,2025-07-06,6,7,202507,日,Sun1,1,1,1-7,409,409,2443594,67695,165.51344743276283,5974.557457212714,0.4254278728606357,2.7703047232887297,over_budget
レイトギャップ,20250707,2025-07-07,7,7,202507,月,Mon1,0,0,1-7,415,415,2410438,117594,283.35903614457834,5808.284337349398,0.4433734939759036,4.8785324492893,over_budget
レイトギャップ,20250708,2025-07-08,8,7,202507,火,Tue2,0,0,8-14,360,360,1119197,-17473,-48.53611111111111,3108.8805555555555,0.38055555555555554,-1.5612086165348906,under_budget
レイトギャップ,20250709,2025-07-09,9,7,202507,水,Wed2,0,0,8-14,328,328,990759,-7764,-23.670731707317074,3020.606707317073,0.3932926829268293,-0.783641632324309,balanced
レイトギャップ,20250711,2025-07-11,11,7,202507,金,Fri2,0,0,8-14,373,373,1197393,-62074,-166.41823056300268,3210.1689008042895,0.3941018766756032,-5.184095781418465,under_budget
レイトギャップ,20250712,2025-07-12,12,7,202507,土,Sat2,1,0,8-14,396,396,1141237,-69625,-175.82070707070707,2881.911616161616,0.3838383838383838,-6.100836197915069,under_budget
レイトギャップ,20250713,2025-07-13,13,7,202507,日,Sun2,1,0,8-14,406,406,1643446,-138082,-340.1034482758621,4047.896551724138,0.3472906403940887,-8.401979742565317,under_budget
レイトギャップ,20250714,2025-07-14,14,7,202507,月,Mon2,0,0,8-14,364,364,1016575,-57021,-156.6510989010989,2792.7884615384614,0.34615384615384615,-5.6091286919312395,under_budget
レイトギャップ,20250715,2025-07-15,15,7,202507,火,Tue3,0,0,15-21,361,361,1002675,-17051,-47.232686980609415,2777.493074792244,0.3767313019390582,-1.7005510260054355,under_budget
レイトギャップ,20250716,2025-07-16,16,7,202507,水,Wed3,0,1,15-21,416,416,2242599,111569,268.19471153846155,5390.8629807692305,0.4326923076923077,4.97498661151637,over_budget
レイトギャップ,20250717,2025-07-17,17,7,202507,木,Thu3,0,0,15-21,348,348,1047824,-13775,-39.583333333333336,3010.9885057471265,0.39080459770114945,-1.3146291743651606,under_budget
レイトギャップ,20250718,2025-07-18,18,7,202507,金,Fri3,0,0,15-21,347,347,1004049,-4210,-12.132564841498558,2893.5129682997117,0.4092219020172911,-0.41930224520914816,balanced
レイトギャップ,20250719,2025-07-19,19,7,202507,土,Sat3,1,0,15-21,414,414,2154936,69736,168.44444444444446,5205.159420289855,0.45410628019323673,3.236105387816622,over_budget
レイトギャップ,20250720,2025-07-20,20,7,202507,日,Sun3,1,0,15-21,410,410,1740291,-668,-1.6292682926829267,4244.612195121951,0.3878048780487805,-0.03838438514018633,balanced
レイトギャップ,20250721,2025-07-21,21,7,202507,月,Mon3,0,0,15-21,405,405,1721915,-40332,-99.58518518518518,4251.641975308642,0.4271604938271605,-2.3422758963131165,under_budget
レイトギャップ,20250722,2025-07-22,22,7,202507,火,Tue4,0,0,22-28,368,368,1082282,-69959,-190.10597826086956,2940.983695652174,0.38315217391304346,-6.464026935678502,under_budget
レイトギャップ,20250723,2025-07-23,23,7,202507,水,Wed4,0,0,22-28,337,337,988516,-18347,-54.44213649851632,2933.2818991097924,0.35014836795252224,-1.8560144701754953,under_budget
レイトギャップ,20250724,2025-07-24,24,7,202507,木,Thu4,0,0,22-28,337,337,998704,-26327,-78.12166172106825,2963.513353115727,0.3590504451038576,-2.636116406863295,under_budget
レイトギャップ,20250725,2025-07-25,25,7,202507,金,Fri4,0,0,22-28,359,359,1114514,19687,54.83844011142061,3104.4958217270196,0.42618384401114207,1.766420161613044,over_budget
レイトギャップ,20250726,2025-07-26,26,7,202507,土,Sat4,1,1,22-28,415,415,2568270,70913,170.87469879518073,6188.6024096385545,0.44096385542168676,2.761119352716031,over_budget
レイトギャップ,20250727,2025-07-27,27,7,202507,日,Sun4,1,0,22-28,411,411,1910821,-91890,-223.57664233576642,4649.1995133819955,0.35523114355231145,-4.808927680824106,under_budget
レイトギャップ,20250728,2025-07-28,28,7,202507,月,Mon4,0,0,22-28,339,339,1032634,5284,15.587020648967552,3046.117994100295,0.3834808259587021,0.5117011448393138,balanced
レイトギャップ,20250729,2025-07-29,29,7,202507,火,Tue5,0,0,29-31,350,350,999994,-35376,-101.07428571428571,2857.1257142857144,0.40285714285714286,-3.5376212257273547,under_budget
レイトギャップ,20250730,2025-07-30,30,7,202507,水,Wed5,0,0,29-31,350,350,1205715,-16011,-45.745714285714286,3444.9,0.4085714285714286,-1.3279257535984872,under_budget
レイトギャップ,20250731,2025-07-31,31,7,202507,木,Thu5,0,0,29-31,357,357,1012888,-115594,-323.7927170868347,2837.2212885154063,0.30532212885154064,-11.412318045035581,under_budget
レイトギャップ,20250801,2025-08-01,1,8,202508,金,Fri1,0,0,1-7,355,355,1038770,15254,42.969014084507045,2926.112676056338,0.4112676056338028,1.468467514464222,over_budget
レイトギャップ,20250802,2025-08-02,2,8,202508,土,Sat1,1,0,1-7,407,407,1865805,-170755,-419.54545454545456,4584.287469287469,0.3144963144963145,-9.15181382834755,under_budget
レイトギャップ,20250803,2025-08-03,3,8,202508,日,Sun1,1,0,1-7,389,389,1647157,-125572,-322.80719794344475,4234.33676092545,0.35218508997429304,-7.623559867092208,under_budget
レイトギャップ,20250804,2025-08-04,4,8,202508,月,Mon1,0,0,1-7,331,331,1022620,-28097,-84.88519637462235,3089.486404833837,0.3595166163141994,-2.7475504097318653,under_budget
レイトギャップ,20250805,2025-08-05,5,8,202508,火,Tue1,0,0,1-7,336,336,953223,-31816,-94.69047619047619,2836.973214285714,0.4226190476190476,-3.337728946951553,under_budget
レイトギャップ,20250806,2025-08-06,6,8,202508,水,Wed1,0,1,1-7,388,388,1872885,200926,517.8505154639175,4827.023195876289,0.4536082474226804,10.728154691825713,over_budget
レイトギャップ,20250807,2025-08-07,7,8,202508,木,Thu1,0,0,1-7,322,322,1016179,-17399,-54.03416149068323,3155.835403726708,0.38819875776397517,-1.712198343008466,under_budget
レイトギャップ,20250808,2025-08-08,8,8,202508,金,Fri2,0,0,8-14,364,364,1326524,-33244,-91.32967032967034,3644.296703296703,0.36538461538461536,-2.506098645784019,under_budget
レイトギャップ,20250809,2025-08-09,9,8,202508,土,Sat2,1,0,8-14,376,376,1528607,32465,86.34308510638297,4065.44414893617,0.39893617021276595,2.123829080986807,over_budget
レイトギャップ,20250810,2025-08-10,10,8,202508,日,Sun2,1,0,8-14,369,369,1443433,-88382,-239.51761517615176,3911.742547425474,0.36314363143631434,-6.123041388135092,under_budget
レイトギャップ,20250811,2025-08-11,11,8,202508,月,Mon2,0,0,8-14,373,373,1523829,-34633,-92.84986595174263,4085.332439678284,0.4262734584450402,-2.2727615762661033,under_budget
レイトギャップ,20250812,2025-08-12,12,8,202508,火,Tue2,0,0,8-14,366,366,1350683,-53216,-145.39890710382514,3690.3907103825136,0.3524590163934426,-3.9399326118711797,under_budget
レイトギャップ,20250813,2025-08-13,13,8,202508,水,Wed2,0,0,8-14,377,377,1348544,-116248,-308.3501326259947,3577.0397877984083,0.36074270557029176,-8.620260073086232,under_budget
レイトギャップ,20250814,2025-08-14,14,8,202508,木,Thu2,0,0,8-14,380,380,1442800,-23158,-60.94210526315789,3796.842105263158,0.3763157894736842,-1.6050734682561685,under_budget
レイトギャップ,20250815,2025-08-15,15,8,202508,金,Fri3,0,0,15-21,377,377,1525370,-19655,-52.13527851458886,4046.074270557029,0.38461538461538464,-1.2885398296806676,under_budget
レイトギャップ,20250816,2025-08-16,16,8,202508,土,Sat3,1,1,15-21,388,388,2422770,-59126,-152.38659793814432,6244.2525773195875,0.3943298969072165,-2.4404297560230646,under_budget
レイトギャップ,20250817,2025-08-17,17,8,202508,日,Sun3,1,0,15-21,385,385,1610656,-130734,-339.5688311688312,4183.522077922078,0.32727272727272727,-8.116816998788073,under_budget
レイトギャップ,20250818,2025-08-18,18,8,202508,月,Mon3,0,0,15-21,345,345,1077991,-5019,-14.547826086956523,3124.6115942028987,0.4057971014492754,-0.4655883026852729,balanced
レイトギャップ,20250819,2025-08-19,19,8,202508,火,Tue3,0,0,15-21,379,379,1677350,105317,277.8812664907652,4425.7255936675465,0.45118733509234826,6.2787730646555575,over_budget
レイトギャップ,20250820,2025-08-20,20,8,202508,水,Wed3,0,0,15-21,341,341,1027101,-81197,-238.11436950146629,3012.026392961877,0.34017595307917886,-7.905454283463846,under_budget
レイトギャップ,20250821,2025-08-21,21,8,202508,木,Thu3,0,0,15-21,334,334,976622,14152,42.37125748502994,2924.017964071856,0.39221556886227543,1.4490765106663581,over_budget
レイトギャップ,20250822,2025-08-22,22,8,202508,金,Fri4,0,0,22-28,354,354,1172909,30087,84.99152542372882,3313.3022598870057,0.4180790960451977,2.5651606390606605,over_budget
レイトギャップ,20250823,2025-08-23,23,8,202508,土,Sat4,1,0,22-28,358,358,1361147,-18296,-51.10614525139665,3802.086592178771,0.3743016759776536,-1.3441604764217236,under_budget
レイトギャップ,20250824,2025-08-24,24,8,202508,日,Sun4,1,0,22-28,380,380,1573344,-59861,-157.52894736842106,4140.378947368421,0.4105263157894737,-3.804698781703175,under_budget
レイトギャップ,20250825,2025-08-25,25,8,202508,月,Mon4,0,0,22-28,355,355,1151498,14151,39.861971830985915,3243.656338028169,0.3971830985915493,1.2289209360328894,over_budget
レイトギャップ,20250826,2025-08-26,26,8,202508,火,Tue4,0,1,22-28,388,388,2123596,52819,136.13144329896906,5473.18556701031,0.4072164948453608,2.4872433363031385,over_budget
レイトギャップ,20250827,2025-08-27,27,8,202508,水,Wed4,0,0,22-28,340,340,1142565,848,2.4941176470588236,3360.485294117647,0.38235294117647056,0.07421897222477496,balanced
レイトギャップ,20250828,2025-08-28,28,8,202508,木,Thu4,0,0,22-28,342,342,1051459,-12517,-36.599415204678365,3074.441520467836,0.37719298245614036,-1.1904410918542712,under_budget
レイトギャップ,20250829,2025-08-29,29,8,202508,金,Fri5,0,0,29-31,335,335,1036174,14266,42.58507462686567,3093.0567164179106,0.408955223880597,1.3767957891242204,over_budget
レイトギャップ,20250830,2025-08-30,30,8,202508,土,Sat5,1,0,29-31,383,383,2027218,109997,287.1984334203655,5292.997389033942,0.47780678851174935,5.426007464416752,over_budget
レイトギャップ,20250831,2025-08-31,31,8,202508,日,Sun5,1,0,29-31,379,379,1558891,22642,59.74142480211082,4113.168865435357,0.43535620052770446,1.4524427942684897,over_budget
レイトギャップ,20250901,2025-09-01,1,9,202509,月,Mon1,0,0,1-7,352,352,1079564,-30988,-88.0340909090909,3066.943181818182,0.4005681818181818,-2.8704180576603147,under_budget
レイトギャップ,20250902,2025-09-02,2,9,202509,火,Tue1,0,0,1-7,333,333,1060830,-9540,-28.64864864864865,3185.675675675676,0.35135135135135137,-0.8992958343938238,balanced
レイトギャップ,20250903,2025-09-03,3,9,202509,水,Wed1,0,0,1-7,344,344,1007693,-11631,-33.81104651162791,2929.3401162790697,0.34593023255813954,-1.1542205810698298,under_budget
レイトギャップ,20250904,2025-09-04,4,9,202509,木,Thu1,0,0,1-7,325,325,994013,-5536,-17.033846153846152,3058.5015384615385,0.39076923076923076,-0.5569343660495386,balanced
レイトギャップ,20250905,2025-09-05,5,9,202509,金,Fri1,0,0,1-7,353,353,968366,-41381,-117.22662889518413,2743.246458923513,0.35127478753541075,-4.273280970211676,under_budget
レイトギャップ,20250906,2025-09-06,6,9,202509,土,Sat1,1,1,1-7,389,389,2555513,141034,362.5552699228792,6569.442159383034,0.4884318766066838,5.518813639374951,over_budget
レイトギャップ,20250907,2025-09-07,7,9,202509,日,Sun1,1,0,1-7,384,384,1588408,-106649,-277.7317708333333,4136.479166666667,0.3723958333333333,-6.714206929202068,under_budget
レイトギャップ,20250908,2025-09-08,8,9,202509,月,Mon2,0,0,8-14,340,340,981976,-23716,-69.75294117647059,2888.164705882353,0.38529411764705884,-2.4151303086837155,under_budget
レイトギャップ,20250909,2025-09-09,9,9,202509,火,Tue2,0,0,8-14,363,363,1234787,64260,177.02479338842974,3401.617079889807,0.44077134986225897,5.204136421909204,over_budget
レイトギャップ,20250910,2025-09-10,10,9,202509,水,Wed2,0,0,8-14,341,341,1136725,28163,82.58944281524927,3333.5043988269795,0.4340175953079179,2.4775561371483867,over_budget
レイトギャップ,20250911,2025-09-11,11,9,202509,木,Thu2,0,0,8-14,312,312,898635,-101867,-326.49679487179486,2880.2403846153848,0.3301282051282051,-11.335748106850946,under_budget
レイトギャップ,20250912,2025-09-12,12,9,202509,金,Fri2,0,0,8-14,340,340,1044866,24121,70.94411764705882,3073.135294117647,0.39705882352941174,2.308525686547366,over_budget
レイトギャップ,20250913,2025-09-13,13,9,202509,土,Sat2,1,0,8-14,368,368,1430047,-95920,-260.6521739130435,3885.9972826086955,0.3804347826086957,-6.707471852323735,under_budget
レイトギャップ,20250914,2025-09-14,14,9,202509,日,Sun2,1,0,8-14,381,381,1697537,-178422,-468.2992125984252,4455.477690288714,0.3333333333333333,-10.510639826996407,under_budget
レイトギャップ,20250915,2025-09-15,15,9,202509,月,Mon3,0,0,15-21,386,386,1678034,-79985,-207.21502590673575,4347.238341968912,0.3549222797927461,-4.766589949905663,under_budget
レイトギャップ,20250916,2025-09-16,16,9,202509,火,Tue3,0,1,15-21,384,384,1864590,72961,190.00260416666666,4855.703125,0.4010416666666667,3.912978188234411,over_budget
レイトギャップ,20250917,2025-09-17,17,9,202509,水,Wed3,0,0,15-21,330,330,949895,16910,51.24242424242424,2878.469696969697,0.4090909090909091,1.7801967585891074,over_budget
レイトギャップ,20250918,2025-09-18,18,9,202509,木,Thu3,0,0,15-21,300,300,835004,23947,79.82333333333334,2783.346666666667,0.41,2.8678904532193856,over_budget
レイトギャップ,20250919,2025-09-19,19,9,202509,金,Fri3,0,0,15-21,388,388,2662317,137817,355.1984536082474,6861.6417525773195,0.45618556701030927,5.1765811509298105,over_budget
レイトギャップ,20250920,2025-09-20,20,9,202509,土,Sat3,1,0,15-21,388,388,2096043,1292,3.329896907216495,5402.172680412371,0.39948453608247425,0.06163995681386308,balanced
レイトギャップ,20250921,2025-09-21,21,9,202509,日,Sun3,1,0,15-21,384,384,1748890,28855,75.14322916666667,4554.401041666667,0.4296875,1.6499036531742992,over_budget
レイトギャップ,20250922,2025-09-22,22,9,202509,月,Mon4,0,0,22-28,350,350,1120893,-67777,-193.64857142857142,3202.5514285714285,0.3485714285714286,-6.04669669629483,under_budget
レイトギャップ,20250923,2025-09-23,23,9,202509,火,Tue4,0,0,22-28,387,387,1676855,-33267,-85.96124031007751,4332.958656330749,0.36175710594315247,-1.9838924653592587,under_budget
レイトギャップ,20250924,2025-09-24,24,9,202509,水,Wed4,0,0,22-28,334,334,966467,4248,12.718562874251496,2893.61377245509,0.4221556886227545,0.43953906341344295,balanced
レイトギャップ,20250925,2025-09-25,25,9,202509,木,Thu4,0,0,22-28,352,352,977848,-43763,-124.32670454545455,2777.9772727272725,0.38920454545454547,-4.475439945676628,under_budget
レイトギャップ,20250926,2025-09-26,26,9,202509,金,Fri4,0,1,22-28,387,387,1949870,90752,234.50129198966408,5038.423772609819,0.43669250645994834,4.654259001882177,over_budget
レイトギャップ,20250927,2025-09-27,27,9,202509,土,Sat4,1,0,22-28,381,381,1555159,-66266,-173.9265091863517,4081.782152230971,0.33070866141732286,-4.261043404565064,under_budget
レイトギャップ,20250928,2025-09-28,28,9,202509,日,Sun4,1,0,22-28,376,376,1611703,-110993,-295.1941489361702,4286.44414893617,0.39893617021276595,-6.8866906619892125,under_budget
レイトギャップ,20250929,2025-09-29,29,9,202509,月,Mon5,0,0,29-31,335,335,1054893,6394,19.086567164179105,3148.934328358209,0.4,0.6061278252865456,balanced
レイトギャップ,20250930,2025-09-30,30,9,202509,火,Tue5,0,0,29-31,371,371,1391159,120152,323.8598382749326,3749.754716981132,0.42048517520215634,8.636827278549756,over_budget
レイトギャップ,20251001,2025-10-01,1,10,202510,水,Wed1,0,0,1-7,334,334,1021426,-2795,-8.368263473053892,3058.1616766467064,0.37425149700598803,-0.27363705251285947,balanced
レイトギャップ,20251002,2025-10-02,2,10,202510,木,Thu1,0,0,1-7,342,342,1035135,-55333,-161.79239766081872,3026.7105263157896,0.3654970760233918,-5.345486337530853,under_budget
レイトギャップ,20251003,2025-10-03,3,10,202510,金,Fri1,0,0,1-7,344,344,1109519,-57054,-165.8546511627907,3225.345930232558,0.3546511627906977,-5.1422282989295365,under_budget
レイトギャップ,20251004,2025-10-04,4,10,202510,土,Sat1,1,0,1-7,376,376,1543418,-18147,-48.263297872340424,4104.835106382979,0.4095744680851064,-1.1757670313550832,under_budget
レイトギャップ,20251005,2025-10-05,5,10,202510,日,Sun1,1,0,1-7,381,381,1509796,-114746,-301.1706036745407,3962.7191601049867,0.32808398950131235,-7.600099616107077,under_budget
レイトギャップ,20251006,2025-10-06,6,10,202510,月,Mon1,0,1,1-7,388,388,2062491,26428,68.11340206185567,5315.698453608247,0.4020618556701031,1.281363167160487,over_budget
レイトギャップ,20251007,2025-10-07,7,10,202510,火,Tue1,0,0,1-7,310,310,965206,-1615,-5.209677419354839,3113.567741935484,0.4161290322580645,-0.16732179451847584,balanced
レイトギャップ,20251008,2025-10-08,8,10,202510,水,Wed2,0,0,8-14,309,309,948319,-20831,-67.41423948220064,3068.9935275080907,0.37540453074433655,-2.1966237099541397,under_budget
レイトギャップ,20251009,2025-10-09,9,10,202510,木,Thu2,0,0,8-14,337,337,953884,-28963,-85.94362017804154,2830.5163204747773,0.37091988130563797,-3.0363230749231565,under_budget
レイトギャップ,20251010,2025-10-10,10,10,202510,金,Fri2,0,0,8-14,233,233,395371,-21377,-91.74678111587983,1696.871244635193,0.3905579399141631,-5.406820429419456,under_budget
レイトギャップ,20251011,2025-10-11,11,10,202510,土,Sat2,1,0,8-14,368,368,1357045,-60107,-163.33423913043478,3687.6222826086955,0.37771739130434784,-4.429256214790224,under_budget
レイトギャップ,20251012,2025-10-12,12,10,202510,日,Sun2,1,0,8-14,368,368,1439606,-19697,-53.52445652173913,3911.9728260869565,0.3967391304347826,-1.368221582849752,under_budget
レイトギャップ,20251013,2025-10-13,13,10,202510,月,Mon2,0,0,8-14,377,377,1428805,-155545,-412.58620689655174,3789.9336870026527,0.2917771883289125,-10.886370078492167,under_budget
レイトギャップ,20251014,2025-10-14,14,10,202510,火,Tue2,0,0,8-14,314,314,937785,20301,64.65286624203821,2986.576433121019,0.40764331210191085,2.1647819063004845,over_budget
レイトギャップ,20251015,2025-10-15,15,10,202510,水,Wed3,0,0,15-21,328,328,936025,-106304,-324.0975609756098,2853.734756097561,0.3323170731707317,-11.35696161961486,under_budget
レイトギャップ,20251016,2025-10-16,16,10,202510,木,Thu3,0,1,15-21,390,390,1922814,193338,495.73846153846154,4930.292307692308,0.4666666666666667,10.054950712861462,over_budget
レイトギャップ,20251017,2025-10-17,17,10,202510,金,Fri3,0,0,15-21,333,333,994696,-30089,-90.35735735735736,2987.075075075075,0.39039039039039036,-3.0249443045915534,under_budget
レイトギャップ,20251018,2025-10-18,18,10,202510,土,Sat3,1,0,15-21,369,369,1329634,-135811,-368.05149051490514,3603.3441734417343,0.3252032520325203,-10.21416419856893,under_budget
レイトギャップ,20251019,2025-10-19,19,10,202510,日,Sun3,1,0,15-21,390,390,2044028,176611,452.84871794871793,5241.097435897436,0.48205128205128206,8.640341521740407,over_budget
レイトギャップ,20251020,2025-10-20,20,10,202510,月,Mon3,0,0,15-21,336,336,918384,-3587,-10.675595238095237,2733.285714285714,0.4017857142857143,-0.3905773619749473,balanced
レイトギャップ,20251021,2025-10-21,21,10,202510,火,Tue3,0,0,15-21,338,338,952724,-62391,-184.5887573964497,2818.7100591715975,0.32840236686390534,-6.548696159643297,under_budget
レイトギャップ,20251022,2025-10-22,22,10,202510,水,Wed4,0,0,22-28,307,307,750945,9755,31.775244299674267,2446.074918566775,0.41368078175895767,1.2990298890065184,over_budget
レイトギャップ,20251023,2025-10-23,23,10,202510,木,Thu4,0,0,22-28,169,169,211502,-9561,-56.57396449704142,1251.491124260355,0.39644970414201186,-4.5205246286087135,under_budget
レイトギャップ,20251024,2025-10-24,24,10,202510,金,Fri4,0,0,22-28,326,326,840160,-7357,-22.567484662576685,2577.1779141104294,0.39263803680981596,-0.8756665397067225,balanced
レイトギャップ,20251025,2025-10-25,25,10,202510,土,Sat4,1,0,22-28,372,372,1430828,24648,66.25806451612904,3846.3118279569894,0.4112903225806452,1.722638919562659,over_budget
レイトギャップ,20251026,2025-10-26,26,10,202510,日,Sun4,1,1,22-28,389,389,2368501,74427,191.32904884318765,6088.691516709511,0.43958868894601544,3.1423672609806794,over_budget
レイトギャップ,20251027,2025-10-27,27,10,202510,月,Mon4,0,0,22-28,322,322,959800,51931,161.27639751552795,2980.745341614907,0.4409937888198758,5.410606376328402,over_budget
レイトギャップ,20251028,2025-10-28,28,10,202510,火,Tue4,0,0,22-28,337,337,937717,-80585,-239.1246290801187,2782.5430267062316,0.35014836795252224,-8.593744168016576,under_budget
レイトギャップ,20251029,2025-10-29,29,10,202510,水,Wed5,0,0,29-31,319,319,894920,2899,9.087774294670846,2805.3918495297808,0.4169278996865204,0.32393957001743173,balanced
レイトギャップ,20251030,2025-10-30,30,10,202510,木,Thu5,0,0,29-31,349,349,1163520,22693,65.02292263610315,3333.868194842407,0.3954154727793696,1.9503747249724972,over_budget
レイトギャップ,20251031,2025-10-31,31,10,202510,金,Fri5,0,0,29-31,333,333,873367,4150,12.462462462462462,2622.7237237237237,0.36036036036036034,0.4751725219752979,balanced
レイトギャップ,20251101,2025-11-01,1,11,202511,土,Sat1,1,0,1-7,388,388,1773378,-76067,-196.04896907216494,4570.561855670103,0.3943298969072165,-4.289384440316729,under_budget
レイトギャップ,20251102,2025-11-02,2,11,202511,日,Sun1,1,0,1-7,381,381,1607113,76969,202.01837270341207,4218.14435695538,0.43832020997375326,4.789271196238223,over_budget
レイトギャップ,20251103,2025-11-03,3,11,202511,月,Mon1,0,0,1-7,378,378,1448045,-62484,-165.3015873015873,3830.8068783068784,0.3835978835978836,-4.315059269566899,under_budget
レイトギャップ,20251104,2025-11-04,4,11,202511,火,Tue1,0,0,1-7,335,335,1093350,-42660,-127.34328358208955,3263.731343283582,0.373134328358209,-3.9017697900946633,under_budget
レイトギャップ,20251105,2025-11-05,5,11,202511,水,Wed1,0,0,1-7,337,337,1037061,52398,155.48367952522256,3077.33234421365,0.4065281899109792,5.052547535776584,over_budget
レイトギャップ,20251106,2025-11-06,6,11,202511,木,Thu1,0,1,1-7,388,388,1871868,104147,268.4201030927835,4824.40206185567,0.4484536082474227,5.563800438919839,over_budget
レイトギャップ,20251107,2025-11-07,7,11,202511,金,Fri1,0,0,1-7,339,339,994544,-13114,-38.684365781710916,2933.758112094395,0.37168141592920356,-1.318594250229251,under_budget
レイトギャップ,20251108,2025-11-08,8,11,202511,土,Sat2,1,0,8-14,353,353,1230381,-142085,-402.5070821529745,3485.498583569405,0.28611898016997167,-11.548048937686781,under_budget
レイトギャップ,20251109,2025-11-09,9,11,202511,日,Sun2,1,0,8-14,378,378,1547213,-72968,-193.03703703703704,4093.1560846560847,0.373015873015873,-4.716092742240403,under_budget
レイトギャップ,20251110,2025-11-10,10,11,202511,月,Mon2,0,0,8-14,336,336,1020733,-51625,-153.64583333333334,3037.8958333333335,0.37797619047619047,-5.057639950898031,under_budget
レイトギャップ,20251111,2025-11-11,11,11,202511,火,Tue2,0,0,8-14,352,352,1189672,-15515,-44.07670454545455,3379.75,0.38920454545454547,-1.3041409733102904,under_budget
レイトギャップ,20251112,2025-11-12,12,11,202511,水,Wed2,0,0,8-14,319,319,881072,-5294,-16.595611285266457,2761.9811912225705,0.3793103448275862,-0.6008589536382952,balanced
レイトギャップ,20251113,2025-11-13,13,11,202511,木,Thu2,0,0,8-14,293,293,707530,-42108,-143.7133105802048,2414.778156996587,0.310580204778157,-5.951408420844346,under_budget
レイトギャップ,20251114,2025-11-14,14,11,202511,金,Fri2,0,0,8-14,335,335,979384,-49676,-148.2865671641791,2923.5343283582088,0.39104477611940297,-5.072167811604029,under_budget
レイトギャップ,20251115,2025-11-15,15,11,202511,土,Sat3,1,0,15-21,380,380,1420205,-51719,-136.10263157894738,3737.3815789473683,0.3815789473684211,-3.641657366366123,under_budget
レイトギャップ,20251116,2025-11-16,16,11,202511,日,Sun3,1,1,15-21,390,390,2395880,101199,259.4846153846154,6143.282051282052,0.45897435897435895,4.2238759871112075,over_budget
レイトギャップ,20251117,2025-11-17,17,11,202511,月,Mon3,0,0,15-21,315,315,879362,39683,125.97777777777777,2791.625396825397,0.4,4.512703528239792,over_budget
レイトギャップ,20251118,2025-11-18,18,11,202511,火,Tue3,0,0,15-21,312,312,905660,-35561,-113.9775641025641,2902.75641025641,0.3717948717948718,-3.9265287193869667,under_budget
レイトギャップ,20251119,2025-11-19,19,11,202511,水,Wed3,0,0,15-21,389,389,1736535,52032,133.75835475578407,4464.100257069409,0.3856041131105398,2.9963116205547253,over_budget
レイトギャップ,20251120,2025-11-20,20,11,202511,木,Thu3,0,0,15-21,323,323,939576,-43947,-136.05882352941177,2908.9040247678017,0.38699690402476783,-4.677322536974125,under_budget
レイトギャップ,20251121,2025-11-21,21,11,202511,金,Fri3,0,0,15-21,330,330,965153,63562,192.61212121212122,2924.7060606060604,0.4575757575757576,6.585691595011362,over_budget
レイトギャップ,20251122,2025-11-22,22,11,202511,土,Sat4,1,0,22-28,370,370,1329550,-69201,-187.02972972972972,3593.3783783783783,0.36486486486486486,-5.204843744123952,under_budget
レイトギャップ,20251123,2025-11-23,23,11,202511,日,Sun4,1,0,22-28,370,370,1344299,-103869,-280.727027027027,3633.2405405405407,0.3567567567567568,-7.7266292692325145,under_budget
レイトギャップ,20251124,2025-11-24,24,11,202511,月,Mon4,0,0,22-28,375,375,1522870,-45988,-122.63466666666666,4060.9866666666667,0.384,-3.0198244104880914,under_budget
レイトギャップ,20251125,2025-11-25,25,11,202511,火,Tue4,0,0,22-28,336,336,950693,-27124,-80.72619047619048,2829.4434523809523,0.35714285714285715,-2.8530766504013387,under_budget
レイトギャップ,20251126,2025-11-26,26,11,202511,水,Wed4,0,1,22-28,384,384,1946296,127781,332.7630208333333,5068.479166666667,0.4635416666666667,6.565342578929413,over_budget
レイトギャップ,20251127,2025-11-27,27,11,202511,木,Thu4,0,0,22-28,315,315,837218,-75258,-238.9142857142857,2657.8349206349208,0.3238095238095238,-8.989056613689625,under_budget
レイトギャップ,20251128,2025-11-28,28,11,202511,金,Fri4,0,0,22-28,332,332,910176,-38265,-115.25602409638554,2741.4939759036147,0.3885542168674699,-4.204131948106739,under_budget
レイトギャップ,20251129,2025-11-29,29,11,202511,土,Sat5,1,0,29-31,384,384,1455898,-114769,-298.8776041666667,3791.4010416666665,0.3307291666666667,-7.8830385095659175,under_budget
レイトギャップ,20251130,2025-11-30,30,11,202511,日,Sun5,1,0,29-31,382,382,1702397,8186,21.42931937172775,4456.5366492146595,0.4424083769633508,0.4808514112748084,balanced
レイトギャップ,20251201,2025-12-01,1,12,202512,月,Mon1,0,0,1-7,331,331,1026826,-44394,-134.12084592145015,3102.1933534743202,0.39274924471299094,-4.3234199367760455,under_budget
レイトギャップ,20251202,2025-12-02,2,12,202512,火,Tue1,0,0,1-7,326,326,894714,-39344,-120.68711656441718,2744.521472392638,0.37423312883435583,-4.397382850832781,under_budget
レイトギャップ,20251203,2025-12-03,3,12,202512,水,Wed1,0,0,1-7,319,319,882025,-49367,-154.75548589341693,2764.9686520376176,0.3887147335423197,-5.597006887559877,under_budget
レイトギャップ,20251204,2025-12-04,4,12,202512,木,Thu1,0,0,1-7,337,337,1025154,-11300,-33.531157270029674,3042.0,0.4035608308605341,-1.10227341453089,under_budget
レイトギャップ,20251205,2025-12-05,5,12,202512,金,Fri1,0,0,1-7,331,331,977842,12742,38.49546827794562,2954.2054380664654,0.3806646525679758,1.303073502672211,over_budget
レイトギャップ,20251206,2025-12-06,6,12,202512,土,Sat1,1,1,1-7,389,389,2232048,-59248,-152.30848329048843,5737.912596401028,0.40616966580976865,-2.654423202368408,under_budget
レイトギャップ,20251207,2025-12-07,7,12,202512,日,Sun1,1,0,1-7,378,378,1486472,7476,19.77777777777778,3932.4656084656085,0.42592592592592593,0.5029358104289889,balanced
レイトギャップ,20251208,2025-12-08,8,12,202512,月,Mon2,0,0,8-14,330,330,1030301,8223,24.918181818181818,3122.1242424242423,0.403030303030303,0.798116278640902,balanced
レイトギャップ,20251209,2025-12-09,9,12,202512,火,Tue2,0,0,8-14,326,326,953157,-40005,-122.71472392638037,2923.794478527607,0.34355828220858897,-4.197104988999714,under_budget
レイトギャップ,20251210,2025-12-10,10,12,202512,水,Wed2,0,0,8-14,336,336,1075552,2532,7.535714285714286,3201.0476190476193,0.40773809523809523,0.23541400136859958,balanced
レイトギャップ,20251212,2025-12-12,12,12,202512,金,Fri2,0,0,8-14,336,336,1000188,-104669,-311.51488095238096,2976.75,0.3333333333333333,-10.464932592672579,under_budget
レイトギャップ,20251213,2025-12-13,13,12,202512,土,Sat2,1,0,8-14,371,371,1386584,-45231,-121.91644204851752,3737.423180592992,0.3746630727762803,-3.262045429631382,under_budget
レイトギャップ,20251214,2025-12-14,14,12,202512,日,Sun2,1,0,8-14,367,367,1303527,-85480,-232.91553133514986,3551.8446866485015,0.3460490463215259,-6.55759336016822,under_budget
レイトギャップ,20251215,2025-12-15,15,12,202512,月,Mon3,0,0,15-21,353,353,1156768,-11509,-32.60339943342776,3276.9631728045324,0.3654390934844193,-0.9949272455669589,balanced
レイトギャップ,20251216,2025-12-16,16,12,202512,火,Tue3,0,1,15-21,387,387,2093980,197029,509.1188630490956,5410.8010335917315,0.4806201550387597,9.409306679146887,over_budget
レイトギャップ,20251217,2025-12-17,17,12,202512,水,Wed3,0,0,15-21,335,335,1046281,11200,33.43283582089552,3123.226865671642,0.42686567164179107,1.070458127405544,over_budget
レイトギャップ,20251218,2025-12-18,18,12,202512,木,Thu3,0,0,15-21,304,304,869856,-51307,-168.77302631578948,2861.3684210526317,0.34210526315789475,-5.898332597579369,under_budget
レイトギャップ,20251219,2025-12-19,19,12,202512,金,Fri3,0,0,15-21,381,381,1589940,53986,141.6955380577428,4173.070866141732,0.4068241469816273,3.3954740430456494,over_budget
レイトギャップ,20251220,2025-12-20,20,12,202512,土,Sat3,1,0,15-21,371,371,1507461,-59076,-159.23450134770889,4063.2371967654985,0.37735849056603776,-3.9189073548171396,under_budget
レイトギャップ,20251221,2025-12-21,21,12,202512,日,Sun3,1,0,15-21,379,379,1469339,-47156,-124.4221635883905,3876.883905013193,0.39577836411609496,-3.2093342652716625,under_budget
レイトギャップ,20251222,2025-12-22,22,12,202512,月,Mon4,0,0,22-28,341,341,1092711,-32128,-94.21700879765396,3204.4310850439883,0.3460410557184751,-2.940210174510918,under_budget
レイトギャップ,20251223,2025-12-23,23,12,202512,火,Tue4,0,0,22-28,339,339,1012401,-100752,-297.20353982300884,2986.433628318584,0.3392330383480826,-9.951787878518491,under_budget
レイトギャップ,20251224,2025-12-24,24,12,202512,水,Wed4,0,0,22-28,308,308,855396,-49978,-162.26623376623377,2777.2597402597403,0.36038961038961037,-5.842674036352754,under_budget
レイトギャップ,20251225,2025-12-25,25,12,202512,木,Thu4,0,0,22-28,347,347,978884,-123433,-355.71469740634006,2820.991354466859,0.3314121037463977,-12.609563543790683,under_budget
レイトギャップ,20251226,2025-12-26,26,12,202512,金,Fri4,0,1,22-28,390,390,2170858,92411,236.95128205128205,5566.302564102564,0.44358974358974357,4.256888290252057,over_budget
レイトギャップ,20251227,2025-12-27,27,12,202512,土,Sat4,1,0,22-28,388,388,1678482,-27774,-71.58247422680412,4325.984536082474,0.40463917525773196,-1.6547094338813284,under_budget
レイトギャップ,20251228,2025-12-28,28,12,202512,日,Sun4,1,0,22-28,387,387,1767540,-91040,-235.2454780361757,4567.2868217054265,0.3643410852713178,-5.150661371171232,under_budget
レイトギャップ,20251229,2025-12-29,29,12,202512,月,Mon5,0,0,29-31,381,381,1624181,-99370,-260.81364829396324,4262.942257217847,0.3543307086614173,-6.118160475956805,under_budget
レイトギャップ,20251230,2025-12-30,30,12,202512,火,Tue5,0,0,29-31,389,389,1880136,20507,52.717223650385606,4833.254498714653,0.4241645244215938,1.090718969266053,over_budget
レイトギャップ,20251231,2025-12-31,31,12,202512,水,Wed5,0,0,29-31,385,385,1508570,-143631,-373.0675324675325,3918.3636363636365,0.3090909090909091,-9.52100333428346,under_budget
レイトギャップ,20260101,2026-01-01,1,1,202601,木,Thu1,0,0,1-7,379,379,1377597,-51170,-135.0131926121372,3634.820580474934,0.36147757255936674,-3.714438983244011,under_budget
レイトギャップ,20260102,2026-01-02,2,1,202601,金,Fri1,0,0,1-7,384,384,1490783,-93428,-243.30208333333334,3882.2473958333335,0.3151041666666667,-6.267042218753501,under_budget
レイトギャップ,20260103,2026-01-03,3,1,202601,土,Sat1,1,0,1-7,388,388,1718231,-21907,-56.46134020618557,4428.430412371134,0.4020618556701031,-1.2749740867205865,under_budget
レイトギャップ,20260104,2026-01-04,4,1,202601,日,Sun1,1,0,1-7,388,388,1673689,-141754,-365.3453608247423,4313.631443298969,0.34536082474226804,-8.46955437957709,under_budget
レイトギャップ,20260105,2026-01-05,5,1,202601,月,Mon1,0,0,1-7,358,358,1281144,-101994,-284.8994413407821,3578.6145251396647,0.3407821229050279,-7.961165957925105,under_budget
レイトギャップ,20260106,2026-01-06,6,1,202601,火,Tue1,0,1,1-7,390,390,2229821,63544,162.93333333333334,5717.489743589744,0.4282051282051282,2.8497354720401322,over_budget
レイトギャップ,20260107,2026-01-07,7,1,202601,水,Wed1,0,0,1-7,349,349,1207722,106902,306.30945558739256,3460.521489971347,0.4154727793696275,8.85154033792545,over_budget
レイトギャップ,20260108,2026-01-08,8,1,202601,木,Thu2,0,0,8-14,336,336,965510,-132853,-395.3958333333333,2873.5416666666665,0.3125,-13.759878199086492,under_budget
レイトギャップ,20260109,2026-01-09,9,1,202601,金,Fri2,0,0,8-14,349,349,1207545,28308,81.11174785100286,3460.0143266475643,0.4183381088825215,2.3442604623430183,over_budget
レイトギャップ,20260110,2026-01-10,10,1,202601,土,Sat2,1,0,8-14,383,383,1672592,-25104,-65.54569190600522,4367.08093994778,0.38642297650130547,-1.500903986148445,under_budget
レイトギャップ,20260111,2026-01-11,11,1,202601,日,Sun2,1,0,8-14,384,384,1851470,-40820,-106.30208333333333,4821.536458333333,0.3723958333333333,-2.2047346162778765,under_budget
レイトギャップ,20260112,2026-01-12,12,1,202601,月,Mon2,0,0,8-14,385,385,1656738,-81719,-212.25714285714287,4303.215584415584,0.34805194805194806,-4.93252403216441,under_budget
レイトギャップ,20260113,2026-01-13,13,1,202601,火,Tue2,0,0,8-14,349,349,1064244,9466,27.12320916905444,3049.4097421203437,0.4326647564469914,0.8894576807574204,balanced
レイトギャップ,20260114,2026-01-14,14,1,202601,水,Wed2,0,0,8-14,345,345,1128956,-49095,-142.30434782608697,3272.336231884058,0.36231884057971014,-4.348708009878153,under_budget
レイトギャップ,20260115,2026-01-15,15,1,202601,木,Thu3,0,0,15-21,338,338,1007757,-10342,-30.597633136094675,2981.5295857988167,0.378698224852071,-1.0262394605048637,under_budget
レイトギャップ,20260116,2026-01-16,16,1,202601,金,Fri3,0,1,15-21,389,389,2147192,-3980,-10.231362467866324,5519.773778920308,0.4370179948586118,-0.1853583657167128,balanced
レイトギャップ,20260117,2026-01-17,17,1,202601,土,Sat3,1,0,15-21,387,387,1943282,90278,233.2764857881137,5021.400516795866,0.4444444444444444,4.645645871263151,over_budget
レイトギャップ,20260118,2026-01-18,18,1,202601,日,Sun3,1,0,15-21,388,388,1885298,-77680,-200.20618556701032,4859.015463917526,0.3943298969072165,-4.120303527612081,under_budget
レイトギャップ,20260119,2026-01-19,19,1,202601,月,Mon3,0,0,15-21,385,385,1711081,180322,468.36883116883115,4444.366233766234,0.43636363636363634,10.538484151247077,over_budget
レイトギャップ,20260120,2026-01-20,20,1,202601,火,Tue3,0,0,15-21,335,335,1027307,28039,83.69850746268656,3066.5880597014925,0.4059701492537313,2.7293691175082033,over_budget
レイトギャップ,20260121,2026-01-21,21,1,202601,水,Wed3,0,0,15-21,372,372,1273384,-21881,-58.81989247311828,3423.0752688172042,0.3629032258064516,-1.7183347678312275,under_budget
レイトギャップ,20260122,2026-01-22,22,1,202601,木,Thu4,0,0,22-28,341,341,1052923,32681,95.83870967741936,3087.75073313783,0.41642228739002934,3.103835703085601,over_budget
レイトギャップ,20260123,2026-01-23,23,1,202601,金,Fri4,0,0,22-28,351,351,1142893,-43288,-123.32763532763532,3256.105413105413,0.3646723646723647,-3.7875811646409594,under_budget
レイトギャップ,20260124,2026-01-24,24,1,202601,土,Sat4,1,0,22-28,386,386,1798357,-55082,-142.69948186528498,4658.9559585492225,0.4015544041450777,-3.062906864432368,under_budget
レイトギャップ,20260125,2026-01-25,25,1,202601,日,Sun4,1,0,22-28,386,386,1739034,-95869,-248.36528497409327,4505.269430051813,0.38860103626943004,-5.512773183273013,under_budget
レイトギャップ,20260126,2026-01-26,26,1,202601,月,Mon4,0,1,22-28,389,389,2201337,15101,38.82005141388175,5658.964010282776,0.4138817480719794,0.6859921947434673,balanced
レイトギャップ,20260127,2026-01-27,27,1,202601,火,Tue4,0,0,22-28,348,348,1237723,41729,119.91091954022988,3556.675287356322,0.3879310344827586,3.3714328650271503,over_budget
レイトギャップ,20260128,2026-01-28,28,1,202601,水,Wed4,0,0,22-28,336,336,987137,1902,5.660714285714286,2937.907738095238,0.37797619047619047,0.19267842254925102,balanced
レイトギャップ,20260129,2026-01-29,29,1,202601,木,Thu5,0,0,29-31,321,321,889851,-78374,-244.1557632398754,2772.121495327103,0.29595015576323985,-8.807541936796161,under_budget
レイトギャップ,20260130,2026-01-30,30,1,202601,金,Fri5,0,0,29-31,359,359,1329658,-56059,-156.15320334261838,3703.782729805014,0.3955431754874652,-4.2160465322661915,under_budget
レイトギャップ,20260131,2026-01-31,31,1,202601,土,Sat5,1,0,29-31,382,382,1747749,-92201,-241.36387434554973,4575.259162303665,0.36387434554973824,-5.2754142614299875,under_budget
レイトギャップ,20260201,2026-02-01,1,2,202602,日,Sun1,1,0,1-7,383,383,1761805,-121903,-318.2845953002611,4600.013054830287,0.381201044386423,-6.91921069584886,under_budget
レイトギャップ,20260202,2026-02-02,2,2,202602,月,Mon1,0,0,1-7,348,348,1174140,-23584,-67.77011494252874,3373.9655172413795,0.3649425287356322,-2.0086190743863592,under_budget
レイトギャップ,20260203,2026-02-03,3,2,202602,火,Tue1,0,0,1-7,352,352,1137444,47131,133.89488636363637,3231.375,0.375,4.143588607439135,over_budget
レイトギャップ,20260204,2026-02-04,4,2,202602,水,Wed1,0,0,1-7,362,362,1379616,-34721,-95.91436464088397,3811.0939226519336,0.4005524861878453,-2.516714796001206,under_budget
レイトギャップ,20260205,2026-02-05,5,2,202602,木,Thu1,0,0,1-7,355,355,1186609,-131484,-370.37746478873237,3342.5605633802816,0.3295774647887324,-11.080650829380192,under_budget
レイトギャップ,20260206,2026-02-06,6,2,202602,金,Fri1,0,1,1-7,386,386,2131488,1994,5.16580310880829,5521.989637305699,0.38341968911917096,0.09354967046495219,balanced
レイトギャップ,20260207,2026-02-07,7,2,202602,土,Sat1,1,0,1-7,379,379,1686488,-71396,-188.37994722955145,4449.836411609499,0.39577836411609496,-4.2334128674499905,under_budget
レイトギャップ,20260208,2026-02-08,8,2,202602,日,Sun2,1,0,8-14,380,380,1491591,-171340,-450.89473684210526,3925.2394736842107,0.35526315789473684,-11.487063142644331,under_budget
レイトギャップ,20260209,2026-02-09,9,2,202602,月,Mon2,0,0,8-14,350,350,1077346,-34102,-97.43428571428572,3078.1314285714284,0.38857142857142857,-3.165371199224762,under_budget
レイトギャップ,20260210,2026-02-10,10,2,202602,火,Tue2,0,0,8-14,348,348,1136412,-39017,-112.11781609195403,3265.551724137931,0.3620689655172414,-3.4333498766292507,under_budget
レイトギャップ,20260211,2026-02-11,11,2,202602,水,Wed2,0,0,8-14,385,385,1779812,-80317,-208.6155844155844,4622.888311688312,0.35324675324675325,-4.512667630064299,under_budget
レイトギャップ,20260212,2026-02-12,12,2,202602,木,Thu2,0,0,8-14,324,324,977904,18031,55.651234567901234,3018.222222222222,0.4074074074074074,1.8438415222762152,over_budget
レイトギャップ,20260213,2026-02-13,13,2,202602,金,Fri2,0,0,8-14,358,358,1238325,-12746,-35.60335195530726,3459.0083798882683,0.3770949720670391,-1.029293602244968,under_budget
レイトギャップ,20260214,2026-02-14,14,2,202602,土,Sat2,1,0,8-14,386,386,1805301,3023,7.831606217616581,4676.945595854922,0.4326424870466321,0.1674513003648699,balanced
レイトギャップ,20260215,2026-02-15,15,2,202602,日,Sun3,1,0,15-21,387,387,1736708,-63590,-164.3152454780362,4487.617571059432,0.3798449612403101,-3.661525138365229,under_budget
レイトギャップ,20260216,2026-02-16,16,2,202602,月,Mon3,0,1,15-21,388,388,2240840,10326,26.61340206185567,5775.360824742268,0.4097938144329897,0.4608093393548848,balanced
レイトギャップ,20260217,2026-02-17,17,2,202602,火,Tue3,0,0,15-21,339,339,1110428,-27311,-80.56342182890856,3275.5988200589973,0.3834808259587021,-2.4595021018922436,under_budget
レイトギャップ,20260218,2026-02-18,18,2,202602,水,Wed3,0,0,15-21,349,349,967669,-26553,-76.08309455587393,2772.6905444126073,0.35816618911174786,-2.744016807400051,under_budget
レイトギャップ,20260219,2026-02-19,19,2,202602,木,Thu3,0,0,15-21,378,378,1688568,88011,232.83333333333334,4467.111111111111,0.42592592592592593,5.21216794348821,over_budget
レイトギャップ,20260220,2026-02-20,20,2,202602,金,Fri3,0,0,15-21,353,353,1035655,-91571,-259.40793201133147,2933.8668555240793,0.35127478753541075,-8.841844050383575,under_budget
レイトギャップ,20260221,2026-02-21,21,2,202602,土,Sat3,1,0,15-21,388,388,1985495,55448,142.90721649484536,5117.255154639175,0.45103092783505155,2.7926537211123676,over_budget
レイトギャップ,20260222,2026-02-22,22,2,202602,日,Sun4,1,0,22-28,384,384,1806828,-76497,-199.2109375,4705.28125,0.3880208333333333,-4.23377322025118,under_budget
レイトギャップ,20260223,2026-02-23,23,2,202602,月,Mon4,0,0,22-28,387,387,1552288,-98537,-254.61757105943153,4011.0801033591733,0.34366925064599485,-6.3478555525778715,under_budget
レイトギャップ,20260224,2026-02-24,24,2,202602,火,Tue4,0,0,22-28,338,338,963809,-27874,-82.46745562130178,2851.505917159763,0.35798816568047337,-2.892066789166733,under_budget
レイトギャップ,20260225,2026-02-25,25,2,202602,水,Wed4,0,0,22-28,334,334,1002757,43887,131.39820359281438,3002.2664670658683,0.41317365269461076,4.376633621106609,over_budget
レイトギャップ,20260226,2026-02-26,26,2,202602,木,Thu4,0,1,22-28,388,388,2111691,99560,256.5979381443299,5442.5025773195875,0.43556701030927836,4.7147049449943195,over_budget
レイトギャップ,20260227,2026-02-27,27,2,202602,金,Fri4,0,0,22-28,366,366,1133760,-37912,-103.5846994535519,3097.7049180327867,0.35792349726775957,-3.3439175839683886,under_budget
レイトギャップ,20260228,2026-02-28,28,2,202602,土,Sat4,1,0,22-28,385,385,1702306,-118857,-308.7194805194805,4421.574025974026,0.35064935064935066,-6.982117198670509,under_budget
レイトギャップ,20260301,2026-03-01,1,3,202603,日,Sun1,1,0,1-7,385,385,1805515,-45470,-118.1038961038961,4689.649350649351,0.4155844155844156,-2.518395028565257,under_budget
レイトギャップ,20260302,2026-03-02,2,3,202603,月,Mon1,0,0,1-7,355,355,1211611,-39040,-109.97183098591549,3412.9887323943663,0.3492957746478873,-3.2221562861347413,under_budget
レイトギャップ,20260303,2026-03-03,3,3,202603,火,Tue1,0,0,1-7,341,341,1011149,4745,13.914956011730204,2965.24633431085,0.3782991202346041,0.469268129622835,balanced
レイトギャップ,20260304,2026-03-04,4,3,202603,水,Wed1,0,0,1-7,370,370,1225555,-53362,-144.2216216216216,3312.310810810811,0.37027027027027026,-4.354108954718475,under_budget
レイトギャップ,20260305,2026-03-05,5,3,202603,木,Thu1,0,0,1-7,341,341,1023555,-85846,-251.74780058651027,3001.6275659824046,0.33724340175953077,-8.387043197483282,under_budget
レイトギャップ,20260306,2026-03-06,6,3,202603,金,Fri1,0,1,1-7,389,389,2183043,88829,228.35218508997428,5611.935732647815,0.43958868894601544,4.069044906582234,over_budget
レイトギャップ,20260307,2026-03-07,7,3,202603,土,Sat1,1,0,1-7,383,383,1689305,-52592,-137.3159268929504,4410.718015665796,0.39425587467362927,-3.1132329567484853,under_budget
レイトギャップ,20260308,2026-03-08,8,3,202603,日,Sun2,1,0,8-14,378,378,1548787,-38232,-101.14285714285714,4097.320105820106,0.4021164021164021,-2.4685124552310937,under_budget
レイトギャップ,20260309,2026-03-09,9,3,202603,月,Mon2,0,0,8-14,352,352,1090609,-10496,-29.818181818181817,3098.3210227272725,0.3806818181818182,-0.9623980730032486,balanced
レイトギャップ,20260310,2026-03-10,10,3,202603,火,Tue2,0,0,8-14,341,341,1008437,-121859,-357.3577712609971,2957.293255131965,0.30498533724340177,-12.083947732976874,under_budget
レイトギャップ,20260311,2026-03-11,11,3,202603,水,Wed2,0,0,8-14,343,343,1021723,-13085,-38.14868804664723,2978.7842565597666,0.37900874635568516,-1.2806797928597087,under_budget
レイトギャップ,20260312,2026-03-12,12,3,202603,木,Thu2,0,0,8-14,341,341,1070288,-77707,-227.87976539589442,3138.674486803519,0.33724340175953077,-7.260382252253598,under_budget
レイトギャップ,20260313,2026-03-13,13,3,202603,金,Fri2,0,0,8-14,360,360,1180549,23212,64.47777777777777,3279.302777777778,0.41944444444444445,1.9662038593908426,over_budget
レイトギャップ,20260314,2026-03-14,14,3,202603,土,Sat2,1,0,8-14,386,386,1899492,9168,23.751295336787564,4920.963730569948,0.422279792746114,0.48265536259168246,balanced
レイトギャップ,20260315,2026-03-15,15,3,202603,日,Sun3,1,0,15-21,387,387,1528854,3625,9.366925064599483,3950.5271317829456,0.40568475452196384,0.23710570139463938,balanced
レイトギャップ,20260316,2026-03-16,16,3,202603,月,Mon3,0,1,15-21,387,387,1714674,85412,220.702842377261,4430.6821705426355,0.43669250645994834,4.9812384161654055,over_budget
レイトギャップ,20260317,2026-03-17,17,3,202603,火,Tue3,0,0,15-21,353,353,1121635,-51134,-144.8555240793201,3177.4362606232294,0.39660056657223797,-4.558880562749914,under_budget
レイトギャップ,20260318,2026-03-18,18,3,202603,水,Wed3,0,0,15-21,336,336,1003097,13510,40.208333333333336,2985.407738095238,0.4255952380952381,1.3468288709865546,over_budget
レイトギャップ,20260319,2026-03-19,19,3,202603,木,Thu3,0,0,15-21,378,378,1769978,26002,68.78835978835978,4682.481481481482,0.3915343915343915,1.4690578074981724,over_budget
レイトギャップ,20260320,2026-03-20,20,3,202603,金,Fri3,0,0,15-21,387,387,1639625,-161430,-417.13178294573646,4236.757105943152,0.3281653746770026,-9.84554395059846,under_budget
レイトギャップ,20260321,2026-03-21,21,3,202603,土,Sat3,1,0,15-21,385,385,1906738,114370,297.06493506493507,4952.566233766233,0.42597402597402595,5.998202165163751,over_budget
レイトギャップ,20260322,2026-03-22,22,3,202603,日,Sun4,1,0,22-28,381,381,1481085,-58207,-152.7742782152231,3887.3622047244094,0.3569553805774278,-3.9300242727459938,under_budget
レイトギャップ,20260323,2026-03-23,23,3,202603,月,Mon4,0,0,22-28,336,336,940272,-33714,-100.33928571428571,2798.4285714285716,0.3898809523809524,-3.5855582214508144,under_budget
レイトギャップ,20260324,2026-03-24,24,3,202603,火,Tue4,0,0,22-28,353,353,1054162,60153,170.40509915014164,2986.2946175637394,0.38526912181303113,5.706238699554717,over_budget
レイトギャップ,20260325,2026-03-25,25,3,202603,水,Wed4,0,0,22-28,344,344,998354,-77645,-225.7122093023256,2902.1918604651164,0.3546511627906977,-7.777301438167224,under_budget
レイトギャップ,20260326,2026-03-26,26,3,202603,木,Thu4,0,1,22-28,386,386,1934737,85628,221.8341968911917,5012.272020725389,0.4170984455958549,4.425821183964539,over_budget
レイトギャップ,20260327,2026-03-27,27,3,202603,金,Fri4,0,0,22-28,355,355,1060438,-41281,-116.28450704225352,2987.1492957746477,0.3267605633802817,-3.892825417421858,under_budget
レイトギャップ,20260328,2026-03-28,28,3,202603,土,Sat4,1,0,22-28,380,380,1552346,-12671,-33.34473684210526,4085.121052631579,0.39473684210526316,-0.8162484394587289,balanced
レイトギャップ,20260329,2026-03-29,29,3,202603,日,Sun5,1,0,29-31,384,384,1609655,-80424,-209.4375,4191.809895833333,0.3567708333333333,-4.9963501495662115,under_budget
レイトギャップ,20260330,2026-03-30,30,3,202603,月,Mon5,0,0,29-31,354,354,1130784,-9940,-28.07909604519774,3194.3050847457625,0.3728813559322034,-0.8790361377592891,balanced
レイトギャップ,20260331,2026-03-31,31,3,202603,火,Tue5,0,0,29-31,354,354,1047599,-25374,-71.67796610169492,2959.3192090395482,0.3728813559322034,-2.42210998674111,under_budget
レイトギャップ,20260401,2026-04-01,1,4,202604,水,Wed1,0,0,1-7,351,351,957068,-141698,-403.6980056980057,2726.6894586894587,0.33048433048433046,-14.805426573660387,under_budget
レイトギャップ,20260402,2026-04-02,2,4,202604,木,Thu1,0,0,1-7,342,342,946818,-27607,-80.72222222222223,2768.4736842105262,0.3362573099415205,-2.9157662824323154,under_budget
レイトギャップ,20260403,2026-04-03,3,4,202604,金,Fri1,0,0,1-7,339,339,1050164,-6524,-19.244837758112094,3097.828908554572,0.41887905604719766,-0.6212363021394753,balanced
レイトギャップ,20260404,2026-04-04,4,4,202604,土,Sat1,1,0,1-7,385,385,1815241,-92869,-241.21818181818182,4714.9116883116885,0.35584415584415585,-5.116069987401122,under_budget
レイトギャップ,20260405,2026-04-05,5,4,202604,日,Sun1,1,0,1-7,384,384,1683616,-64362,-167.609375,4384.416666666667,0.4114583333333333,-3.82284321365442,under_budget
レイトギャップ,20260406,2026-04-06,6,4,202604,月,Mon1,0,1,1-7,384,384,2075106,75405,196.3671875,5403.921875,0.4401041666666667,3.6337902738462518,over_budget
レイトギャップ,20260407,2026-04-07,7,4,202604,火,Tue1,0,0,1-7,348,348,1073692,-21716,-62.40229885057471,3085.32183908046,0.3448275862068966,-2.0225539540203332,under_budget
レイトギャップ,20260408,2026-04-08,8,4,202604,水,Wed2,0,0,8-14,344,344,1099793,-85201,-247.67732558139534,3197.0726744186045,0.3430232558139535,-7.747003299711855,under_budget
レイトギャップ,20260409,2026-04-09,9,4,202604,木,Thu2,0,0,8-14,344,344,1014414,-54143,-157.3924418604651,2948.8779069767443,0.3691860465116279,-5.337367189332955,under_budget
レイトギャップ,20260410,2026-04-10,10,4,202604,金,Fri2,0,0,8-14,322,322,934876,-81319,-252.54347826086956,2903.341614906832,0.34782608695652173,-8.698372832332844,under_budget
レイトギャップ,20260411,2026-04-11,11,4,202604,土,Sat2,1,0,8-14,388,388,1788071,-47924,-123.51546391752578,4608.430412371134,0.422680412371134,-2.680206770312812,under_budget
レイトギャップ,20260412,2026-04-12,12,4,202604,日,Sun2,1,0,8-14,382,382,1625634,-41425,-108.44240837696336,4255.586387434555,0.387434554973822,-2.5482365649340504,under_budget
レイトギャップ,20260413,2026-04-13,13,4,202604,月,Mon2,0,0,8-14,333,333,1001429,-14151,-42.4954954954955,3007.294294294294,0.39039039039039036,-1.4130807076687413,under_budget
レイトギャップ,20260414,2026-04-14,14,4,202604,火,Tue2,0,0,8-14,350,350,1196151,-17277,-49.362857142857145,3417.574285714286,0.40285714285714286,-1.4443828580170899,under_budget
レイトギャップ,20260415,2026-04-15,15,4,202604,水,Wed3,0,0,15-21,328,328,982820,-63812,-194.5487804878049,2996.4024390243903,0.3384146341463415,-6.492745365377179,under_budget
レイトギャップ,20260416,2026-04-16,16,4,202604,木,Thu3,0,1,15-21,389,389,1891323,80684,207.413881748072,4862.012853470437,0.4138817480719794,4.266008503042579,over_budget
レイトギャップ,20260417,2026-04-17,17,4,202604,金,Fri3,0,0,15-21,342,342,985286,-44344,-129.66081871345028,2880.9532163742692,0.34210526315789475,-4.50062215437954,under_budget
レイトギャップ,20260418,2026-04-18,18,4,202604,土,Sat3,1,0,15-21,389,389,1919460,137143,352.55269922879177,4934.344473007712,0.4704370179948586,7.144874079168099,over_budget
レイトギャップ,20260419,2026-04-19,19,4,202604,日,Sun3,1,0,15-21,389,389,2099684,61751,158.74293059125964,5397.645244215938,0.4318766066838046,2.940966354937219,over_budget
レイトギャップ,20260420,2026-04-20,20,4,202604,月,Mon3,0,0,15-21,359,359,1181209,-30775,-85.72423398328691,3290.275766016713,0.3955431754874652,-2.6053814354614637,under_budget
レイトギャップ,20260421,2026-04-21,21,4,202604,火,Tue3,0,0,15-21,349,349,1076587,-30470,-87.30659025787966,3084.776504297994,0.3753581661891118,-2.830240380015735,under_budget
レイトギャップ,20260422,2026-04-22,22,4,202604,水,Wed4,0,0,22-28,340,340,1168045,-20064,-59.01176470588236,3435.426470588235,0.3941176470588235,-1.717742039048153,under_budget
レイトギャップ,20260423,2026-04-23,23,4,202604,木,Thu4,0,0,22-28,340,340,973398,-92692,-272.6235294117647,2862.935294117647,0.3235294117647059,-9.522518024487415,under_budget
レイトギャップ,20260424,2026-04-24,24,4,202604,金,Fri4,0,0,22-28,373,373,1391264,46610,124.95978552278821,3729.930294906166,0.41823056300268097,3.3501909055362606,over_budget
レイトギャップ,20260425,2026-04-25,25,4,202604,土,Sat4,1,0,22-28,386,386,1787267,64401,166.8419689119171,4630.225388601037,0.44559585492227977,3.603322838725272,over_budget
レイトギャップ,20260426,2026-04-26,26,4,202604,日,Sun4,1,1,22-28,390,390,2372764,122286,313.55384615384617,6084.010256410256,0.4307692307692308,5.153736317644738,over_budget
レイトギャップ,20260427,2026-04-27,27,4,202604,月,Mon4,0,0,22-28,363,363,1136508,-82865,-228.27823691460054,3130.876033057851,0.3526170798898072,-7.291193726748954,under_budget
レイトギャップ,20260428,2026-04-28,28,4,202604,火,Tue4,0,0,22-28,361,361,1175742,-93461,-258.89473684210526,3256.9030470914126,0.3545706371191136,-7.9491078825116395,under_budget
レイトギャップ,20260429,2026-04-29,29,4,202604,水,Wed5,0,0,29-31,390,390,1847971,-148599,-381.0230769230769,4738.387179487179,0.3923076923076923,-8.041197616196358,under_budget
レイトギャップ,20260430,2026-04-30,30,4,202604,木,Thu5,0,0,29-31,375,375,1445672,-50520,-134.72,3855.1253333333334,0.37333333333333335,-3.494568615840938,under_budget
レイトギャップ,20260501,2026-05-01,1,5,202605,金,Fri1,0,0,1-7,386,386,1641960,-46509,-120.48963730569949,4253.782383419689,0.37305699481865284,-2.8325294160637284,under_budget
レイトギャップ,20260502,2026-05-02,2,5,202605,土,Sat1,1,0,1-7,386,386,1643451,60553,156.87305699481865,4257.645077720207,0.39896373056994816,3.684502914902848,over_budget
レイトギャップ,20260503,2026-05-03,3,5,202605,日,Sun1,1,0,1-7,389,389,1826176,61552,158.23136246786632,4694.539845758355,0.43958868894601544,3.3705404079343944,over_budget
レイトギャップ,20260504,2026-05-04,4,5,202605,月,Mon1,0,0,1-7,388,388,1954504,-112925,-291.0438144329897,5037.381443298969,0.40463917525773196,-5.777680680111169,under_budget
レイトギャップ,20260505,2026-05-05,5,5,202605,火,Tue1,0,0,1-7,390,390,2009705,-83390,-213.82051282051282,5153.089743589743,0.3871794871794872,-4.149365205341082,under_budget
レイトギャップ,20260506,2026-05-06,6,5,202605,水,Wed1,0,1,1-7,390,390,2477832,61208,156.94358974358974,6353.415384615385,0.5230769230769231,2.470223969986666,over_budget
レイトギャップ,20260507,2026-05-07,7,5,202605,木,Thu1,0,0,1-7,367,367,1233741,-34672,-94.47411444141689,3361.692098092643,0.36239782016348776,-2.81031432042868,under_budget
レイトギャップ,20260508,2026-05-08,8,5,202605,金,Fri2,0,0,8-14,365,365,1249894,-44515,-121.95890410958904,3424.3671232876713,0.38082191780821917,-3.5615020153709036,under_budget
レイトギャップ,20260509,2026-05-09,9,5,202605,土,Sat2,1,0,8-14,389,389,1900097,7221,18.56298200514139,4884.5681233933165,0.4087403598971722,0.3800332298824744,balanced
レイトギャップ,20260510,2026-05-10,10,5,202605,日,Sun2,1,0,8-14,388,388,1683347,-13582,-35.00515463917526,4338.523195876289,0.39690721649484534,-0.8068449345262743,balanced
レイトギャップ,20260511,2026-05-11,11,5,202605,月,Mon2,0,0,8-14,352,352,1068810,-6275,-17.826704545454547,3036.3920454545455,0.3465909090909091,-0.5871015428373612,balanced
レイトギャップ,20260512,2026-05-12,12,5,202605,火,Tue2,0,0,8-14,335,335,1001182,-35515,-106.01492537313433,2988.6029850746268,0.3492537313432836,-3.547307083027861,under_budget
レイトギャップ,20260513,2026-05-13,13,5,202605,水,Wed2,0,0,8-14,333,333,971725,-60561,-181.86486486486487,2918.093093093093,0.37237237237237236,-6.232318814479405,under_budget
レイトギャップ,20260514,2026-05-14,14,5,202605,木,Thu2,0,0,8-14,349,349,1142672,-2526,-7.237822349570201,3274.131805157593,0.36962750716332377,-0.22106081185151996,balanced
レイトギャップ,20260515,2026-05-15,15,5,202605,金,Fri3,0,0,15-21,347,347,1163729,-51029,-147.05763688760806,3353.685878962536,0.3631123919308357,-4.384955603924968,under_budget
レイトギャップ,20260516,2026-05-16,16,5,202605,土,Sat3,1,1,15-21,387,387,2508274,171490,443.12661498708013,6481.328165374677,0.5090439276485789,6.836972356289624,over_budget
レイトギャップ,20260517,2026-05-17,17,5,202605,日,Sun3,1,0,15-21,386,386,1762060,30350,78.62694300518135,4564.922279792746,0.40932642487046633,1.7224158087692816,over_budget
レイトギャップ,20260518,2026-05-18,18,5,202605,月,Mon3,0,0,15-21,345,345,983966,-70110,-203.2173913043478,2852.0753623188407,0.3333333333333333,-7.125246197531215,under_budget
レイトギャップ,20260519,2026-05-19,19,5,202605,火,Tue3,0,0,15-21,386,386,1987611,84916,219.9896373056995,5149.251295336788,0.4274611398963731,4.272264542709816,over_budget
レイトギャップ,20260520,2026-05-20,20,5,202605,水,Wed3,0,0,15-21,351,351,1030106,-106147,-302.4131054131054,2934.774928774929,0.33903133903133903,-10.304473520200833,under_budget
レイトギャップ,20260521,2026-05-21,21,5,202605,木,Thu3,0,0,15-21,331,331,876637,1318,3.9818731117824773,2648.450151057402,0.3595166163141994,0.15034729312132616,balanced
レイトギャップ,20260522,2026-05-22,22,5,202605,金,Fri4,0,0,22-28,375,375,1386574,-37207,-99.21866666666666,3697.5306666666665,0.368,-2.683376437175369,under_budget
レイトギャップ,20260523,2026-05-23,23,5,202605,土,Sat4,1,0,22-28,382,382,1727934,-36320,-95.07853403141361,4523.387434554974,0.387434554973822,-2.101932133981969,under_budget
レイトギャップ,20260524,2026-05-24,24,5,202605,日,Sun4,1,0,22-28,388,388,1821306,-49858,-128.5,4694.087628865979,0.36597938144329895,-2.7374861775011996,under_budget
レイトギャップ,20260525,2026-05-25,25,5,202605,月,Mon4,0,0,22-28,349,349,1110272,-21227,-60.82234957020057,3181.295128939828,0.38108882521489973,-1.9118738471293522,under_budget
レイトギャップ,20260526,2026-05-26,26,5,202605,火,Tue4,0,1,22-28,388,388,2138625,-47942,-123.5618556701031,5511.920103092783,0.42783505154639173,-2.2417207317785963,under_budget
レイトギャップ,20260527,2026-05-27,27,5,202605,水,Wed4,0,0,22-28,362,362,1203267,-15187,-41.95303867403315,3323.941988950276,0.3756906077348066,-1.2621471377508067,under_budget
レイトギャップ,20260528,2026-05-28,28,5,202605,木,Thu4,0,0,22-28,359,359,1014403,-105989,-295.2339832869081,2825.635097493036,0.3398328690807799,-10.448411528751393,under_budget
レイトギャップ,20260529,2026-05-29,29,5,202605,金,Fri5,0,0,29-31,369,369,1145350,-50907,-137.95934959349594,3103.929539295393,0.34146341463414637,-4.4446675688654125,under_budget
レイトギャップ,20260530,2026-05-30,30,5,202605,土,Sat5,1,0,29-31,386,386,1789069,59884,155.13989637305698,4634.893782383419,0.4119170984455959,3.3472157865347842,over_budget
レイトギャップ,20260531,2026-05-31,31,5,202605,日,Sun5,1,0,29-31,388,388,1615529,70011,180.44072164948454,4163.734536082474,0.4536082474226804,4.3336269420109454,over_budget
レイトギャップ,20260601,2026-06-01,1,6,202606,月,Mon1,0,0,1-7,399,399,1453142,4134,10.360902255639099,3641.9598997493736,0.41353383458646614,0.28448699438871083,balanced
レイトギャップ,20260602,2026-06-02,2,6,202606,火,Tue1,0,0,1-7,377,377,1332821,45138,119.72944297082228,3535.3342175066314,0.41644562334217505,3.3866513207700057,over_budget
レイトギャップ,20260603,2026-06-03,3,6,202606,水,Wed1,0,0,1-7,412,412,1545190,15597,37.85679611650485,3750.4611650485435,0.3932038834951456,1.009390430950239,over_budget
レイトギャップ,20260604,2026-06-04,4,6,202606,木,Thu1,0,0,1-7,380,380,1302510,-30092,-79.18947368421053,3427.657894736842,0.3605263157894737,-2.3103085580916844,under_budget
レイトギャップ,20260605,2026-06-05,5,6,202606,金,Fri1,0,0,1-7,385,385,1207243,-17675,-45.90909090909091,3135.696103896104,0.3974025974025974,-1.4640797254570952,under_budget
レイトギャップ,20260606,2026-06-06,6,6,202606,土,Sat1,1,1,1-7,422,422,2963321,256219,607.154028436019,7022.087677725119,0.509478672985782,8.646346447111197,over_budget
レイトギャップ,20260607,2026-06-07,7,6,202606,日,Sun1,1,0,1-7,409,409,1686524,-70222,-171.6919315403423,4123.530562347189,0.39119804400978,-4.163711871280812,under_budget
レイトギャップ,20260608,2026-06-08,8,6,202606,月,Mon2,0,0,8-14,381,381,1211223,-29054,-76.25721784776903,3179.0629921259842,0.3779527559055118,-2.398732520766201,under_budget
レイトギャップ,20260609,2026-06-09,9,6,202606,火,Tue2,0,0,8-14,388,388,1208001,-126578,-326.2319587628866,3113.4046391752577,0.31958762886597936,-10.478302584186602,under_budget
レイトギャップ,20260610,2026-06-10,10,6,202606,水,Wed2,0,0,8-14,383,383,1168540,-109168,-285.03394255874673,3051.018276762402,0.3185378590078329,-9.342256148698375,under_budget
レイトギャップ,20260611,2026-06-11,11,6,202606,木,Thu2,0,0,8-14,366,366,1218639,-25074,-68.50819672131148,3329.6147540983607,0.35792349726775957,-2.0575412406791513,under_budget
レイトギャップ,20260613,2026-06-13,13,6,202606,土,Sat2,1,0,8-14,417,417,1878433,-129114,-309.62589928057554,4504.635491606715,0.36930455635491605,-6.87349508872555,under_budget
レイトギャップ,20260614,2026-06-14,14,6,202606,日,Sun2,1,0,8-14,410,410,1782675,-4771,-11.636585365853659,4347.987804878048,0.3804878048780488,-0.26763150882802533,balanced
レイトギャップ,20260615,2026-06-15,15,6,202606,月,Mon3,0,0,15-21,393,393,1132248,-121210,-308.42239185750634,2881.038167938931,0.33587786259541985,-10.705251852950944,under_budget
レイトギャップ,20260616,2026-06-16,16,6,202606,火,Tue3,0,1,15-21,418,418,2278689,-32407,-77.52870813397129,5451.409090909091,0.4043062200956938,-1.422177401128456,under_budget
レイトギャップ,20260617,2026-06-17,17,6,202606,水,Wed3,0,0,15-21,377,377,1141873,-100429,-266.38992042440316,3028.840848806366,0.33156498673740054,-8.795111190123595,under_budget
レイトギャップ,20260618,2026-06-18,18,6,202606,木,Thu3,0,0,15-21,366,366,1131072,-10280,-28.08743169398907,3090.3606557377047,0.3633879781420765,-0.908872291065467,balanced
レイトギャップ,20260619,2026-06-19,19,6,202606,金,Fri3,0,0,15-21,417,417,1988663,71637,171.79136690647482,4768.976019184653,0.41007194244604317,3.602269464459287,over_budget
レイトギャップ,20260620,2026-06-20,20,6,202606,土,Sat3,1,0,15-21,415,415,2144028,81229,195.73253012048193,5166.332530120482,0.43373493975903615,3.78861656657469,over_budget
レイトギャップ,20260621,2026-06-21,21,6,202606,日,Sun3,1,0,15-21,418,418,1837049,-28153,-67.35167464114832,4394.854066985646,0.40669856459330145,-1.5325121975516167,under_budget
レイトギャップ,20260622,2026-06-22,22,6,202606,月,Mon4,0,0,22-28,382,382,1287656,-2877,-7.531413612565445,3370.82722513089,0.39790575916230364,-0.22342923886503852,balanced
レイトギャップ,20260623,2026-06-23,23,6,202606,火,Tue4,0,0,22-28,378,378,1063940,-91078,-240.94708994708995,2814.6560846560847,0.328042328042328,-8.560445137883715,under_budget
レイトギャップ,20260624,2026-06-24,24,6,202606,水,Wed4,0,0,22-28,384,384,1195965,-45439,-118.33072916666667,3114.4921875,0.34375,-3.799358676884357,under_budget
レイトギャップ,20260625,2026-06-25,25,6,202606,木,Thu4,0,0,22-28,334,334,993559,-16034,-48.0059880239521,2974.72754491018,0.3772455089820359,-1.61379445005279,under_budget
レイトギャップ,20260626,2026-06-26,26,6,202606,金,Fri4,0,1,22-28,416,416,1958031,85448,205.40384615384616,4706.805288461538,0.4254807692307692,4.363975851250568,over_budget
レイトギャップ,20260627,2026-06-27,27,6,202606,土,Sat4,1,0,22-28,419,419,1787422,-4708,-11.236276849642005,4265.923627684964,0.40572792362768495,-0.2633961090330096,balanced
レイトギャップ,20260628,2026-06-28,28,6,202606,日,Sun4,1,0,22-28,414,414,1818870,-112981,-272.9009661835749,4393.405797101449,0.35990338164251207,-6.211603907920852,under_budget
レイトギャップ,20260629,2026-06-29,29,6,202606,月,Mon5,0,0,29-31,354,354,1045706,18017,50.8954802259887,2953.9717514124295,0.4096045197740113,1.722950810265983,over_budget
レイトギャップ,20260630,2026-06-30,30,6,202606,火,Tue5,0,0,29-31,379,379,1206408,18076,47.693931398416886,3183.1345646437994,0.41688654353562005,1.498332239176133,over_budget
レイトギャップ,20260701,2026-07-01,1,7,202607,水,Wed1,0,0,1-7,380,380,1165571,-59560,-156.73684210526315,3067.2921052631577,0.37105263157894736,-5.1099418225058795,under_budget
レイトギャップ,20260702,2026-07-02,2,7,202607,木,Thu1,0,0,1-7,374,374,1122901,-49371,-132.00802139037432,3002.409090909091,0.3449197860962567,-4.3967366669011785,under_budget
レイトギャップ,20260703,2026-07-03,3,7,202607,金,Fri1,0,0,1-7,394,394,1282853,-31592,-80.18274111675127,3255.972081218274,0.3756345177664975,-2.462636015194258,under_budget
レイトギャップ,20260704,2026-07-04,4,7,202607,土,Sat1,1,0,1-7,417,417,2148564,-44043,-105.61870503597122,5152.431654676259,0.3932853717026379,-2.049880757566449,under_budget
