hall,machine_name,period,dd,n,rb_rate_pooled,rb_rate_mean
レイトギャップ,アイムジャグラーEX-TP,full,1,353,0.00291768115942029,0.0028465495750708216
レイトギャップ,アイムジャグラーEX-TP,full,2,349,0.0029858528442858355,0.002847541547277937
レイトギャップ,アイムジャグラーEX-TP,full,3,345,0.002738348660394978,0.002657513043478261
レイトギャップ,アイムジャグラーEX-TP,full,4,359,0.0030221388035845255,0.0028857465181058497
レイトギャップ,アイムジャグラーEX-TP,full,5,345,0.002838356445041649,0.0027618347826086956
レイトギャップ,アイムジャグラーEX-TP,full,6,379,0.0027992781547930617,0.0027027414248021113
レイトギャップ,アイムジャグラーEX-TP,full,7,336,0.0027844148254566373,0.0026930119047619046
レイトギャップ,アイムジャグラーEX-TP,full,8,285,0.002842271187147322,0.0027164947368421054
レイトギャップ,アイムジャグラーEX-TP,full,9,303,0.0029657894153699233,0.0028256402640264027
レイトギャップ,アイムジャグラーEX-TP,full,10,254,0.0031200290143868457,0.002975496062992126
レイトギャップ,アイムジャグラーEX-TP,full,11,313,0.002816787948766145,0.00271441214057508
レイトギャップ,アイムジャグラーEX-TP,full,12,314,0.003266094501084531,0.0030956656050955414
レイトギャップ,アイムジャグラーEX-TP,full,13,331,0.002629786602406347,0.002533716012084592
レイトギャップ,アイムジャグラーEX-TP,full,14,319,0.0030067809043125148,0.0028755454545454544
レイトギャップ,アイムジャグラーEX-TP,full,15,322,0.0029070837641858387,0.0027712795031055904
レイトギャップ,アイムジャグラーEX-TP,full,16,357,0.0029753484734609584,0.0028678655462184874
レイトギャップ,アイムジャグラーEX-TP,full,17,302,0.0031723703962888133,0.0030312880794701987
レイトギャップ,アイムジャグラーEX-TP,full,18,301,0.0028341959251749153,0.002702049833887043
レイトギャップ,アイムジャグラーEX-TP,full,19,353,0.003302646652299332,0.0031603796033994338
レイトギャップ,アイムジャグラーEX-TP,full,20,366,0.002975997275682809,0.002861142076502732
レイトギャップ,アイムジャグラーEX-TP,full,21,355,0.00290035218562254,0.0027901408450704225
レイトギャップ,アイムジャグラーEX-TP,full,22,336,0.002993535735984751,0.0028464464285714287
レイトギャップ,アイムジャグラーEX-TP,full,23,336,0.0030485364226557543,0.002881217261904762
レイトギャップ,アイムジャグラーEX-TP,full,24,292,0.0031021960445112616,0.0029248219178082194
レイトギャップ,アイムジャグラーEX-TP,full,25,338,0.0031613739328714553,0.002999286982248521
レイトギャップ,アイムジャグラーEX-TP,full,26,409,0.0030300199213508495,0.002935569682151589
レイトギャップ,アイムジャグラーEX-TP,full,27,361,0.002813970909435399,0.0027080249307479226
レイトギャップ,アイムジャグラーEX-TP,full,28,348,0.0030576468269022895,0.002952419540229885
レイトギャップ,アイムジャグラーEX-TP,full,29,352,0.0030439741378974782,0.002927409090909091
レイトギャップ,アイムジャグラーEX-TP,full,30,381,0.003282287559500076,0.003134223097112861
レイトギャップ,アイムジャグラーEX-TP,full,31,154,0.003023226834118036,0.002864318181818182
レイトギャップ,アイムジャグラーEX-TP,recent60d,1,6,0.0031904131974165436,0.0031351666666666663
レイトギャップ,アイムジャグラーEX-TP,recent60d,2,6,0.003597506678539626,0.003474666666666667
レイトギャップ,アイムジャグラーEX-TP,recent60d,3,7,0.003418580375782881,0.0032952857142857146
レイトギャップ,アイムジャグラーEX-TP,recent60d,4,10,0.002977256446991404,0.0027131
レイトギャップ,アイムジャグラーEX-TP,recent60d,5,3,0.002395117051688171,0.002428
レイトギャップ,アイムジャグラーEX-TP,recent60d,6,10,0.00323075680478152,0.0031779999999999994
レイトギャップ,アイムジャグラーEX-TP,recent60d,7,8,0.002467997396398351,0.002440125
レイトギャップ,アイムジャグラーEX-TP,recent60d,8,7,0.0033817815513023457,0.003296
レイトギャップ,アイムジャグラーEX-TP,recent60d,9,7,0.0025763991633079943,0.002606285714285714
レイトギャップ,アイムジャグラーEX-TP,recent60d,10,8,0.002686271737593666,0.0024735
レイトギャップ,アイムジャグラーEX-TP,recent60d,11,5,0.003156539435976243,0.0030392
レイトギャップ,アイムジャグラーEX-TP,recent60d,12,4,0.00345666367942645,0.00338575
レイトギャップ,アイムジャグラーEX-TP,recent60d,13,8,0.002992633517495396,0.00275975
レイトギャップ,アイムジャグラーEX-TP,recent60d,14,10,0.0034880194115862904,0.0032725
レイトギャップ,アイムジャグラーEX-TP,recent60d,15,7,0.0024630541871921183,0.0024504285714285717
レイトギャップ,アイムジャグラーEX-TP,recent60d,16,9,0.002641931502622647,0.002589777777777778
レイトギャップ,アイムジャグラーEX-TP,recent60d,17,7,0.0035687850269641537,0.0033104285714285714
レイトギャップ,アイムジャグラーEX-TP,recent60d,18,8,0.0029848401539549134,0.00273525
レイトギャップ,アイムジャグラーEX-TP,recent60d,19,9,0.002612838772478098,0.0025195555555555553
レイトギャップ,アイムジャグラーEX-TP,recent60d,20,8,0.0035272099049812843,0.003261125
レイトギャップ,アイムジャグラーEX-TP,recent60d,21,6,0.00400367215790279,0.0038443333333333333
レイトギャップ,アイムジャグラーEX-TP,recent60d,22,7,0.0023813123677048683,0.0023055714285714285
レイトギャップ,アイムジャグラーEX-TP,recent60d,23,7,0.00285444997980342,0.002883285714285714
レイトギャップ,アイムジャグラーEX-TP,recent60d,24,7,0.001884522854851644,0.0019547142857142858
レイトギャップ,アイムジャグラーEX-TP,recent60d,25,7,0.0034794473818864063,0.0034798571428571426
レイトギャップ,アイムジャグラーEX-TP,recent60d,26,10,0.002787540904132832,0.002778
レイトギャップ,アイムジャグラーEX-TP,recent60d,27,8,0.00261828486939379,0.0024805
レイトギャップ,アイムジャグラーEX-TP,recent60d,28,8,0.003134796238244514,0.0030765000000000002
レイトギャップ,アイムジャグラーEX-TP,recent60d,29,6,0.003174755880513733,0.0031074999999999996
レイトギャップ,アイムジャグラーEX-TP,recent60d,30,10,0.0031746694793124332,0.0031056
レイトギャップ,アイムジャグラーEX-TP,recent60d,31,5,0.0031884465700754913,0.0029478
レイトギャップ,ウルトラミラクルジャグラー,full,1,46,0.002639499884232461,0.0025244782608695652
レイトギャップ,ウルトラミラクルジャグラー,full,2,47,0.0027680219060658372,0.0026247021276595743
レイトギャップ,ウルトラミラクルジャグラー,full,3,52,0.0025211362500271676,0.002400942307692308
レイトギャップ,ウルトラミラクルジャグラー,full,4,58,0.0027390948187589596,0.0026474137931034483
レイトギャップ,ウルトラミラクルジャグラー,full,5,52,0.0028976519396090843,0.002825423076923077
レイトギャップ,ウルトラミラクルジャグラー,full,6,60,0.00276686236710697,0.0026907833333333336
レイトギャップ,ウルトラミラクルジャグラー,full,7,42,0.0026641821902822775,0.0025763809523809524
レイトギャップ,ウルトラミラクルジャグラー,full,8,46,0.0030621416710254366,0.0029966304347826085
レイトギャップ,ウルトラミラクルジャグラー,full,9,44,0.002732076378047316,0.002629409090909091
レイトギャップ,ウルトラミラクルジャグラー,full,10,39,0.002915348452145117,0.0027832564102564105
レイトギャップ,ウルトラミラクルジャグラー,full,11,45,0.0029223946784922394,0.002699266666666667
レイトギャップ,ウルトラミラクルジャグラー,full,12,40,0.0026532629320141013,0.0024955000000000003
レイトギャップ,ウルトラミラクルジャグラー,full,13,48,0.0027956745096926177,0.0026527708333333334
レイトギャップ,ウルトラミラクルジャグラー,full,14,46,0.002584589731119294,0.002526173913043478
レイトギャップ,ウルトラミラクルジャグラー,full,15,51,0.0026515379382788602,0.002578078431372549
レイトギャップ,ウルトラミラクルジャグラー,full,16,58,0.0026137997775104688,0.0024121034482758623
レイトギャップ,ウルトラミラクルジャグラー,full,17,42,0.002798807557852746,0.002631452380952381
レイトギャップ,ウルトラミラクルジャグラー,full,18,47,0.0026451756446070553,0.0025508085106382976
レイトギャップ,ウルトラミラクルジャグラー,full,19,57,0.002594696333142876,0.0024798947368421054
レイトギャップ,ウルトラミラクルジャグラー,full,20,50,0.002691825214300648,0.00260978
レイトギャップ,ウルトラミラクルジャグラー,full,21,51,0.0028344559616088685,0.0026896666666666666
レイトギャップ,ウルトラミラクルジャグラー,full,22,46,0.0025851267980904953,0.002549434782608696
レイトギャップ,ウルトラミラクルジャグラー,full,23,52,0.0028863332345785415,0.002832326923076923
レイトギャップ,ウルトラミラクルジャグラー,full,24,45,0.0026930071746907288,0.0026084666666666666
レイトギャップ,ウルトラミラクルジャグラー,full,25,49,0.002809331335586606,0.0027034081632653062
レイトギャップ,ウルトラミラクルジャグラー,full,26,64,0.002664853086094186,0.0025234375
レイトギャップ,ウルトラミラクルジャグラー,full,27,47,0.002828032572789429,0.002696510638297872
レイトギャップ,ウルトラミラクルジャグラー,full,28,45,0.0025096285252826436,0.002449222222222222
レイトギャップ,ウルトラミラクルジャグラー,full,29,48,0.002532110446405273,0.0024388958333333333
レイトギャップ,ウルトラミラクルジャグラー,full,30,56,0.003192829689169577,0.003034125
レイトギャップ,ウルトラミラクルジャグラー,full,31,23,0.0029705345117068582,0.0027589565217391305
レイトギャップ,ウルトラミラクルジャグラー,recent60d,1,4,0.0023852547885796892,0.0023745
レイトギャップ,ウルトラミラクルジャグラー,recent60d,2,4,0.0019494829632141042,0.0016875
レイトギャップ,ウルトラミラクルジャグラー,recent60d,3,8,0.0027100271002710027,0.002554625
レイトギャップ,ウルトラミラクルジャグラー,recent60d,4,8,0.00299393968660212,0.0028223750000000002
レイトギャップ,ウルトラミラクルジャグラー,recent60d,5,4,0.0021398547955674436,0.0020305
レイトギャップ,ウルトラミラクルジャグラー,recent60d,6,8,0.0027450980392156863,0.0027126249999999998
レイトギャップ,ウルトラミラクルジャグラー,recent60d,7,6,0.002615924890704508,0.0025273333333333333
レイトギャップ,ウルトラミラクルジャグラー,recent60d,8,7,0.002880688448074679,0.0028147142857142854
レイトギャップ,ウルトラミラクルジャグラー,recent60d,9,6,0.0029193863780329946,0.00282
レイトギャップ,ウルトラミラクルジャグラー,recent60d,10,8,0.002703318893919161,0.0027285
レイトギャップ,ウルトラミラクルジャグラー,recent60d,11,3,0.0028674916993661334,0.0028813333333333334
レイトギャップ,ウルトラミラクルジャグラー,recent60d,12,2,0.0032311977715877437,0.0030239999999999998
レイトギャップ,ウルトラミラクルジャグラー,recent60d,13,6,0.002153565808001325,0.002165666666666667
レイトギャップ,ウルトラミラクルジャグラー,recent60d,14,5,0.0020962316579729925,0.002071
レイトギャップ,ウルトラミラクルジャグラー,recent60d,15,6,0.0025692137320044296,0.0025988333333333336
レイトギャップ,ウルトラミラクルジャグラー,recent60d,16,7,0.0032015966404024864,0.003089
レイトギャップ,ウルトラミラクルジャグラー,recent60d,17,7,0.0023304741867616117,0.002309714285714286
レイトギャップ,ウルトラミラクルジャグラー,recent60d,18,4,0.0023350129040186803,0.0022069999999999998
レイトギャップ,ウルトラミラクルジャグラー,recent60d,19,8,0.0021862702229995625,0.00202075
レイトギャップ,ウルトラミラクルジャグラー,recent60d,20,5,0.0030060483140777225,0.002813
レイトギャップ,ウルトラミラクルジャグラー,recent60d,21,8,0.0028253424657534248,0.00280875
レイトギャップ,ウルトラミラクルジャグラー,recent60d,22,6,0.0026583400143465967,0.002708
レイトギャップ,ウルトラミラクルジャグラー,recent60d,23,6,0.0026906723359022056,0.0025908333333333334
レイトギャップ,ウルトラミラクルジャグラー,recent60d,24,6,0.002412769116555308,0.0022911666666666666
レイトギャップ,ウルトラミラクルジャグラー,recent60d,25,6,0.0023781212841854932,0.002250166666666667
レイトギャップ,ウルトラミラクルジャグラー,recent60d,26,8,0.0027588513146344523,0.0026024999999999998
レイトギャップ,ウルトラミラクルジャグラー,recent60d,27,6,0.0035969889123743837,0.0036244999999999997
レイトギャップ,ウルトラミラクルジャグラー,recent60d,28,4,0.001981818965145836,0.0018384999999999999
レイトギャップ,ウルトラミラクルジャグラー,recent60d,29,4,0.002877275396359366,0.00293125
レイトギャップ,ウルトラミラクルジャグラー,recent60d,30,7,0.0030829093085902423,0.0030455714285714287
レイトギャップ,ウルトラミラクルジャグラー,recent60d,31,4,0.0028170511321356437,0.00266525
レイトギャップ,ゴーゴージャグラー3,full,1,184,0.003221439159215082,0.0030559891304347826
レイトギャップ,ゴーゴージャグラー3,full,2,180,0.0031447966552809693,0.0030255833333333332
レイトギャップ,ゴーゴージャグラー3,full,3,187,0.0030635886250859512,0.0029852780748663103
レイトギャップ,ゴーゴージャグラー3,full,4,199,0.003236871907104581,0.0031246080402010054
レイトギャップ,ゴーゴージャグラー3,full,5,178,0.003195788104543487,0.003099825842696629
レイトギャップ,ゴーゴージャグラー3,full,6,204,0.0033698675978238945,0.00321653431372549
レイトギャップ,ゴーゴージャグラー3,full,7,173,0.00337016843879036,0.0032734797687861274
レイトギャップ,ゴーゴージャグラー3,full,8,144,0.0032734892337577077,0.0031549027777777777
レイトギャップ,ゴーゴージャグラー3,full,9,160,0.003273311720496058,0.0031448687500000004
レイトギャップ,ゴーゴージャグラー3,full,10,157,0.003371959037924263,0.003240866242038217
レイトギャップ,ゴーゴージャグラー3,full,11,161,0.0032769832190306,0.003147658385093168
レイトギャップ,ゴーゴージャグラー3,full,12,164,0.0031988312606847794,0.003059439024390244
レイトギャップ,ゴーゴージャグラー3,full,13,172,0.0030954413480518655,0.002952418604651163
レイトギャップ,ゴーゴージャグラー3,full,14,171,0.003209741011721077,0.003088058479532164
レイトギャップ,ゴーゴージャグラー3,full,15,185,0.003164545985350823,0.003046827027027027
レイトギャップ,ゴーゴージャグラー3,full,16,203,0.0033264744669994654,0.0031985911330049263
レイトギャップ,ゴーゴージャグラー3,full,17,159,0.0031454743741657623,0.0030034842767295597
レイトギャップ,ゴーゴージャグラー3,full,18,169,0.003334982657600282,0.0031841775147928996
レイトギャップ,ゴーゴージャグラー3,full,19,195,0.003439882144808388,0.0032777025641025645
レイトギャップ,ゴーゴージャグラー3,full,20,197,0.0033557243560953702,0.003212167512690355
レイトギャップ,ゴーゴージャグラー3,full,21,178,0.00335555745692842,0.003225747191011236
レイトギャップ,ゴーゴージャグラー3,full,22,170,0.003204757034557496,0.003064688235294118
レイトギャップ,ゴーゴージャグラー3,full,23,161,0.0032286622546293226,0.003142447204968944
レイトギャップ,ゴーゴージャグラー3,full,24,161,0.003382719969832142,0.0032033478260869563
レイトギャップ,ゴーゴージャグラー3,full,25,187,0.0032028721407784152,0.0030710909090909087
レイトギャップ,ゴーゴージャグラー3,full,26,219,0.0033087722328897277,0.0031771552511415525
レイトギャップ,ゴーゴージャグラー3,full,27,189,0.003175438160797054,0.003080269841269841
レイトギャップ,ゴーゴージャグラー3,full,28,179,0.0032391942504302056,0.0031107430167597763
レイトギャップ,ゴーゴージャグラー3,full,29,171,0.0032581643003189477,0.003108298245614035
レイトギャップ,ゴーゴージャグラー3,full,30,190,0.003344895556403429,0.0031950947368421054
レイトギャップ,ゴーゴージャグラー3,full,31,93,0.003299477882492873,0.0031453978494623658
レイトギャップ,ゴーゴージャグラー3,recent60d,1,19,0.003086306800853919,0.0029806315789473684
レイトギャップ,ゴーゴージャグラー3,recent60d,2,25,0.0030449081901301237,0.00280796
レイトギャップ,ゴーゴージャグラー3,recent60d,3,26,0.003188849914056606,0.003108038461538461
レイトギャップ,ゴーゴージャグラー3,recent60d,4,26,0.003200099527933482,0.0031631153846153844
レイトギャップ,ゴーゴージャグラー3,recent60d,5,10,0.0030690067077092714,0.0029525
レイトギャップ,ゴーゴージャグラー3,recent60d,6,28,0.0036564962400604467,0.0036309999999999997
レイトギャップ,ゴーゴージャグラー3,recent60d,7,25,0.0033895892458386343,0.00325248
レイトギャップ,ゴーゴージャグラー3,recent60d,8,16,0.0032830345720495074,0.003244125
レイトギャップ,ゴーゴージャグラー3,recent60d,9,27,0.0033572234343652685,0.0032205925925925926
レイトギャップ,ゴーゴージャグラー3,recent60d,10,25,0.003172821316370043,0.00314476
レイトギャップ,ゴーゴージャグラー3,recent60d,11,19,0.0029513824571802566,0.0028520526315789474
レイトギャップ,ゴーゴージャグラー3,recent60d,12,11,0.003089091767668818,0.0030498181818181818
レイトギャップ,ゴーゴージャグラー3,recent60d,13,24,0.003076513727903148,0.002900625
レイトギャップ,ゴーゴージャグラー3,recent60d,14,24,0.003384801521000173,0.003290458333333333
レイトギャップ,ゴーゴージャグラー3,recent60d,15,24,0.0033961943755247592,0.0033847916666666666
レイトギャップ,ゴーゴージャグラー3,recent60d,16,27,0.0035888577705478876,0.0033436666666666667
レイトギャップ,ゴーゴージャグラー3,recent60d,17,24,0.0032207887272394545,0.003035458333333333
レイトギャップ,ゴーゴージャグラー3,recent60d,18,25,0.004013592700612742,0.00389344
レイトギャップ,ゴーゴージャグラー3,recent60d,19,27,0.0034183742443847894,0.003309518518518518
レイトギャップ,ゴーゴージャグラー3,recent60d,20,24,0.0037631727668628037,0.003675625
レイトギャップ,ゴーゴージャグラー3,recent60d,21,22,0.0036101426911280027,0.0034599545454545456
レイトギャップ,ゴーゴージャグラー3,recent60d,22,22,0.0034781600533317874,0.0033354090909090907
レイトギャップ,ゴーゴージャグラー3,recent60d,23,26,0.003302887853919644,0.003285423076923077
レイトギャップ,ゴーゴージャグラー3,recent60d,24,25,0.0034912417985914646,0.00322952
レイトギャップ,ゴーゴージャグラー3,recent60d,25,25,0.0033795575078104383,0.0032486
レイトギャップ,ゴーゴージャグラー3,recent60d,26,26,0.003139476474856282,0.0029511538461538464
レイトギャップ,ゴーゴージャグラー3,recent60d,27,26,0.00315746266300401,0.003085153846153846
レイトギャップ,ゴーゴージャグラー3,recent60d,28,22,0.003100124183648855,0.0029219090909090913
レイトギャップ,ゴーゴージャグラー3,recent60d,29,21,0.003262758809957005,0.0031094761904761903
レイトギャップ,ゴーゴージャグラー3,recent60d,30,26,0.003363499245852187,0.0032435000000000003
レイトギャップ,ゴーゴージャグラー3,recent60d,31,14,0.003562408613585006,0.003515142857142857
レイトギャップ,ジャグラーガールズ,full,1,52,0.0029977948158553523,0.002893038461538461
レイトギャップ,ジャグラーガールズ,full,2,48,0.003049145308615165,0.0028977499999999997
レイトギャップ,ジャグラーガールズ,full,3,55,0.0032164276061811994,0.0030488181818181816
レイトギャップ,ジャグラーガールズ,full,4,55,0.002873187932610683,0.002738290909090909
レイトギャップ,ジャグラーガールズ,full,5,53,0.003206663963731525,0.0031492641509433964
レイトギャップ,ジャグラーガールズ,full,6,56,0.003143771554399391,0.00300225
レイトギャップ,ジャグラーガールズ,full,7,47,0.0030313488103121825,0.0029048297872340425
レイトギャップ,ジャグラーガールズ,full,8,47,0.0029970640046975924,0.0029340851063829787
レイトギャップ,ジャグラーガールズ,full,9,46,0.0029715144477081767,0.0028718695652173915
レイトギャップ,ジャグラーガールズ,full,10,46,0.0029463641465565624,0.002920478260869565
レイトギャップ,ジャグラーガールズ,full,11,49,0.003240790752943718,0.0030694285714285715
レイトギャップ,ジャグラーガールズ,full,12,43,0.00312752113827101,0.0029451162790697675
レイトギャップ,ジャグラーガールズ,full,13,45,0.0031455117365770287,0.003031
レイトギャップ,ジャグラーガールズ,full,14,52,0.003285874845507873,0.0031477115384615385
レイトギャップ,ジャグラーガールズ,full,15,49,0.0030824495517704172,0.0029693877551020408
レイトギャップ,ジャグラーガールズ,full,16,59,0.003067019658161304,0.003026406779661017
レイトギャップ,ジャグラーガールズ,full,17,43,0.0033416448659254415,0.003247372093023256
レイトギャップ,ジャグラーガールズ,full,18,45,0.0028594911975903495,0.0027627333333333334
レイトギャップ,ジャグラーガールズ,full,19,56,0.0030945148469804225,0.003010946428571429
レイトギャップ,ジャグラーガールズ,full,20,54,0.0031417353575979904,0.0030487592592592593
レイトギャップ,ジャグラーガールズ,full,21,52,0.0033111385834399694,0.00313875
レイトギャップ,ジャグラーガールズ,full,22,52,0.003158078311243214,0.0030194615384615386
レイトギャップ,ジャグラーガールズ,full,23,50,0.0028910558555807872,0.00275376
レイトギャップ,ジャグラーガールズ,full,24,48,0.0032371234653907283,0.0030851249999999998
レイトギャップ,ジャグラーガールズ,full,25,49,0.0032640217439664134,0.00317834693877551
レイトギャップ,ジャグラーガールズ,full,26,62,0.0031275444590717814,0.003041048387096774
レイトギャップ,ジャグラーガールズ,full,27,53,0.003077540155700195,0.003012830188679245
レイトギャップ,ジャグラーガールズ,full,28,46,0.0032190037138920967,0.003051021739130435
レイトギャップ,ジャグラーガールズ,full,29,46,0.002975121826109259,0.0028220652173913045
レイトギャップ,ジャグラーガールズ,full,30,52,0.0032989505537400774,0.0031199230769230766
レイトギャップ,ジャグラーガールズ,full,31,24,0.0031160455460598315,0.0028319583333333335
レイトギャップ,ジャグラーガールズ,recent60d,1,6,0.003239588713085121,0.0032674999999999996
レイトギャップ,ジャグラーガールズ,recent60d,2,6,0.0032871024480262967,0.003052833333333333
レイトギャップ,ジャグラーガールズ,recent60d,3,7,0.0031590683845391476,0.002995714285714286
レイトギャップ,ジャグラーガールズ,recent60d,4,8,0.002553774056814891,0.0024525
レイトギャップ,ジャグラーガールズ,recent60d,5,3,0.0031857702263224266,0.003331
レイトギャップ,ジャグラーガールズ,recent60d,6,8,0.003473145700026596,0.00344375
レイトギャップ,ジャグラーガールズ,recent60d,7,7,0.0029819545636201542,0.0028545714285714285
レイトギャップ,ジャグラーガールズ,recent60d,8,6,0.003613766084636428,0.003551
レイトギャップ,ジャグラーガールズ,recent60d,9,7,0.002607976591819859,0.0025192857142857144
レイトギャップ,ジャグラーガールズ,recent60d,10,7,0.0029641368785584318,0.002935571428571429
レイトギャップ,ジャグラーガールズ,recent60d,11,6,0.002794256727710429,0.0024581666666666667
レイトギャップ,ジャグラーガールズ,recent60d,12,3,0.002858359180198261,0.0026723333333333334
レイトギャップ,ジャグラーガールズ,recent60d,13,4,0.0033454987834549877,0.00334125
レイトギャップ,ジャグラーガールズ,recent60d,14,6,0.0027619355070124464,0.002694
レイトギャップ,ジャグラーガールズ,recent60d,15,6,0.003607103218645949,0.003594166666666667
レイトギャップ,ジャグラーガールズ,recent60d,16,8,0.0032743942370661427,0.003228625
レイトギャップ,ジャグラーガールズ,recent60d,17,7,0.004151791617083168,0.003960571428571429
レイトギャップ,ジャグラーガールズ,recent60d,18,5,0.002663875939491961,0.0026144000000000002
レイトギャップ,ジャグラーガールズ,recent60d,19,7,0.0030455969369996517,0.0029034285714285716
レイトギャップ,ジャグラーガールズ,recent60d,20,7,0.0037225302936948037,0.0036132857142857143
レイトギャップ,ジャグラーガールズ,recent60d,21,5,0.0037621788481944757,0.0037338
レイトギャップ,ジャグラーガールズ,recent60d,22,6,0.003069726648150855,0.003235333333333333
レイトギャップ,ジャグラーガールズ,recent60d,23,7,0.0030063337322319837,0.0030814285714285713
レイトギャップ,ジャグラーガールズ,recent60d,24,6,0.0028371890004364906,0.002732833333333333
レイトギャップ,ジャグラーガールズ,recent60d,25,6,0.0023084025854108957,0.002262
レイトギャップ,ジャグラーガールズ,recent60d,26,7,0.0029628624417605285,0.0029602857142857143
レイトギャップ,ジャグラーガールズ,recent60d,27,5,0.0028982881985327416,0.0028642
レイトギャップ,ジャグラーガールズ,recent60d,28,5,0.003015038423355517,0.0028794
レイトギャップ,ジャグラーガールズ,recent60d,29,7,0.0030787956896860345,0.0030034285714285714
レイトギャップ,ジャグラーガールズ,recent60d,30,6,0.0029615004935834156,0.002898166666666667
レイトギャップ,ジャグラーガールズ,recent60d,31,2,0.003106279121366763,0.0031195
レイトギャップ,ネオアイムジャグラーEX,full,1,267,0.0028597196131901134,0.0027593558052434455
レイトギャップ,ネオアイムジャグラーEX,full,2,261,0.0027492835325771494,0.0026702835249042146
レイトギャップ,ネオアイムジャグラーEX,full,3,261,0.002765111934390931,0.00271083908045977
レイトギャップ,ネオアイムジャグラーEX,full,4,289,0.002844740990975725,0.002713961937716263
レイトギャップ,ネオアイムジャグラーEX,full,5,242,0.0027349647927032987,0.002688078512396694
レイトギャップ,ネオアイムジャグラーEX,full,6,284,0.0029139108991064282,0.0027918732394366197
レイトギャップ,ネオアイムジャグラーEX,full,7,251,0.0028161320413805854,0.002705948207171315
レイトギャップ,ネオアイムジャグラーEX,full,8,257,0.0028633626860695444,0.0027532762645914397
レイトギャップ,ネオアイムジャグラーEX,full,9,243,0.0029227023769478394,0.002807609053497942
レイトギャップ,ネオアイムジャグラーEX,full,10,248,0.002873565724421995,0.0028095725806451615
レイトギャップ,ネオアイムジャグラーEX,full,11,234,0.0027854962797390177,0.0026937692307692305
レイトギャップ,ネオアイムジャグラーEX,full,12,214,0.002992741661911181,0.002919327102803738
レイトギャップ,ネオアイムジャグラーEX,full,13,261,0.0029967761205819767,0.00290923754789272
レイトギャップ,ネオアイムジャグラーEX,full,14,273,0.0030505552692035283,0.0029512747252747255
レイトギャップ,ネオアイムジャグラーEX,full,15,270,0.0030274913540956623,0.002912911111111111
レイトギャップ,ネオアイムジャグラーEX,full,16,306,0.003212261380947923,0.0030802941176470587
レイトギャップ,ネオアイムジャグラーEX,full,17,267,0.0030422810445905136,0.002905498127340824
レイトギャップ,ネオアイムジャグラーEX,full,18,246,0.0028258695352413334,0.0027532520325203253
レイトギャップ,ネオアイムジャグラーEX,full,19,299,0.0032218133092810864,0.0030920334448160535
レイトギャップ,ネオアイムジャグラーEX,full,20,267,0.002908721799587431,0.0027967902621722847
レイトギャップ,ネオアイムジャグラーEX,full,21,256,0.0028859058350937153,0.002837765625
レイトギャップ,ネオアイムジャグラーEX,full,22,256,0.002972190840219175,0.0028748046875
レイトギャップ,ネオアイムジャグラーEX,full,23,241,0.002790643115530733,0.0027254398340248965
レイトギャップ,ネオアイムジャグラーEX,full,24,261,0.002946557873257854,0.002807103448275862
レイトギャップ,ネオアイムジャグラーEX,full,25,248,0.0030380977457314727,0.0029504798387096774
レイトギャップ,ネオアイムジャグラーEX,full,26,309,0.003171564267299767,0.003033763754045307
レイトギャップ,ネオアイムジャグラーEX,full,27,251,0.002903630211773587,0.0027932908366533863
レイトギャップ,ネオアイムジャグラーEX,full,28,271,0.0027364337591281305,0.00267119926199262
レイトギャップ,ネオアイムジャグラーEX,full,29,229,0.002578235963616867,0.002536292576419214
レイトギャップ,ネオアイムジャグラーEX,full,30,254,0.00318809370794708,0.003023330708661417
レイトギャップ,ネオアイムジャグラーEX,full,31,147,0.002705257280667699,0.002613095238095238
レイトギャップ,ネオアイムジャグラーEX,recent60d,1,59,0.0031048350132922013,0.0029946101694915254
レイトギャップ,ネオアイムジャグラーEX,recent60d,2,63,0.003162657318190082,0.0030722222222222223
レイトギャップ,ネオアイムジャグラーEX,recent60d,3,67,0.002683528386091026,0.0026105671641791046
レイトギャップ,ネオアイムジャグラーEX,recent60d,4,71,0.00292520184159605,0.002796718309859155
レイトギャップ,ネオアイムジャグラーEX,recent60d,5,31,0.0026350270379834804,0.0025226129032258062
レイトギャップ,ネオアイムジャグラーEX,recent60d,6,80,0.0030329134220918232,0.002968675
レイトギャップ,ネオアイムジャグラーEX,recent60d,7,71,0.002737248956054882,0.0026768732394366196
レイトギャップ,ネオアイムジャグラーEX,recent60d,8,62,0.003165792406357138,0.0030696935483870967
レイトギャップ,ネオアイムジャグラーEX,recent60d,9,73,0.002872545223363734,0.0027133013698630135
レイトギャップ,ネオアイムジャグラーEX,recent60d,10,65,0.0025250097731977263,0.0024769538461538463
レイトギャップ,ネオアイムジャグラーEX,recent60d,11,55,0.002897097081857545,0.0028090727272727274
レイトギャップ,ネオアイムジャグラーEX,recent60d,12,22,0.003014175054012752,0.0030295
レイトギャップ,ネオアイムジャグラーEX,recent60d,13,68,0.002870770852784076,0.002795544117647059
レイトギャップ,ネオアイムジャグラーEX,recent60d,14,73,0.0031360208344636755,0.0029994931506849313
レイトギャップ,ネオアイムジャグラーEX,recent60d,15,61,0.0028793927099011844,0.0028038688524590163
レイトギャップ,ネオアイムジャグラーEX,recent60d,16,79,0.002919201084338699,0.0028437848101265824
レイトギャップ,ネオアイムジャグラーEX,recent60d,17,66,0.003030360723986495,0.00290769696969697
レイトギャップ,ネオアイムジャグラーEX,recent60d,18,59,0.003009719575166506,0.0029058983050847457
レイトギャップ,ネオアイムジャグラーEX,recent60d,19,74,0.0030569457595022317,0.002982297297297297
レイトギャップ,ネオアイムジャグラーEX,recent60d,20,76,0.003047289033836119,0.002967342105263158
レイトギャップ,ネオアイムジャグラーEX,recent60d,21,59,0.002869343214116265,0.0028879322033898308
レイトギャップ,ネオアイムジャグラーEX,recent60d,22,56,0.0034249625220785776,0.003252214285714286
レイトギャップ,ネオアイムジャグラーEX,recent60d,23,74,0.0026517215120531426,0.002544391891891892
レイトギャップ,ネオアイムジャグラーEX,recent60d,24,71,0.0031015705386177963,0.0029161408450704227
レイトギャップ,ネオアイムジャグラーEX,recent60d,25,60,0.0029327964137826237,0.0028814666666666664
レイトギャップ,ネオアイムジャグラーEX,recent60d,26,80,0.0031784984990423757,0.0030525375
レイトギャップ,ネオアイムジャグラーEX,recent60d,27,65,0.00287063424375429,0.002777646153846154
レイトギャップ,ネオアイムジャグラーEX,recent60d,28,66,0.002653356986815941,0.0025814848484848486
レイトギャップ,ネオアイムジャグラーEX,recent60d,29,58,0.003028247806572291,0.002922068965517241
レイトギャップ,ネオアイムジャグラーEX,recent60d,30,77,0.0034101344323709446,0.0032815064935064935
レイトギャップ,ネオアイムジャグラーEX,recent60d,31,40,0.0031148415894425305,0.003084925
レイトギャップ,ハッピージャグラーVIII,full,1,72,0.0029212968266697217,0.0028620555555555556
レイトギャップ,ハッピージャグラーVIII,full,2,71,0.0029773375472134434,0.002806154929577465
レイトギャップ,ハッピージャグラーVIII,full,3,77,0.0031158907598698173,0.0029396103896103896
レイトギャップ,ハッピージャグラーVIII,full,4,75,0.0030165263704090054,0.0028917466666666665
レイトギャップ,ハッピージャグラーVIII,full,5,66,0.002855851838288497,0.0028132424242424243
レイトギャップ,ハッピージャグラーVIII,full,6,85,0.0029390062925409763,0.002761988235294118
レイトギャップ,ハッピージャグラーVIII,full,7,67,0.0030704378382467217,0.002960850746268657
レイトギャップ,ハッピージャグラーVIII,full,8,56,0.0030869808948078116,0.0028861964285714285
レイトギャップ,ハッピージャグラーVIII,full,9,69,0.0030474385724413443,0.0029790724637681156
レイトギャップ,ハッピージャグラーVIII,full,10,59,0.002843653199213936,0.0027400338983050846
レイトギャップ,ハッピージャグラーVIII,full,11,65,0.0032335971675797005,0.003117830769230769
レイトギャップ,ハッピージャグラーVIII,full,12,50,0.0029093305715092743,0.00270396
レイトギャップ,ハッピージャグラーVIII,full,13,64,0.00307315675703831,0.002927140625
レイトギャップ,ハッピージャグラーVIII,full,14,70,0.003098991103163565,0.0029410571428571427
レイトギャップ,ハッピージャグラーVIII,full,15,64,0.002814109156249884,0.00267146875
レイトギャップ,ハッピージャグラーVIII,full,16,88,0.003111681663603491,0.0028870113636363633
レイトギャップ,ハッピージャグラーVIII,full,17,61,0.0030657800023123887,0.0028781639344262295
レイトギャップ,ハッピージャグラーVIII,full,18,61,0.0029994906525307023,0.0029530983606557374
レイトギャップ,ハッピージャグラーVIII,full,19,78,0.0028260848361894918,0.0026477179487179488
レイトギャップ,ハッピージャグラーVIII,full,20,66,0.00328017126194091,0.003091363636363636
レイトギャップ,ハッピージャグラーVIII,full,21,74,0.0033709836308921364,0.003233662162162162
レイトギャップ,ハッピージャグラーVIII,full,22,68,0.003012427840379137,0.002919779411764706
レイトギャップ,ハッピージャグラーVIII,full,23,67,0.0028561215370866847,0.0027722985074626863
レイトギャップ,ハッピージャグラーVIII,full,24,65,0.0031590208294002896,0.0030461076923076922
レイトギャップ,ハッピージャグラーVIII,full,25,68,0.0029064104902867143,0.0028129117647058824
レイトギャップ,ハッピージャグラーVIII,full,26,91,0.0031039615846338536,0.003006758241758242
レイトギャップ,ハッピージャグラーVIII,full,27,77,0.003084568336861915,0.0029434155844155845
レイトギャップ,ハッピージャグラーVIII,full,28,69,0.0028989034053749866,0.0027670724637681157
レイトギャップ,ハッピージャグラーVIII,full,29,63,0.0029215433463457494,0.0028055396825396824
レイトギャップ,ハッピージャグラーVIII,full,30,78,0.003140288826244882,0.0030588076923076923
レイトギャップ,ハッピージャグラーVIII,full,31,37,0.003037271662255391,0.002970540540540541
レイトギャップ,ハッピージャグラーVIII,recent60d,1,7,0.003441047344065182,0.003409857142857143
レイトギャップ,ハッピージャグラーVIII,recent60d,2,8,0.0029704357573210032,0.0029525
レイトギャップ,ハッピージャグラーVIII,recent60d,3,9,0.0030931406512916954,0.0029105555555555556
レイトギャップ,ハッピージャグラーVIII,recent60d,4,11,0.0032095369096744614,0.003079181818181818
レイトギャップ,ハッピージャグラーVIII,recent60d,5,4,0.002161275898047399,0.0020759999999999997
レイトギャップ,ハッピージャグラーVIII,recent60d,6,12,0.003254382254805207,0.0031676666666666663
レイトギャップ,ハッピージャグラーVIII,recent60d,7,8,0.0031158414314360634,0.003098625
レイトギャップ,ハッピージャグラーVIII,recent60d,8,7,0.0029448447893569846,0.002762857142857143
レイトギャップ,ハッピージャグラーVIII,recent60d,9,11,0.0026009821619208447,0.0024902727272727273
レイトギャップ,ハッピージャグラーVIII,recent60d,10,11,0.002924948481021073,0.0027854545454545454
レイトギャップ,ハッピージャグラーVIII,recent60d,11,7,0.0032956099987563737,0.0033469999999999997
レイトギャップ,ハッピージャグラーVIII,recent60d,12,2,0.0027448962086121117,0.0026715000000000003
レイトギャップ,ハッピージャグラーVIII,recent60d,13,8,0.003432796408766834,0.0031562499999999998
レイトギャップ,ハッピージャグラーVIII,recent60d,14,9,0.002618900555898703,0.002603888888888889
レイトギャップ,ハッピージャグラーVIII,recent60d,15,5,0.002899251026818072,0.002749
レイトギャップ,ハッピージャグラーVIII,recent60d,16,12,0.003291078906453919,0.003162
レイトギャップ,ハッピージャグラーVIII,recent60d,17,10,0.0032093090668157444,0.0029762
レイトギャップ,ハッピージャグラーVIII,recent60d,18,6,0.002646216989793163,0.002658
レイトギャップ,ハッピージャグラーVIII,recent60d,19,12,0.0031130481188294938,0.003037
レイトギャップ,ハッピージャグラーVIII,recent60d,20,9,0.0038882443322567494,0.0036834444444444445
レイトギャップ,ハッピージャグラーVIII,recent60d,21,8,0.0034103827207275484,0.0033132500000000002
レイトギャップ,ハッピージャグラーVIII,recent60d,22,7,0.0028824959023342565,0.002918
レイトギャップ,ハッピージャグラーVIII,recent60d,23,10,0.0029940769347594977,0.0028665
レイトギャップ,ハッピージャグラーVIII,recent60d,24,9,0.0029082177161152615,0.0027990000000000003
レイトギャップ,ハッピージャグラーVIII,recent60d,25,9,0.002611203886442994,0.0023875555555555555
レイトギャップ,ハッピージャグラーVIII,recent60d,26,10,0.003262018442249517,0.0032928
レイトギャップ,ハッピージャグラーVIII,recent60d,27,9,0.0032121023728111076,0.0031067777777777777
レイトギャップ,ハッピージャグラーVIII,recent60d,28,9,0.002958275982496867,0.0028015555555555554
レイトギャップ,ハッピージャグラーVIII,recent60d,29,9,0.0033035896737279476,0.003155888888888889
レイトギャップ,ハッピージャグラーVIII,recent60d,30,10,0.0032166640585606734,0.0030618
レイトギャップ,ハッピージャグラーVIII,recent60d,31,6,0.0032632342277012327,0.003274833333333333
レイトギャップ,ファンキージャグラー2,full,1,140,0.002559917102140414,0.0024498642857142855
レイトギャップ,ファンキージャグラー2,full,2,143,0.0025098522385288108,0.002432146853146853
レイトギャップ,ファンキージャグラー2,full,3,145,0.0025230545008689716,0.0024536413793103447
レイトギャップ,ファンキージャグラー2,full,4,149,0.002718984521575985,0.002617228187919463
レイトギャップ,ファンキージャグラー2,full,5,139,0.0028097375045873924,0.0027094676258992804
レイトギャップ,ファンキージャグラー2,full,6,150,0.0025174525325373557,0.0024365866666666664
レイトギャップ,ファンキージャグラー2,full,7,133,0.0025309344872086843,0.00244518045112782
レイトギャップ,ファンキージャグラー2,full,8,135,0.002670578440312413,0.002568111111111111
レイトギャップ,ファンキージャグラー2,full,9,133,0.002642302356268281,0.0025289849624060153
レイトギャップ,ファンキージャグラー2,full,10,119,0.0025700829378551425,0.0024748067226890757
レイトギャップ,ファンキージャグラー2,full,11,123,0.0026461965489878382,0.00250820325203252
レイトギャップ,ファンキージャグラー2,full,12,128,0.002554385549382046,0.0024938125
レイトギャップ,ファンキージャグラー2,full,13,138,0.002576149075639891,0.002479355072463768
レイトギャップ,ファンキージャグラー2,full,14,136,0.002689182546337796,0.002575801470588235
レイトギャップ,ファンキージャグラー2,full,15,135,0.0025654795745934053,0.0024783259259259257
レイトギャップ,ファンキージャグラー2,full,16,149,0.00263607003838763,0.0025656107382550338
レイトギャップ,ファンキージャグラー2,full,17,141,0.0027450499216719122,0.0026612269503546097
レイトギャップ,ファンキージャグラー2,full,18,131,0.0027501570768559435,0.0025823740458015268
レイトギャップ,ファンキージャグラー2,full,19,144,0.0026678489798726466,0.002571861111111111
レイトギャップ,ファンキージャグラー2,full,20,144,0.002538852795472667,0.002417284722222222
レイトギャップ,ファンキージャグラー2,full,21,135,0.00256234158152204,0.0024877111111111113
レイトギャップ,ファンキージャグラー2,full,22,144,0.0027684652293778252,0.002687270833333333
レイトギャップ,ファンキージャグラー2,full,23,135,0.0025851541999012705,0.002498274074074074
レイトギャップ,ファンキージャグラー2,full,24,134,0.002727861748435183,0.002630097014925373
レイトギャップ,ファンキージャグラー2,full,25,135,0.002695915974098812,0.0025719703703703705
レイトギャップ,ファンキージャグラー2,full,26,158,0.002646321474877496,0.002562126582278481
レイトギャップ,ファンキージャグラー2,full,27,144,0.0026739028217605838,0.002575013888888889
レイトギャップ,ファンキージャグラー2,full,28,141,0.002492858776354347,0.0024478156028368793
レイトギャップ,ファンキージャグラー2,full,29,137,0.0024553919783592572,0.002391153284671533
レイトギャップ,ファンキージャグラー2,full,30,144,0.002705493190232867,0.002624277777777778
レイトギャップ,ファンキージャグラー2,full,31,69,0.002493795775074148,0.002397086956521739
レイトギャップ,ファンキージャグラー2,recent60d,1,14,0.0024448354797016367,0.0023542857142857146
レイトギャップ,ファンキージャグラー2,recent60d,2,14,0.002234825721153846,0.0021980714285714286
レイトギャップ,ファンキージャグラー2,recent60d,3,20,0.002570411705259458,0.00249935
レイトギャップ,ファンキージャグラー2,recent60d,4,19,0.0024898058890955896,0.0024635263157894737
レイトギャップ,ファンキージャグラー2,recent60d,5,9,0.003587872989296179,0.0034352222222222223
レイトギャップ,ファンキージャグラー2,recent60d,6,20,0.0029097149640640524,0.0028905
レイトギャップ,ファンキージャグラー2,recent60d,7,18,0.0025278058645096056,0.002507
レイトギャップ,ファンキージャグラー2,recent60d,8,19,0.00302100708012084,0.003022421052631579
レイトギャップ,ファンキージャグラー2,recent60d,9,20,0.0027336738920336876,0.00265425
レイトギャップ,ファンキージャグラー2,recent60d,10,17,0.002445834505746629,0.0023611176470588234
レイトギャップ,ファンキージャグラー2,recent60d,11,16,0.002746150760591194,0.00257175
レイトギャップ,ファンキージャグラー2,recent60d,12,8,0.0025835568055464714,0.0024324999999999998
レイトギャップ,ファンキージャグラー2,recent60d,13,17,0.0026070366288646354,0.0024480588235294117
レイトギャップ,ファンキージャグラー2,recent60d,14,17,0.0026703499079189686,0.0025982352941176473
レイトギャップ,ファンキージャグラー2,recent60d,15,18,0.0025532377227292483,0.0024352222222222223
レイトギャップ,ファンキージャグラー2,recent60d,16,20,0.002671455630606483,0.00260135
レイトギャップ,ファンキージャグラー2,recent60d,17,20,0.00282779041978882,0.00271325
レイトギャップ,ファンキージャグラー2,recent60d,18,14,0.0024992135342025235,0.002303285714285714
レイトギャップ,ファンキージャグラー2,recent60d,19,18,0.002361508573555757,0.0021313333333333336
レイトギャップ,ファンキージャグラー2,recent60d,20,18,0.0025883737098240547,0.0024554444444444446
レイトギャップ,ファンキージャグラー2,recent60d,21,13,0.0023614235611385138,0.0022966923076923077
レイトギャップ,ファンキージャグラー2,recent60d,22,16,0.002797382266136276,0.0027589375
レイトギャップ,ファンキージャグラー2,recent60d,23,18,0.002511570440436284,0.0024452777777777776
レイトギャップ,ファンキージャグラー2,recent60d,24,16,0.002577958455207972,0.002517
レイトギャップ,ファンキージャグラー2,recent60d,25,15,0.0024939292511649276,0.0023166000000000003
レイトギャップ,ファンキージャグラー2,recent60d,26,19,0.0034957759374089643,0.0034128421052631577
レイトギャップ,ファンキージャグラー2,recent60d,27,16,0.0025399893444349453,0.0025895625
レイトギャップ,ファンキージャグラー2,recent60d,28,17,0.002629301372714425,0.002611294117647059
レイトギャップ,ファンキージャグラー2,recent60d,29,17,0.0027271900851489348,0.0025084117647058823
レイトギャップ,ファンキージャグラー2,recent60d,30,18,0.002815244337997395,0.002813833333333333
レイトギャップ,ファンキージャグラー2,recent60d,31,10,0.002751336839068983,0.0025901
レイトギャップ,マイジャグラーV,full,1,80,0.002694758886448635,0.0026203750000000003
レイトギャップ,マイジャグラーV,full,2,80,0.0025770271803432793,0.0025161625
レイトギャップ,マイジャグラーV,full,3,80,0.0025804486505733616,0.0025004375
レイトギャップ,マイジャグラーV,full,4,80,0.0026208451981464508,0.0025498125
レイトギャップ,マイジャグラーV,full,5,75,0.002549656531231695,0.0024530933333333335
レイトギャップ,マイジャグラーV,full,6,75,0.00283120733515126,0.0027613066666666666
レイトギャップ,マイジャグラーV,full,7,75,0.002704435894033877,0.0026125333333333334
レイトギャップ,マイジャグラーV,full,8,73,0.002561046920452106,0.0024921506849315067
レイトギャップ,マイジャグラーV,full,9,74,0.0026121236085648895,0.002538554054054054
レイトギャップ,マイジャグラーV,full,10,68,0.0026173068779559495,0.00250875
レイトギャップ,マイジャグラーV,full,11,69,0.002911397224318677,0.0028244927536231887
レイトギャップ,マイジャグラーV,full,12,69,0.00257897331592547,0.0025202028985507247
レイトギャップ,マイジャグラーV,full,13,74,0.0026255628213111178,0.002549162162162162
レイトギャップ,マイジャグラーV,full,14,74,0.0027758954659647763,0.0027111351351351352
レイトギャップ,マイジャグラーV,full,15,74,0.0026786521108639245,0.002621716216216216
レイトギャップ,マイジャグラーV,full,16,74,0.002550984454498048,0.0025066756756756754
レイトギャップ,マイジャグラーV,full,17,73,0.0025124727927411483,0.0024666027397260274
レイトギャップ,マイジャグラーV,full,18,74,0.0027052389590330288,0.0026230135135135134
レイトギャップ,マイジャグラーV,full,19,75,0.002641215698597445,0.0025477866666666666
レイトギャップ,マイジャグラーV,full,20,80,0.0025179626344235574,0.002442525
レイトギャップ,マイジャグラーV,full,21,80,0.0026940055365627944,0.002657
レイトギャップ,マイジャグラーV,full,22,80,0.002690866214679749,0.0025976124999999997
レイトギャップ,マイジャグラーV,full,23,76,0.0026399967081255156,0.002614671052631579
レイトギャップ,マイジャグラーV,full,24,75,0.0027517874383239235,0.0026554400000000002
レイトギャップ,マイジャグラーV,full,25,80,0.0027728532193089573,0.0026558625
レイトギャップ,マイジャグラーV,full,26,80,0.0027096790305806634,0.0026376
レイトギャップ,マイジャグラーV,full,27,80,0.0025834459162546574,0.0024920999999999997
レイトギャップ,マイジャグラーV,full,28,80,0.00251669449081803,0.0024493874999999997
レイトギャップ,マイジャグラーV,full,29,75,0.002651224302682476,0.0026095066666666665
レイトギャップ,マイジャグラーV,full,30,75,0.00297542095444185,0.00287256
レイトギャップ,マイジャグラーV,full,31,41,0.0027506693151394764,0.0026053170731707314
レイトギャップ,マイジャグラーV,recent60d,1,10,0.0028863628264975236,0.0027995
レイトギャップ,マイジャグラーV,recent60d,2,10,0.0025563772482424907,0.0024561
レイトギャップ,マイジャグラーV,recent60d,3,10,0.002472010462186214,0.0024541
レイトギャップ,マイジャグラーV,recent60d,4,10,0.002630666960713273,0.0025782
レイトギャップ,マイジャグラーV,recent60d,5,5,0.0022526308711293412,0.0022336
レイトギャップ,マイジャグラーV,recent60d,6,10,0.003196770634841039,0.0031902
レイトギャップ,マイジャグラーV,recent60d,7,10,0.0024952494289717654,0.0024795
レイトギャップ,マイジャグラーV,recent60d,8,9,0.0027249163694366293,0.0026718888888888886
レイトギャップ,マイジャグラーV,recent60d,9,10,0.00274127361233407,0.0027172999999999998
レイトギャップ,マイジャグラーV,recent60d,10,10,0.0026379656009285638,0.002652
レイトギャップ,マイジャグラーV,recent60d,11,9,0.002775875121669851,0.002795666666666667
レイトギャップ,マイジャグラーV,recent60d,12,4,0.0026882783158727022,0.0026495
レイトギャップ,マイジャグラーV,recent60d,13,9,0.002849679411066255,0.002718
レイトギャップ,マイジャグラーV,recent60d,14,9,0.002780987446387654,0.0026376666666666666
レイトギャップ,マイジャグラーV,recent60d,15,9,0.0023614240648940966,0.0023377777777777776
レイトギャップ,マイジャグラーV,recent60d,16,9,0.002202417537389879,0.002200444444444444
レイトギャップ,マイジャグラーV,recent60d,17,9,0.0025121627598407785,0.0025233333333333336
レイトギャップ,マイジャグラーV,recent60d,18,9,0.002232917100242803,0.002211222222222222
レイトギャップ,マイジャグラーV,recent60d,19,10,0.0026435988191925272,0.0026331
レイトギャップ,マイジャグラーV,recent60d,20,10,0.0024334259530918315,0.0023682
レイトギャップ,マイジャグラーV,recent60d,21,10,0.002391156400022072,0.0023732
レイトギャップ,マイジャグラーV,recent60d,22,10,0.0027094950129584543,0.0026985
レイトギャップ,マイジャグラーV,recent60d,23,10,0.0025425123012727518,0.0025383
レイトギャップ,マイジャグラーV,recent60d,24,10,0.0026425128801728435,0.0026442
レイトギャップ,マイジャグラーV,recent60d,25,10,0.0029671416535404227,0.0027110000000000003
レイトギャップ,マイジャグラーV,recent60d,26,10,0.002802916225604938,0.0027241
レイトギャップ,マイジャグラーV,recent60d,27,10,0.0027127788554801163,0.0026826
レイトギャップ,マイジャグラーV,recent60d,28,10,0.0024576647428172765,0.0024056
レイトギャップ,マイジャグラーV,recent60d,29,10,0.002668529264273945,0.0026167
レイトギャップ,マイジャグラーV,recent60d,30,10,0.003480985118788617,0.0033753999999999998
レイトギャップ,マイジャグラーV,recent60d,31,5,0.004271788990825688,0.004286
