hall,granularity,group_value,axis,outcome,axis_level,axis_level_order,n,avg_diff,plus_rate,hit104_rate
蒲田1,kakuban,20,dd,hit104,1,1,57,124.56140350877193,49.122807017543856,35.08771929824561
蒲田1,kakuban,20,dd,hit104,2,2,56,64.28571428571429,42.857142857142854,26.785714285714285
蒲田1,kakuban,20,dd,hit104,3,3,54,-66.66666666666667,44.44444444444444,31.48148148148148
蒲田1,kakuban,20,dd,hit104,4,4,53,-477.35849056603774,28.30188679245283,18.867924528301888
蒲田1,kakuban,20,dd,hit104,5,5,54,-170.37037037037038,35.18518518518518,24.074074074074073
蒲田1,kakuban,20,dd,hit104,6,6,52,-501.9230769230769,32.69230769230769,13.461538461538462
蒲田1,kakuban,20,dd,hit104,7,7,54,87.03703703703704,48.148148148148145,22.22222222222222
蒲田1,kakuban,20,dd,hit104,8,8,53,-100.0,41.509433962264154,26.41509433962264
蒲田1,kakuban,20,dd,hit104,9,9,54,175.92592592592592,42.592592592592595,37.03703703703704
蒲田1,kakuban,20,dd,hit104,10,10,54,564.8148148148148,48.148148148148145,31.48148148148148
蒲田1,kakuban,20,dd,hit104,11,11,54,892.5925925925926,50.0,40.74074074074074
蒲田1,kakuban,20,dd,hit104,12,12,50,22.0,36.0,22.0
蒲田1,kakuban,20,dd,hit104,13,13,53,-205.66037735849056,41.509433962264154,30.18867924528302
蒲田1,kakuban,20,dd,hit104,14,14,54,153.7037037037037,44.44444444444444,29.629629629629626
蒲田1,kakuban,20,dd,hit104,15,15,53,-354.7169811320755,32.075471698113205,22.641509433962266
蒲田1,kakuban,20,dd,hit104,16,16,54,-251.85185185185185,25.925925925925924,20.37037037037037
蒲田1,kakuban,20,dd,hit104,17,17,54,400.0,42.592592592592595,29.629629629629626
蒲田1,kakuban,20,dd,hit104,18,18,51,31.372549019607842,39.21568627450981,27.450980392156865
蒲田1,kakuban,20,dd,hit104,19,19,51,-196.07843137254903,41.17647058823529,31.372549019607842
蒲田1,kakuban,20,dd,hit104,20,20,50,-52.0,34.0,22.0
蒲田1,kakuban,20,dd,hit104,21,21,51,0.0,41.17647058823529,29.411764705882355
蒲田1,kakuban,20,dd,hit104,22,22,51,-54.90196078431372,33.33333333333333,21.568627450980394
蒲田1,kakuban,20,dd,hit104,23,23,50,-174.0,24.0,18.0
蒲田1,kakuban,20,dd,hit104,24,24,49,-355.1020408163265,34.69387755102041,24.489795918367346
蒲田1,kakuban,20,dd,hit104,25,25,50,606.0,64.0,52.0
蒲田1,kakuban,20,dd,hit104,26,26,49,-36.734693877551024,38.775510204081634,30.612244897959183
蒲田1,kakuban,20,dd,hit104,27,27,51,-403.921568627451,41.17647058823529,31.372549019607842
蒲田1,kakuban,20,dd,hit104,28,28,51,296.078431372549,35.294117647058826,25.49019607843137
蒲田1,kakuban,20,dd,hit104,29,29,44,-290.90909090909093,34.090909090909086,22.727272727272727
蒲田1,kakuban,20,dd,hit104,30,30,45,177.77777777777777,46.666666666666664,35.55555555555556
蒲田1,kakuban,20,dd,hit104,31,31,27,881.4814814814815,48.148148148148145,37.03703703703704
蒲田1,kakuban,18,dd,plus,1,1,57,768.421052631579,49.122807017543856,40.35087719298245
蒲田1,kakuban,18,dd,plus,2,2,57,-273.6842105263158,24.561403508771928,19.298245614035086
蒲田1,kakuban,18,dd,plus,3,3,54,-250.0,27.77777777777778,18.51851851851852
蒲田1,kakuban,18,dd,plus,4,4,52,384.61538461538464,48.07692307692308,32.69230769230769
蒲田1,kakuban,18,dd,plus,5,5,54,259.25925925925924,40.74074074074074,29.629629629629626
蒲田1,kakuban,18,dd,plus,6,6,53,290.5660377358491,45.28301886792453,33.9622641509434
蒲田1,kakuban,18,dd,plus,7,7,54,355.55555555555554,51.85185185185185,29.629629629629626
蒲田1,kakuban,18,dd,plus,8,8,52,-134.6153846153846,32.69230769230769,21.153846153846153
蒲田1,kakuban,18,dd,plus,9,9,54,-377.77777777777777,33.33333333333333,16.666666666666664
蒲田1,kakuban,18,dd,plus,10,10,52,426.9230769230769,40.38461538461539,32.69230769230769
蒲田1,kakuban,18,dd,plus,11,11,54,411.1111111111111,40.74074074074074,31.48148148148148
蒲田1,kakuban,18,dd,plus,12,12,51,-92.15686274509804,35.294117647058826,27.450980392156865
蒲田1,kakuban,18,dd,plus,13,13,54,192.59259259259258,46.2962962962963,31.48148148148148
蒲田1,kakuban,18,dd,plus,14,14,52,-528.8461538461538,25.0,15.384615384615385
蒲田1,kakuban,18,dd,plus,15,15,52,92.3076923076923,46.15384615384615,26.923076923076923
蒲田1,kakuban,18,dd,plus,16,16,51,-239.2156862745098,37.254901960784316,21.568627450980394
蒲田1,kakuban,18,dd,plus,17,17,54,-229.62962962962962,48.148148148148145,35.18518518518518
蒲田1,kakuban,18,dd,plus,18,18,50,-184.0,38.0,30.0
蒲田1,kakuban,18,dd,plus,19,19,51,-7.8431372549019605,39.21568627450981,29.411764705882355
蒲田1,kakuban,18,dd,plus,20,20,48,150.0,31.25,22.916666666666664
蒲田1,kakuban,18,dd,plus,21,21,51,-347.05882352941177,35.294117647058826,21.568627450980394
蒲田1,kakuban,18,dd,plus,22,22,50,266.0,46.0,26.0
蒲田1,kakuban,18,dd,plus,23,23,49,-136.73469387755102,34.69387755102041,22.448979591836736
蒲田1,kakuban,18,dd,plus,24,24,48,-100.0,33.33333333333333,27.083333333333332
蒲田1,kakuban,18,dd,plus,25,25,50,70.0,36.0,28.000000000000004
蒲田1,kakuban,18,dd,plus,26,26,46,117.3913043478261,43.47826086956522,30.434782608695656
蒲田1,kakuban,18,dd,plus,27,27,51,-421.5686274509804,43.13725490196079,29.411764705882355
蒲田1,kakuban,18,dd,plus,28,28,48,-120.83333333333333,31.25,22.916666666666664
蒲田1,kakuban,18,dd,plus,29,29,41,-136.58536585365854,31.70731707317073,21.951219512195124
蒲田1,kakuban,18,dd,plus,30,30,45,795.5555555555555,60.0,48.888888888888886
蒲田1,kakuban,18,dd,plus,31,31,27,800.0,48.148148148148145,37.03703703703704
蒲田1,kakuban,14,dd,plus,1,1,143,-169.93006993006992,33.56643356643357,25.874125874125873
蒲田1,kakuban,14,dd,plus,2,2,140,167.85714285714286,40.714285714285715,32.857142857142854
蒲田1,kakuban,14,dd,plus,3,3,132,-46.21212121212121,32.57575757575758,25.757575757575758
蒲田1,kakuban,14,dd,plus,4,4,129,-107.75193798449612,37.98449612403101,29.457364341085274
蒲田1,kakuban,14,dd,plus,5,5,128,-37.5,37.5,26.5625
蒲田1,kakuban,14,dd,plus,6,6,127,-10.236220472440944,42.51968503937008,27.559055118110237
蒲田1,kakuban,14,dd,plus,7,7,136,713.9705882352941,50.0,36.029411764705884
蒲田1,kakuban,14,dd,plus,8,8,131,225.95419847328245,40.458015267175576,31.297709923664126
蒲田1,kakuban,14,dd,plus,9,9,132,446.969696969697,45.45454545454545,35.60606060606061
蒲田1,kakuban,14,dd,plus,10,10,133,45.11278195488722,39.097744360902254,29.32330827067669
蒲田1,kakuban,14,dd,plus,11,11,136,105.88235294117646,39.705882352941174,29.411764705882355
蒲田1,kakuban,14,dd,plus,12,12,124,39.516129032258064,45.16129032258064,33.87096774193548
蒲田1,kakuban,14,dd,plus,13,13,127,433.8582677165354,46.45669291338583,35.43307086614173
蒲田1,kakuban,14,dd,plus,14,14,129,148.8372093023256,39.53488372093023,29.457364341085274
蒲田1,kakuban,14,dd,plus,15,15,125,488.0,47.199999999999996,39.2
蒲田1,kakuban,14,dd,plus,16,16,128,-76.5625,27.34375,20.3125
蒲田1,kakuban,14,dd,plus,17,17,136,127.94117647058823,38.970588235294116,25.735294117647058
蒲田1,kakuban,14,dd,plus,18,18,121,264.46280991735534,47.93388429752066,38.01652892561984
蒲田1,kakuban,14,dd,plus,19,19,123,39.83739837398374,36.58536585365854,27.64227642276423
蒲田1,kakuban,14,dd,plus,20,20,125,-48.8,33.6,24.0
蒲田1,kakuban,14,dd,plus,21,21,127,411.81102362204723,41.732283464566926,32.28346456692913
蒲田1,kakuban,14,dd,plus,22,22,129,32.55813953488372,34.883720930232556,27.131782945736433
蒲田1,kakuban,14,dd,plus,23,23,125,-61.6,39.2,28.000000000000004
蒲田1,kakuban,14,dd,plus,24,24,124,-304.03225806451616,25.0,20.967741935483872
蒲田1,kakuban,14,dd,plus,25,25,118,45.76271186440678,39.83050847457627,31.35593220338983
蒲田1,kakuban,14,dd,plus,26,26,122,-271.3114754098361,29.508196721311474,22.950819672131146
蒲田1,kakuban,14,dd,plus,27,27,129,-158.91472868217053,37.98449612403101,28.68217054263566
蒲田1,kakuban,14,dd,plus,28,28,126,46.03174603174603,34.92063492063492,28.57142857142857
蒲田1,kakuban,14,dd,plus,29,29,110,-94.54545454545455,30.909090909090907,22.727272727272727
蒲田1,kakuban,14,dd,plus,30,30,114,0.8771929824561403,41.228070175438596,32.45614035087719
蒲田1,kakuban,14,dd,plus,31,31,64,295.3125,48.4375,35.9375
蒲田1,kakuban,19,is_x_day,plus,0,0,1107,-14.724480578139115,35.95302619692863,25.203252032520325
蒲田1,kakuban,19,is_x_day,plus,1,1,464,101.9396551724138,45.474137931034484,30.603448275862068
蒲田1,kakuban,18,is_x_day,plus,0,0,1098,-17.48633879781421,36.6120218579235,25.956284153005466
蒲田1,kakuban,18,is_x_day,plus,1,1,464,200.43103448275863,45.9051724137931,31.68103448275862
蒲田1,kakuban,19,dd,plus,1,1,57,-156.140350877193,38.59649122807017,28.07017543859649
蒲田1,kakuban,19,dd,plus,2,2,55,220.0,47.27272727272727,27.27272727272727
蒲田1,kakuban,19,dd,plus,3,3,54,-55.55555555555556,37.03703703703704,29.629629629629626
蒲田1,kakuban,19,dd,plus,4,4,51,-282.3529411764706,27.450980392156865,19.607843137254903
蒲田1,kakuban,19,dd,plus,5,5,54,681.4814814814815,53.70370370370371,42.592592592592595
蒲田1,kakuban,19,dd,plus,6,6,53,-475.47169811320754,28.30188679245283,15.09433962264151
蒲田1,kakuban,19,dd,plus,7,7,54,74.07407407407408,50.0,35.18518518518518
蒲田1,kakuban,19,dd,plus,8,8,54,-120.37037037037037,40.74074074074074,25.925925925925924
蒲田1,kakuban,19,dd,plus,9,9,54,248.14814814814815,42.592592592592595,33.33333333333333
蒲田1,kakuban,19,dd,plus,10,10,52,-25.0,40.38461538461539,26.923076923076923
蒲田1,kakuban,19,dd,plus,11,11,54,429.6296296296296,53.70370370370371,25.925925925925924
蒲田1,kakuban,19,dd,plus,12,12,50,-570.0,24.0,14.000000000000002
蒲田1,kakuban,19,dd,plus,13,13,53,-113.20754716981132,33.9622641509434,28.30188679245283
蒲田1,kakuban,19,dd,plus,14,14,54,-14.814814814814815,46.2962962962963,31.48148148148148
蒲田1,kakuban,19,dd,plus,15,15,54,40.74074074074074,31.48148148148148,20.37037037037037
蒲田1,kakuban,19,dd,plus,16,16,54,255.55555555555554,38.88888888888889,25.925925925925924
蒲田1,kakuban,19,dd,plus,17,17,54,-138.88888888888889,46.2962962962963,29.629629629629626
蒲田1,kakuban,19,dd,plus,18,18,49,-110.20408163265306,36.734693877551024,26.53061224489796
蒲田1,kakuban,19,dd,plus,19,19,47,119.14893617021276,40.42553191489361,31.914893617021278
蒲田1,kakuban,19,dd,plus,20,20,50,40.0,36.0,24.0
蒲田1,kakuban,19,dd,plus,21,21,50,-58.0,42.0,32.0
蒲田1,kakuban,19,dd,plus,22,22,51,92.15686274509804,39.21568627450981,27.450980392156865
蒲田1,kakuban,19,dd,plus,23,23,48,-285.4166666666667,31.25,16.666666666666664
蒲田1,kakuban,19,dd,plus,24,24,49,-91.83673469387755,26.53061224489796,18.367346938775512
蒲田1,kakuban,19,dd,plus,25,25,47,374.468085106383,38.297872340425535,29.78723404255319
蒲田1,kakuban,19,dd,plus,26,26,51,476.47058823529414,33.33333333333333,27.450980392156865
蒲田1,kakuban,19,dd,plus,27,27,51,201.9607843137255,43.13725490196079,29.411764705882355
蒲田1,kakuban,19,dd,plus,28,28,50,-24.0,28.000000000000004,24.0
蒲田1,kakuban,19,dd,plus,29,29,45,-80.0,37.77777777777778,26.666666666666668
蒲田1,kakuban,19,dd,plus,30,30,45,84.44444444444444,48.888888888888886,33.33333333333333
蒲田1,kakuban,19,dd,plus,31,31,27,-348.14814814814815,33.33333333333333,18.51851851851852
蒲田1,kakuban,16,dd,plus,1,1,106,539.622641509434,44.339622641509436,32.075471698113205
蒲田1,kakuban,16,dd,plus,2,2,103,-20.388349514563107,36.89320388349515,27.184466019417474
蒲田1,kakuban,16,dd,plus,3,3,96,369.7916666666667,45.83333333333333,36.45833333333333
蒲田1,kakuban,16,dd,plus,4,4,98,71.42857142857143,42.857142857142854,32.6530612244898
蒲田1,kakuban,16,dd,plus,5,5,96,726.0416666666666,40.625,34.375
蒲田1,kakuban,16,dd,plus,6,6,98,-61.224489795918366,37.755102040816325,30.612244897959183
蒲田1,kakuban,16,dd,plus,7,7,100,261.0,50.0,40.0
蒲田1,kakuban,16,dd,plus,8,8,91,-21.978021978021978,39.56043956043956,27.472527472527474
蒲田1,kakuban,16,dd,plus,9,9,94,455.3191489361702,46.808510638297875,36.17021276595745
蒲田1,kakuban,16,dd,plus,10,10,96,184.375,39.58333333333333,30.208333333333332
蒲田1,kakuban,16,dd,plus,11,11,100,283.0,47.0,34.0
蒲田1,kakuban,16,dd,plus,12,12,88,-142.04545454545453,32.95454545454545,27.27272727272727
蒲田1,kakuban,16,dd,plus,13,13,95,416.8421052631579,44.21052631578947,33.68421052631579
蒲田1,kakuban,16,dd,plus,14,14,99,236.36363636363637,41.41414141414141,37.37373737373738
蒲田1,kakuban,16,dd,plus,15,15,95,-7.368421052631579,34.73684210526316,25.263157894736842
蒲田1,kakuban,16,dd,plus,16,16,92,84.78260869565217,43.47826086956522,36.95652173913043
蒲田1,kakuban,16,dd,plus,17,17,100,-230.0,34.0,24.0
蒲田1,kakuban,16,dd,plus,18,18,89,123.59550561797752,38.20224719101123,32.58426966292135
蒲田1,kakuban,16,dd,plus,19,19,92,7.608695652173913,33.69565217391305,26.08695652173913
蒲田1,kakuban,16,dd,plus,20,20,90,-544.4444444444445,27.77777777777778,23.333333333333332
蒲田1,kakuban,16,dd,plus,21,21,94,-207.4468085106383,31.914893617021278,23.404255319148938
蒲田1,kakuban,16,dd,plus,22,22,92,306.5217391304348,45.65217391304348,33.69565217391305
蒲田1,kakuban,16,dd,plus,23,23,89,406.7415730337079,47.19101123595505,38.20224719101123
蒲田1,kakuban,16,dd,plus,24,24,88,-247.72727272727272,29.545454545454547,22.727272727272727
蒲田1,kakuban,16,dd,plus,25,25,85,-183.52941176470588,37.64705882352941,28.235294117647058
蒲田1,kakuban,16,dd,plus,26,26,83,-351.8072289156627,32.53012048192771,24.096385542168676
蒲田1,kakuban,16,dd,plus,27,27,95,-61.05263157894737,36.84210526315789,30.526315789473685
蒲田1,kakuban,16,dd,plus,28,28,88,-421.59090909090907,28.40909090909091,18.181818181818183
蒲田1,kakuban,16,dd,plus,29,29,80,253.75,42.5,35.0
蒲田1,kakuban,16,dd,plus,30,30,81,402.4691358024691,46.913580246913575,37.03703703703704
蒲田1,kakuban,16,dd,plus,31,31,50,-456.0,36.0,28.000000000000004
蒲田1,kakuban,20,is_x_day,plus,0,0,1118,-74.95527728085868,37.745974955277276,26.654740608228984
蒲田1,kakuban,20,is_x_day,plus,1,1,465,231.61290322580646,45.376344086021504,31.182795698924732
蒲田1,kakuban,18,day_of_week,hit104,月,0,220,-214.54545454545453,35.45454545454545,22.272727272727273
蒲田1,kakuban,18,day_of_week,hit104,火,1,221,-77.37556561085972,37.10407239819005,24.8868778280543
蒲田1,kakuban,18,day_of_week,hit104,水,2,224,183.03571428571428,41.07142857142857,33.035714285714285
蒲田1,kakuban,18,day_of_week,hit104,木,3,224,44.19642857142857,34.82142857142857,25.0
蒲田1,kakuban,18,day_of_week,hit104,金,4,217,81.10599078341014,39.63133640552996,30.414746543778804
蒲田1,kakuban,18,day_of_week,hit104,土,5,228,18.42105263157895,44.73684210526316,25.0
蒲田1,kakuban,18,day_of_week,hit104,日,6,228,286.8421052631579,42.54385964912281,32.89473684210527
蒲田1,kakuban,3,dd,plus,1,1,551,260.4355716878403,42.10526315789473,33.938294010889294
蒲田1,kakuban,3,dd,plus,2,2,518,-19.305019305019304,36.293436293436294,28.764478764478763
蒲田1,kakuban,3,dd,plus,3,3,501,94.61077844311377,38.92215568862276,30.33932135728543
蒲田1,kakuban,3,dd,plus,4,4,491,176.78207739307535,38.4928716904277,30.346232179226067
蒲田1,kakuban,3,dd,plus,5,5,491,-106.31364562118127,37.06720977596741,29.124236252545828
蒲田1,kakuban,3,dd,plus,6,6,481,0.2079002079002079,37.21413721413722,29.521829521829524
蒲田1,kakuban,3,dd,plus,7,7,530,249.62264150943398,47.54716981132076,37.735849056603776
蒲田1,kakuban,3,dd,plus,8,8,479,73.69519832985387,37.578288100208766,30.062630480167012
蒲田1,kakuban,3,dd,plus,9,9,507,71.99211045364892,41.02564102564102,32.938856015779095
蒲田1,kakuban,3,dd,plus,10,10,507,-105.52268244575937,36.29191321499014,27.021696252465482
蒲田1,kakuban,3,dd,plus,11,11,522,280.07662835249045,40.229885057471265,31.800766283524908
蒲田1,kakuban,3,dd,plus,12,12,462,-122.5108225108225,35.28138528138528,27.48917748917749
蒲田1,kakuban,3,dd,plus,13,13,503,-3.3797216699801194,36.381709741550694,28.82703777335984
蒲田1,kakuban,3,dd,plus,14,14,478,139.7489539748954,37.65690376569037,30.753138075313807
蒲田1,kakuban,3,dd,plus,15,15,486,160.49382716049382,40.74074074074074,33.95061728395062
蒲田1,kakuban,3,dd,plus,16,16,488,-120.08196721311475,34.01639344262295,28.48360655737705
蒲田1,kakuban,3,dd,plus,17,17,518,27.99227799227799,42.084942084942085,32.818532818532816
蒲田1,kakuban,3,dd,plus,18,18,439,128.92938496583145,39.63553530751708,31.435079726651484
蒲田1,kakuban,3,dd,plus,19,19,447,-83.89261744966443,33.78076062639821,27.069351230425053
蒲田1,kakuban,3,dd,plus,20,20,447,-162.1923937360179,33.1096196868009,25.95078299776286
蒲田1,kakuban,3,dd,plus,21,21,475,332.2105263157895,40.63157894736842,29.894736842105264
蒲田1,kakuban,3,dd,plus,22,22,485,232.37113402061857,44.53608247422681,34.22680412371134
蒲田1,kakuban,3,dd,plus,23,23,467,59.95717344753747,33.61884368308351,27.40899357601713
蒲田1,kakuban,3,dd,plus,24,24,438,12.557077625570777,35.38812785388128,29.45205479452055
蒲田1,kakuban,3,dd,plus,25,25,447,-2.460850111856823,39.59731543624161,31.991051454138702
蒲田1,kakuban,3,dd,plus,26,26,435,44.827586206896555,34.02298850574713,26.666666666666668
蒲田1,kakuban,3,dd,plus,27,27,492,102.23577235772358,40.65040650406504,33.33333333333333
蒲田1,kakuban,3,dd,plus,28,28,447,46.75615212527964,35.57046979865772,28.187919463087248
蒲田1,kakuban,3,dd,plus,29,29,402,-211.9402985074627,32.58706467661692,27.114427860696516
蒲田1,kakuban,3,dd,plus,30,30,432,415.50925925925924,46.75925925925926,36.342592592592595
蒲田1,kakuban,3,dd,plus,31,31,259,106.94980694980696,39.768339768339764,30.888030888030887
蒲田1,kakuban,20,day_of_week,hit104,月,0,223,-267.2645739910314,33.18385650224215,21.524663677130047
蒲田1,kakuban,20,day_of_week,hit104,火,1,227,49.33920704845815,39.647577092511014,25.991189427312776
蒲田1,kakuban,20,day_of_week,hit104,水,2,226,34.51327433628319,38.93805309734513,30.973451327433626
蒲田1,kakuban,20,day_of_week,hit104,木,3,227,214.5374449339207,39.647577092511014,29.074889867841406
蒲田1,kakuban,20,day_of_week,hit104,金,4,224,168.75,45.982142857142854,34.82142857142857
蒲田1,kakuban,20,day_of_week,hit104,土,5,228,-12.280701754385966,41.66666666666667,25.877192982456144
蒲田1,kakuban,20,day_of_week,hit104,日,6,228,-84.21052631578948,40.78947368421053,27.631578947368425
蒲田1,kakuban,1,dd,plus,1,1,555,241.981981981982,42.7027027027027,33.153153153153156
蒲田1,kakuban,1,dd,plus,2,2,539,-278.29313543599255,36.178107606679035,26.53061224489796
蒲田1,kakuban,1,dd,plus,3,3,512,-50.5859375,38.671875,31.0546875
蒲田1,kakuban,1,dd,plus,4,4,504,-28.96825396825397,37.301587301587304,30.555555555555557
蒲田1,kakuban,1,dd,plus,5,5,505,-86.33663366336634,37.227722772277225,28.316831683168314
蒲田1,kakuban,1,dd,plus,6,6,502,-155.1792828685259,34.8605577689243,28.087649402390436
蒲田1,kakuban,1,dd,plus,7,7,528,241.47727272727272,45.45454545454545,35.984848484848484
蒲田1,kakuban,1,dd,plus,8,8,508,-55.118110236220474,36.22047244094488,30.511811023622048
蒲田1,kakuban,1,dd,plus,9,9,501,198.20359281437126,40.119760479041915,30.538922155688624
蒲田1,kakuban,1,dd,plus,10,10,513,90.83820662768031,42.69005847953216,31.57894736842105
蒲田1,kakuban,1,dd,plus,11,11,527,177.03984819734345,44.78178368121442,34.53510436432637
蒲田1,kakuban,1,dd,plus,12,12,477,-264.36058700209645,33.123689727463315,25.366876310272534
蒲田1,kakuban,1,dd,plus,13,13,508,-1.3779527559055118,38.38582677165354,28.74015748031496
蒲田1,kakuban,1,dd,plus,14,14,499,-6.613226452905812,35.671342685370746,29.258517034068138
蒲田1,kakuban,1,dd,plus,15,15,504,-248.61111111111111,34.92063492063492,27.976190476190478
蒲田1,kakuban,1,dd,plus,16,16,498,-263.0522088353414,32.329317269076306,25.301204819277107
蒲田1,kakuban,1,dd,plus,17,17,525,71.23809523809524,41.904761904761905,32.38095238095238
蒲田1,kakuban,1,dd,plus,18,18,466,-170.1716738197425,33.47639484978541,26.824034334763947
蒲田1,kakuban,1,dd,plus,19,19,462,-36.36363636363637,37.01298701298701,26.83982683982684
蒲田1,kakuban,1,dd,plus,20,20,481,-95.21829521829522,34.0956340956341,27.650727650727653
蒲田1,kakuban,1,dd,plus,21,21,486,-39.711934156378604,39.300411522633745,30.864197530864196
蒲田1,kakuban,1,dd,plus,22,22,486,-66.2551440329218,38.68312757201646,30.45267489711934
蒲田1,kakuban,1,dd,plus,23,23,477,-0.6289308176100629,33.542976939203356,26.62473794549266
蒲田1,kakuban,1,dd,plus,24,24,461,-143.8177874186551,35.140997830802604,27.331887201735356
蒲田1,kakuban,1,dd,plus,25,25,464,-125.0,37.93103448275862,29.74137931034483
蒲田1,kakuban,1,dd,plus,26,26,458,-82.96943231441048,35.1528384279476,27.074235807860266
蒲田1,kakuban,1,dd,plus,27,27,495,-352.72727272727275,34.74747474747475,25.656565656565654
蒲田1,kakuban,1,dd,plus,28,28,469,-217.69722814498934,33.688699360341154,25.79957356076759
蒲田1,kakuban,1,dd,plus,29,29,413,-88.37772397094432,36.56174334140436,25.181598062954
蒲田1,kakuban,1,dd,plus,30,30,439,252.84738041002277,44.19134396355353,36.674259681093396
蒲田1,kakuban,1,dd,plus,31,31,258,92.24806201550388,37.98449612403101,29.457364341085274
蒲田1,kakuban,2,dd,plus,1,1,549,240.61930783242258,43.71584699453552,34.244080145719494
蒲田1,kakuban,2,dd,plus,2,2,524,92.36641221374046,38.3587786259542,29.961832061068705
蒲田1,kakuban,2,dd,plus,3,3,504,170.43650793650792,41.07142857142857,33.53174603174603
蒲田1,kakuban,2,dd,plus,4,4,501,60.678642714570856,37.5249500998004,29.94011976047904
蒲田1,kakuban,2,dd,plus,5,5,493,-35.699797160243406,36.91683569979716,30.425963488843816
蒲田1,kakuban,2,dd,plus,6,6,486,143.62139917695472,38.065843621399175,30.864197530864196
蒲田1,kakuban,2,dd,plus,7,7,529,17.391304347826086,41.02079395085066,31.379962192816635
蒲田1,kakuban,2,dd,plus,8,8,482,103.3195020746888,35.06224066390041,27.385892116182575
蒲田1,kakuban,2,dd,plus,9,9,501,52.69461077844311,39.12175648702595,31.3373253493014
蒲田1,kakuban,2,dd,plus,10,10,507,214.5956607495069,40.433925049309664,32.74161735700197
蒲田1,kakuban,2,dd,plus,11,11,522,353.2567049808429,45.21072796934866,36.206896551724135
蒲田1,kakuban,2,dd,plus,12,12,460,-188.91304347826087,32.391304347826086,27.173913043478258
蒲田1,kakuban,2,dd,plus,13,13,494,91.90283400809717,38.46153846153847,30.971659919028337
蒲田1,kakuban,2,dd,plus,14,14,475,156.0,38.526315789473685,32.0
蒲田1,kakuban,2,dd,plus,15,15,494,99.59514170040485,37.65182186234818,29.352226720647774
蒲田1,kakuban,2,dd,plus,16,16,480,-195.0,33.125,24.583333333333332
蒲田1,kakuban,2,dd,plus,17,17,522,3.256704980842912,41.95402298850575,31.417624521072796
蒲田1,kakuban,2,dd,plus,18,18,449,107.12694877505568,32.071269487750556,26.948775055679285
蒲田1,kakuban,2,dd,plus,19,19,449,61.69265033407572,35.634743875278396,28.06236080178174
蒲田1,kakuban,2,dd,plus,20,20,463,64.14686825053995,39.30885529157667,31.96544276457883
蒲田1,kakuban,2,dd,plus,21,21,476,8.403361344537815,36.134453781512605,28.991596638655466
蒲田1,kakuban,2,dd,plus,22,22,486,79.21810699588477,37.242798353909464,27.77777777777778
蒲田1,kakuban,2,dd,plus,23,23,452,-67.03539823008849,30.53097345132743,25.0
蒲田1,kakuban,2,dd,plus,24,24,443,-39.9548532731377,34.988713318284425,26.185101580135438
蒲田1,kakuban,2,dd,plus,25,25,463,-3.4557235421166306,37.365010799136066,29.15766738660907
蒲田1,kakuban,2,dd,plus,26,26,439,-42.14123006833713,34.62414578587699,26.879271070615037
蒲田1,kakuban,2,dd,plus,27,27,497,328.57142857142856,39.839034205231385,31.18712273641851
蒲田1,kakuban,2,dd,plus,28,28,461,-111.71366594360087,35.35791757049891,29.067245119305856
蒲田1,kakuban,2,dd,plus,29,29,405,-29.382716049382715,38.02469135802469,29.876543209876544
蒲田1,kakuban,2,dd,plus,30,30,429,314.45221445221443,41.72494172494173,32.86713286713287
蒲田1,kakuban,2,dd,plus,31,31,255,444.70588235294116,48.627450980392155,38.03921568627451
蒲田1,kakuban,17,dd,plus,1,1,103,249.51456310679612,45.63106796116505,36.89320388349515
蒲田1,kakuban,17,dd,plus,2,2,100,-248.0,31.0,25.0
蒲田1,kakuban,17,dd,plus,3,3,95,5.2631578947368425,34.73684210526316,27.368421052631582
蒲田1,kakuban,17,dd,plus,4,4,92,-266.30434782608694,34.78260869565217,23.91304347826087
蒲田1,kakuban,17,dd,plus,5,5,95,-235.78947368421052,34.73684210526316,25.263157894736842
蒲田1,kakuban,17,dd,plus,6,6,93,486.02150537634407,43.01075268817204,33.33333333333333
蒲田1,kakuban,17,dd,plus,7,7,97,-63.91752577319588,47.42268041237113,32.98969072164948
蒲田1,kakuban,17,dd,plus,8,8,92,42.391304347826086,36.95652173913043,33.69565217391305
蒲田1,kakuban,17,dd,plus,9,9,95,114.73684210526316,38.94736842105263,29.47368421052631
蒲田1,kakuban,17,dd,plus,10,10,95,-346.3157894736842,36.84210526315789,28.421052631578945
蒲田1,kakuban,17,dd,plus,11,11,97,-12.371134020618557,45.36082474226804,35.051546391752574
蒲田1,kakuban,17,dd,plus,12,12,90,-172.22222222222223,30.0,24.444444444444443
蒲田1,kakuban,17,dd,plus,13,13,95,118.94736842105263,43.15789473684211,31.57894736842105
蒲田1,kakuban,17,dd,plus,14,14,95,-318.94736842105266,32.631578947368425,24.210526315789473
蒲田1,kakuban,17,dd,plus,15,15,92,129.34782608695653,35.869565217391305,27.173913043478258
蒲田1,kakuban,17,dd,plus,16,16,96,-268.75,30.208333333333332,18.75
蒲田1,kakuban,17,dd,plus,17,17,98,-468.3673469387755,30.612244897959183,23.46938775510204
蒲田1,kakuban,17,dd,plus,18,18,89,-14.606741573033707,38.20224719101123,30.337078651685395
蒲田1,kakuban,17,dd,plus,19,19,90,280.0,40.0,31.11111111111111
蒲田1,kakuban,17,dd,plus,20,20,92,50.0,44.565217391304344,35.869565217391305
蒲田1,kakuban,17,dd,plus,21,21,92,244.56521739130434,43.47826086956522,34.78260869565217
蒲田1,kakuban,17,dd,plus,22,22,92,29.347826086956523,44.565217391304344,31.521739130434785
蒲田1,kakuban,17,dd,plus,23,23,86,180.2325581395349,41.86046511627907,33.72093023255814
蒲田1,kakuban,17,dd,plus,24,24,89,-133.7078651685393,32.58426966292135,25.842696629213485
蒲田1,kakuban,17,dd,plus,25,25,87,26.436781609195403,29.88505747126437,22.988505747126435
蒲田1,kakuban,17,dd,plus,26,26,87,-12.64367816091954,37.93103448275862,28.735632183908045
蒲田1,kakuban,17,dd,plus,27,27,93,21.50537634408602,46.236559139784944,36.55913978494624
蒲田1,kakuban,17,dd,plus,28,28,91,458.24175824175825,49.45054945054945,38.46153846153847
蒲田1,kakuban,17,dd,plus,29,29,81,-396.2962962962963,37.03703703703704,32.098765432098766
蒲田1,kakuban,17,dd,plus,30,30,82,-89.02439024390245,34.146341463414636,28.04878048780488
蒲田1,kakuban,17,dd,plus,31,31,48,-479.1666666666667,39.58333333333333,29.166666666666668
蒲田1,kakuban,16,dd_bin,plus,1-7,0,697,268.86657101865137,42.61119081779053,33.28550932568149
蒲田1,kakuban,16,dd_bin,plus,8-14,1,663,207.0889894419306,41.77978883861237,32.42835595776772
蒲田1,kakuban,16,dd_bin,plus,15-21,2,652,-111.50306748466258,34.8159509202454,27.300613496932513
蒲田1,kakuban,16,dd_bin,plus,22-28,3,620,-72.74193548387096,36.935483870967744,28.064516129032256
蒲田1,kakuban,16,dd_bin,plus,29-31,4,211,142.65402843601896,42.65402843601896,34.12322274881517
蒲田1,kakuban,6,dd,hit104,1,1,457,257.3304157549234,41.35667396061269,32.822757111597376
蒲田1,kakuban,6,dd,hit104,2,2,434,-24.193548387096776,36.86635944700461,30.64516129032258
蒲田1,kakuban,6,dd,hit104,3,3,417,-231.89448441247004,32.853717026378895,24.700239808153476
蒲田1,kakuban,6,dd,hit104,4,4,404,391.08910891089107,45.04950495049505,35.89108910891089
蒲田1,kakuban,6,dd,hit104,5,5,399,90.97744360902256,40.6015037593985,29.82456140350877
蒲田1,kakuban,6,dd,hit104,6,6,413,256.90072639225184,38.983050847457626,31.476997578692494
蒲田1,kakuban,6,dd,hit104,7,7,440,294.3181818181818,48.40909090909091,39.09090909090909
蒲田1,kakuban,6,dd,hit104,8,8,409,222.98288508557457,36.43031784841076,29.095354523227385
蒲田1,kakuban,6,dd,hit104,9,9,408,380.88235294117646,45.09803921568628,37.99019607843137
蒲田1,kakuban,6,dd,hit104,10,10,417,455.3956834532374,42.20623501199041,33.573141486810556
蒲田1,kakuban,6,dd,hit104,11,11,433,318.9376443418014,42.032332563510394,33.25635103926097
蒲田1,kakuban,6,dd,hit104,12,12,380,-64.73684210526316,36.578947368421055,28.157894736842103
蒲田1,kakuban,6,dd,hit104,13,13,410,12.926829268292684,39.02439024390244,33.65853658536586
蒲田1,kakuban,6,dd,hit104,14,14,390,80.51282051282051,35.64102564102564,28.717948717948715
蒲田1,kakuban,6,dd,hit104,15,15,404,-9.158415841584159,37.12871287128713,27.722772277227726
蒲田1,kakuban,6,dd,hit104,16,16,400,60.25,38.25,28.999999999999996
蒲田1,kakuban,6,dd,hit104,17,17,437,-198.8558352402746,37.07093821510298,27.68878718535469
蒲田1,kakuban,6,dd,hit104,18,18,377,-170.55702917771885,35.54376657824933,27.320954907161806
蒲田1,kakuban,6,dd,hit104,19,19,373,184.98659517426273,38.605898123324394,31.63538873994638
蒲田1,kakuban,6,dd,hit104,20,20,376,30.0531914893617,38.56382978723404,28.98936170212766
蒲田1,kakuban,6,dd,hit104,21,21,402,262.6865671641791,41.29353233830846,31.8407960199005
蒲田1,kakuban,6,dd,hit104,22,22,404,152.47524752475246,42.57425742574257,34.15841584158416
蒲田1,kakuban,6,dd,hit104,23,23,380,159.21052631578948,41.05263157894737,33.1578947368421
蒲田1,kakuban,6,dd,hit104,24,24,369,35.50135501355014,36.856368563685635,27.64227642276423
蒲田1,kakuban,6,dd,hit104,25,25,378,223.2804232804233,40.476190476190474,32.27513227513227
蒲田1,kakuban,6,dd,hit104,26,26,366,68.30601092896175,37.97814207650273,31.967213114754102
蒲田1,kakuban,6,dd,hit104,27,27,413,174.33414043583534,38.7409200968523,31.719128329297817
蒲田1,kakuban,6,dd,hit104,28,28,393,-3.053435114503817,37.913486005089055,30.279898218829516
蒲田1,kakuban,6,dd,hit104,29,29,341,-31.378299120234605,34.31085043988269,24.926686217008797
蒲田1,kakuban,6,dd,hit104,30,30,364,140.1098901098901,43.13186813186813,35.714285714285715
蒲田1,kakuban,6,dd,hit104,31,31,215,306.04651162790697,41.86046511627907,34.883720930232556
蒲田1,kakuban,19,day_of_week,hit104,月,0,223,90.5829596412556,42.152466367713004,29.14798206278027
蒲田1,kakuban,19,day_of_week,hit104,火,1,221,62.89592760180995,38.46153846153847,32.126696832579185
蒲田1,kakuban,19,day_of_week,hit104,水,2,226,-137.61061946902655,34.95575221238938,22.123893805309734
蒲田1,kakuban,19,day_of_week,hit104,木,3,224,133.03571428571428,41.07142857142857,29.464285714285715
蒲田1,kakuban,19,day_of_week,hit104,金,4,221,12.217194570135746,35.294117647058826,23.076923076923077
蒲田1,kakuban,19,day_of_week,hit104,土,5,228,56.14035087719298,42.10526315789473,28.50877192982456
蒲田1,kakuban,19,day_of_week,hit104,日,6,228,-75.87719298245614,37.280701754385966,23.24561403508772
蒲田1,kakuban,3,is_x_day,plus,0,0,10162,16.669946860854164,36.685691792954145,29.36429836646329
蒲田1,kakuban,3,is_x_day,plus,1,1,4463,189.91709612368362,42.415415639704236,33.16155052655165
蒲田1,kakuban,10,dd,plus,1,1,459,350.1089324618736,44.66230936819172,33.98692810457516
蒲田1,kakuban,10,dd,plus,2,2,442,179.63800904977376,38.91402714932127,32.57918552036199
蒲田1,kakuban,10,dd,plus,3,3,423,38.53427895981088,38.77068557919622,29.078014184397162
蒲田1,kakuban,10,dd,plus,4,4,416,25.240384615384617,38.94230769230769,29.807692307692307
蒲田1,kakuban,10,dd,plus,5,5,411,-59.12408759124087,35.27980535279806,27.73722627737226
蒲田1,kakuban,10,dd,plus,6,6,420,114.04761904761905,38.333333333333336,31.19047619047619
蒲田1,kakuban,10,dd,plus,7,7,441,258.0498866213152,43.53741496598639,35.600907029478456
蒲田1,kakuban,10,dd,plus,8,8,414,-101.20772946859903,38.405797101449274,28.985507246376812
蒲田1,kakuban,10,dd,plus,9,9,420,-19.285714285714285,36.904761904761905,29.523809523809526
蒲田1,kakuban,10,dd,plus,10,10,429,187.4125874125874,44.52214452214452,34.731934731934736
蒲田1,kakuban,10,dd,plus,11,11,437,172.3112128146453,43.93592677345538,33.63844393592677
蒲田1,kakuban,10,dd,plus,12,12,389,-34.96143958868895,36.50385604113111,28.79177377892031
蒲田1,kakuban,10,dd,plus,13,13,415,103.13253012048193,41.68674698795181,32.04819277108434
蒲田1,kakuban,10,dd,plus,14,14,408,19.362745098039216,40.19607843137255,30.14705882352941
蒲田1,kakuban,10,dd,plus,15,15,409,169.92665036674816,39.60880195599022,31.784841075794624
蒲田1,kakuban,10,dd,plus,16,16,409,-198.28850855745722,38.386308068459655,28.606356968215156
蒲田1,kakuban,10,dd,plus,17,17,438,133.10502283105023,41.78082191780822,28.31050228310502
蒲田1,kakuban,10,dd,plus,18,18,382,-85.6020942408377,36.12565445026178,30.36649214659686
蒲田1,kakuban,10,dd,plus,19,19,385,-84.93506493506493,36.62337662337662,29.61038961038961
蒲田1,kakuban,10,dd,plus,20,20,396,-154.04040404040404,32.07070707070707,26.262626262626267
蒲田1,kakuban,10,dd,plus,21,21,406,-206.89655172413794,35.221674876847295,29.064039408866993
蒲田1,kakuban,10,dd,plus,22,22,409,105.13447432762837,43.27628361858191,34.229828850855746
蒲田1,kakuban,10,dd,plus,23,23,390,-116.41025641025641,40.0,32.05128205128205
蒲田1,kakuban,10,dd,plus,24,24,376,44.680851063829785,37.765957446808514,30.851063829787233
蒲田1,kakuban,10,dd,plus,25,25,383,-95.822454308094,35.24804177545692,28.198433420365536
蒲田1,kakuban,10,dd,plus,26,26,382,212.30366492146598,40.05235602094241,32.98429319371728
蒲田1,kakuban,10,dd,plus,27,27,415,-166.74698795180723,38.31325301204819,29.63855421686747
蒲田1,kakuban,10,dd,plus,28,28,396,-158.08080808080808,34.84848484848485,27.02020202020202
蒲田1,kakuban,10,dd,plus,29,29,338,-151.77514792899407,32.84023668639053,25.443786982248522
蒲田1,kakuban,10,dd,plus,30,30,365,369.3150684931507,46.849315068493155,36.16438356164384
蒲田1,kakuban,10,dd,plus,31,31,214,85.04672897196262,40.18691588785047,32.71028037383177
蒲田1,kakuban,12,dd,plus,1,1,216,171.2962962962963,39.351851851851855,27.77777777777778
蒲田1,kakuban,12,dd,plus,2,2,207,-110.14492753623189,41.06280193236715,28.985507246376812
蒲田1,kakuban,12,dd,plus,3,3,205,-223.41463414634146,38.53658536585366,27.80487804878049
蒲田1,kakuban,12,dd,plus,4,4,200,27.0,39.5,26.0
蒲田1,kakuban,12,dd,plus,5,5,192,102.60416666666667,44.27083333333333,32.29166666666667
蒲田1,kakuban,12,dd,plus,6,6,196,-140.30612244897958,37.244897959183675,28.57142857142857
蒲田1,kakuban,12,dd,plus,7,7,208,101.92307692307692,41.34615384615385,30.76923076923077
蒲田1,kakuban,12,dd,plus,8,8,197,126.39593908629442,41.11675126903553,29.949238578680205
蒲田1,kakuban,12,dd,plus,9,9,196,-15.816326530612244,38.775510204081634,29.081632653061224
蒲田1,kakuban,12,dd,plus,10,10,202,-64.35643564356435,36.633663366336634,28.71287128712871
蒲田1,kakuban,12,dd,plus,11,11,206,208.7378640776699,41.74757281553398,31.06796116504854
蒲田1,kakuban,12,dd,plus,12,12,187,-276.47058823529414,32.0855614973262,22.459893048128343
蒲田1,kakuban,12,dd,plus,13,13,202,285.64356435643566,45.54455445544555,29.207920792079207
蒲田1,kakuban,12,dd,plus,14,14,195,-154.87179487179486,34.87179487179487,26.153846153846157
蒲田1,kakuban,12,dd,plus,15,15,194,65.97938144329896,39.175257731958766,30.412371134020617
蒲田1,kakuban,12,dd,plus,16,16,197,-8.121827411167512,38.578680203045685,29.949238578680205
蒲田1,kakuban,12,dd,plus,17,17,206,151.45631067961165,47.57281553398058,33.00970873786408
蒲田1,kakuban,12,dd,plus,18,18,185,90.27027027027027,41.62162162162162,28.10810810810811
蒲田1,kakuban,12,dd,plus,19,19,185,-272.97297297297297,33.513513513513516,24.864864864864867
蒲田1,kakuban,12,dd,plus,20,20,189,263.4920634920635,39.15343915343915,30.158730158730158
蒲田1,kakuban,12,dd,plus,21,21,191,152.87958115183247,41.8848167539267,30.36649214659686
蒲田1,kakuban,12,dd,plus,22,22,192,134.375,39.58333333333333,31.25
蒲田1,kakuban,12,dd,plus,23,23,188,70.74468085106383,37.765957446808514,27.127659574468083
蒲田1,kakuban,12,dd,plus,24,24,184,156.52173913043478,42.934782608695656,34.78260869565217
蒲田1,kakuban,12,dd,plus,25,25,187,-13.368983957219251,36.36363636363637,27.27272727272727
蒲田1,kakuban,12,dd,plus,26,26,187,-142.24598930481284,28.87700534759358,20.855614973262032
蒲田1,kakuban,12,dd,plus,27,27,196,311.2244897959184,47.95918367346938,32.6530612244898
蒲田1,kakuban,12,dd,plus,28,28,190,-190.52631578947367,34.73684210526316,26.31578947368421
蒲田1,kakuban,12,dd,plus,29,29,163,185.27607361963192,42.944785276073624,35.58282208588957
蒲田1,kakuban,12,dd,plus,30,30,172,401.16279069767444,44.76744186046512,35.46511627906977
蒲田1,kakuban,12,dd,plus,31,31,103,-88.3495145631068,43.689320388349515,26.21359223300971
蒲田1,kakuban,9,is_x_day,plus,0,0,8576,16.884328358208954,37.73320895522388,29.850746268656714
蒲田1,kakuban,9,is_x_day,plus,1,1,3743,222.49532460593107,42.85332620892333,33.983435746727224
蒲田1,kakuban,17,day_of_week,hit104,月,0,401,59.600997506234414,40.14962593516209,31.92019950124688
蒲田1,kakuban,17,day_of_week,hit104,火,1,397,-177.07808564231738,35.51637279596977,24.937027707808564
蒲田1,kakuban,17,day_of_week,hit104,水,2,406,70.44334975369458,37.93103448275862,30.541871921182267
蒲田1,kakuban,17,day_of_week,hit104,木,3,397,-273.2997481108312,33.249370277078086,25.188916876574307
蒲田1,kakuban,17,day_of_week,hit104,金,4,394,178.93401015228426,41.370558375634516,31.218274111675125
蒲田1,kakuban,17,day_of_week,hit104,土,5,412,-6.796116504854369,41.50485436893204,32.76699029126214
蒲田1,kakuban,17,day_of_week,hit104,日,6,412,-52.66990291262136,39.32038834951456,31.06796116504854
